{"3": {"0.0": {"time": 0.026462078094482422, "reduction": 0.0, "validation": {"accuracy": 9.090909090909092}, "test": {"accuracy": 10.1010101010101}}, "0.1": {"time": 0.018893718719482422, "reduction": 43.54657687991021, "validation": {"accuracy": 9.090909090909092}, "test": {"accuracy": 10.1010101010101}}, "0.2": {"time": 0.018332958221435547, "reduction": 47.92368125701459, "validation": {"accuracy": 9.090909090909092}, "test": {"accuracy": 10.1010101010101}}, "0.3": {"time": 0.018461942672729492, "reduction": 48.372615039281705, "validation": {"accuracy": 9.20314253647587}, "test": {"accuracy": 8.080808080808081}}, "0.4": {"time": 0.018284082412719727, "reduction": 48.709315375982044, "validation": {"accuracy": 9.20314253647587}, "test": {"accuracy": 8.080808080808081}}, "0.5": {"time": 0.018412113189697266, "reduction": 48.9337822671156, "validation": {"accuracy": 8.978675645342312}, "test": {"accuracy": 9.090909090909092}}, "0.6": {"time": 0.018426179885864258, "reduction": 48.9337822671156, "validation": {"accuracy": 8.978675645342312}, "test": {"accuracy": 9.090909090909092}}, "0.7": {"time": 0.018574953079223633, "reduction": 54.09652076318743, "validation": {"accuracy": 8.754208754208754}, "test": {"accuracy": 12.121212121212121}}, "0.8": {"time": 0.0174868106842041, "reduction": 59.0347923681257, "validation": {"accuracy": 9.090909090909092}, "test": {"accuracy": 9.090909090909092}}, "0.9": {"time": 0.0173952579498291, "reduction": 59.0347923681257, "validation": {"accuracy": 9.090909090909092}, "test": {"accuracy": 9.090909090909092}}, "1.0": {"time": 0.017583131790161133, "reduction": 59.371492704826046, "validation": {"accuracy": 9.090909090909092}, "test": {"accuracy": 9.090909090909092}}}, "4": {"0.0": {"time": 0.02631092071533203, "reduction": 0.0, "validation": {"accuracy": 9.31537598204265}, "test": {"accuracy": 7.07070707070707}}, "0.1": {"time": 0.018365144729614258, "reduction": 48.14814814814815, "validation": {"accuracy": 9.31537598204265}, "test": {"accuracy": 7.07070707070707}}, "0.2": {"time": 0.018513917922973633, "reduction": 48.372615039281705, "validation": {"accuracy": 9.427609427609427}, "test": {"accuracy": 7.07070707070707}}, "0.3": {"time": 0.01851487159729004, "reduction": 48.597081930415264, "validation": {"accuracy": 9.427609427609427}, "test": {"accuracy": 7.07070707070707}}, "0.4": {"time": 0.018709182739257812, "reduction": 48.821548821548824, "validation": {"accuracy": 9.427609427609427}, "test": {"accuracy": 7.07070707070707}}, "0.5": {"time": 0.018213272094726562, "reduction": 49.382716049382715, "validation": {"accuracy": 9.31537598204265}, "test": {"accuracy": 8.080808080808081}}, "0.6": {"time": 0.017937183380126953, "reduction": 53.759820426487096, "validation": {"accuracy": 9.090909090909092}, "test": {"accuracy": 9.090909090909092}}, "0.7": {"time": 0.01737499237060547, "reduction": 58.0246913580247, "validation": {"accuracy": 9.090909090909092}, "test": {"accuracy": 10.1010101010101}}, "0.8": {"time": 0.017503023147583008, "reduction": 58.36139169472503, "validation": {"accuracy": 9.427609427609427}, "test": {"accuracy": 6.0606060606060606}}, "0.9": {"time": 0.016935348510742188, "reduction": 62.62626262626263, "validation": {"accuracy": 9.090909090909092}, "test": {"accuracy": 9.090909090909092}}, "1.0": {"time": 0.01706218719482422, "reduction": 62.738496071829395, "validation": {"accuracy": 9.090909090909092}, "test": {"accuracy": 9.090909090909092}}}, "5": {"0.0": {"time": 0.02674722671508789, "reduction": 0.0, "validation": {"accuracy": 9.427609427609427}, "test": {"accuracy": 5.05050505050505}}, "0.1": {"time": 0.019007205963134766, "reduction": 46.352413019079684, "validation": {"accuracy": 9.427609427609427}, "test": {"accuracy": 5.05050505050505}}, "0.2": {"time": 0.019002914428710938, "reduction": 46.464646464646464, "validation": {"accuracy": 9.090909090909092}, "test": {"accuracy": 9.090909090909092}}, "0.3": {"time": 0.018455982208251953, "reduction": 47.250280583613915, "validation": {"accuracy": 9.20314253647587}, "test": {"accuracy": 4.040404040404041}}, "0.4": {"time": 0.018365144729614258, "reduction": 47.58698092031426, "validation": {"accuracy": 9.427609427609427}, "test": {"accuracy": 6.0606060606060606}}, "0.5": {"time": 0.018460988998413086, "reduction": 47.69921436588104, "validation": {"accuracy": 9.20314253647587}, "test": {"accuracy": 7.07070707070707}}, "0.6": {"time": 0.018439769744873047, "reduction": 47.81144781144781, "validation": {"accuracy": 9.090909090909092}, "test": {"accuracy": 8.080808080808081}}, "0.7": {"time": 0.017511844635009766, "reduction": 57.57575757575757, "validation": {"accuracy": 8.417508417508419}, "test": {"accuracy": 14.14141414141414}}, "0.8": {"time": 0.017445802688598633, "reduction": 57.57575757575757, "validation": {"accuracy": 8.417508417508419}, "test": {"accuracy": 14.14141414141414}}, "0.9": {"time": 0.017346858978271484, "reduction": 57.57575757575757, "validation": {"accuracy": 8.417508417508419}, "test": {"accuracy": 14.14141414141414}}, "1.0": {"time": 0.016878128051757812, "reduction": 62.62626262626263, "validation": {"accuracy": 9.20314253647587}, "test": {"accuracy": 8.080808080808081}}}, "6": {"0.0": {"time": 0.0262148380279541, "reduction": 0.0, "validation": {"accuracy": 8.641975308641975}, "test": {"accuracy": 14.14141414141414}}, "0.1": {"time": 0.019028902053833008, "reduction": 43.20987654320988, "validation": {"accuracy": 8.529741863075197}, "test": {"accuracy": 16.161616161616163}}, "0.2": {"time": 0.0189211368560791, "reduction": 43.54657687991021, "validation": {"accuracy": 8.529741863075197}, "test": {"accuracy": 15.151515151515152}}, "0.3": {"time": 0.019027233123779297, "reduction": 44.107744107744104, "validation": {"accuracy": 9.090909090909092}, "test": {"accuracy": 9.090909090909092}}, "0.4": {"time": 0.018366098403930664, "reduction": 49.158249158249156, "validation": {"accuracy": 9.090909090909092}, "test": {"accuracy": 9.090909090909092}}, "0.5": {"time": 0.01970696449279785, "reduction": 49.494949494949495, "validation": {"accuracy": 9.20314253647587}, "test": {"accuracy": 9.090909090909092}}, "0.6": {"time": 0.01864910125732422, "reduction": 49.60718294051627, "validation": {"accuracy": 9.20314253647587}, "test": {"accuracy": 9.090909090909092}}, "0.7": {"time": 0.01815485954284668, "reduction": 49.60718294051627, "validation": {"accuracy": 9.20314253647587}, "test": {"accuracy": 9.090909090909092}}, "0.8": {"time": 0.019078731536865234, "reduction": 53.98428731762065, "validation": {"accuracy": 9.090909090909092}, "test": {"accuracy": 9.090909090909092}}, "0.9": {"time": 0.01726222038269043, "reduction": 58.24915824915825, "validation": {"accuracy": 9.20314253647587}, "test": {"accuracy": 9.090909090909092}}, "1.0": {"time": 0.01731109619140625, "reduction": 58.47362514029181, "validation": {"accuracy": 9.090909090909092}, "test": {"accuracy": 9.090909090909092}}}, "7": {"0.0": {"time": 0.02628493309020996, "reduction": 0.0, "validation": {"accuracy": 9.090909090909092}, "test": {"accuracy": 8.080808080808081}}, "0.1": {"time": 0.01919102668762207, "reduction": 42.87317620650954, "validation": {"accuracy": 9.090909090909092}, "test": {"accuracy": 9.090909090909092}}, "0.2": {"time": 0.018995046615600586, "reduction": 43.32210998877666, "validation": {"accuracy": 9.20314253647587}, "test": {"accuracy": 9.090909090909092}}, "0.3": {"time": 0.018795013427734375, "reduction": 43.65881032547699, "validation": {"accuracy": 9.090909090909092}, "test": {"accuracy": 10.1010101010101}}, "0.4": {"time": 0.018716812133789062, "reduction": 44.107744107744104, "validation": {"accuracy": 8.978675645342312}, "test": {"accuracy": 9.090909090909092}}, "0.5": {"time": 0.018798828125, "reduction": 44.107744107744104, "validation": {"accuracy": 8.978675645342312}, "test": {"accuracy": 9.090909090909092}}, "0.6": {"time": 0.018812894821166992, "reduction": 44.21997755331088, "validation": {"accuracy": 9.090909090909092},