{"3": {"0.0": {"time": 0.004059791564941406, "reduction": 3.084832904884316, "validation": {"accuracy": 50.38560411311054}, "test": {"accuracy": 60.46511627906976}}, "0.1": {"time": 0.0037670135498046875, "reduction": 34.70437017994858, "validation": {"accuracy": 51.41388174807198}, "test": {"accuracy": 65.11627906976744}}, "0.2": {"time": 0.003072023391723633, "reduction": 34.96143958868895, "validation": {"accuracy": 51.41388174807198}, "test": {"accuracy": 65.11627906976744}}, "0.3": {"time": 0.0024619102478027344, "reduction": 99.22879177377892, "validation": {"accuracy": 47.30077120822622}, "test": {"accuracy": 46.51162790697674}}, "0.4": {"time": 0.002399921417236328, "reduction": 99.22879177377892, "validation": {"accuracy": 47.30077120822622}, "test": {"accuracy": 46.51162790697674}}, "0.5": {"time": 0.0028810501098632812, "reduction": 99.22879177377892, "validation": {"accuracy": 47.30077120822622}, "test": {"accuracy": 46.51162790697674}}, "0.6": {"time": 0.0026307106018066406, "reduction": 99.22879177377892, "validation": {"accuracy": 47.30077120822622}, "test": {"accuracy": 46.51162790697674}}, "0.7": {"time": 0.0021119117736816406, "reduction": 99.22879177377892, "validation": {"accuracy": 46.7866323907455}, "test": {"accuracy": 41.86046511627907}}, "0.8": {"time": 0.0021119117736816406, "reduction": 99.22879177377892, "validation": {"accuracy": 46.7866323907455}, "test": {"accuracy": 41.86046511627907}}, "0.9": {"time": 0.0025811195373535156, "reduction": 99.48586118251927, "validation": {"accuracy": 49.87146529562982}, "test": {"accuracy": 62.7906976744186}}, "1.0": {"time": 0.002421140670776367, "reduction": 99.48586118251927, "validation": {"accuracy": 49.87146529562982}, "test": {"accuracy": 62.7906976744186}}}, "4": {"0.0": {"time": 0.0034792423248291016, "reduction": 2.570694087403602, "validation": {"accuracy": 53.470437017994854}, "test": {"accuracy": 46.51162790697674}}, "0.1": {"time": 0.002780914306640625, "reduction": 67.86632390745501, "validation": {"accuracy": 53.470437017994854}, "test": {"accuracy": 51.162790697674424}}, "0.2": {"time": 0.0023772716522216797, "reduction": 98.20051413881748, "validation": {"accuracy": 53.98457583547558}, "test": {"accuracy": 46.51162790697674}}, "0.3": {"time": 0.002638101577758789, "reduction": 99.22879177377892, "validation": {"accuracy": 53.98457583547558}, "test": {"accuracy": 46.51162790697674}}, "0.4": {"time": 0.003454923629760742, "reduction": 99.22879177377892, "validation": {"accuracy": 53.98457583547558}, "test": {"accuracy": 46.51162790697674}}, "0.5": {"time": 0.0026619434356689453, "reduction": 99.22879177377892, "validation": {"accuracy": 52.95629820051414}, "test": {"accuracy": 46.51162790697674}}, "0.6": {"time": 0.0024042129516601562, "reduction": 99.22879177377892, "validation": {"accuracy": 52.95629820051414}, "test": {"accuracy": 46.51162790697674}}, "0.7": {"time": 0.0027618408203125, "reduction": 99.22879177377892, "validation": {"accuracy": 52.95629820051414}, "test": {"accuracy": 46.51162790697674}}, "0.8": {"time": 0.002398967742919922, "reduction": 99.22879177377892, "validation": {"accuracy": 52.95629820051414}, "test": {"accuracy": 46.51162790697674}}, "0.9": {"time": 0.002170085906982422, "reduction": 99.48586118251927, "validation": {"accuracy": 51.9280205655527}, "test": {"accuracy": 39.53488372093023}}, "1.0": {"time": 0.002216815948486328, "reduction": 99.48586118251927, "validation": {"accuracy": 51.9280205655527}, "test": {"accuracy": 39.53488372093023}}}, "5": {"0.0": {"time": 0.004614830017089844, "reduction": 3.084832904884316, "validation": {"accuracy": 53.72750642673522}, "test": {"accuracy": 46.51162790697674}}, "0.1": {"time": 0.002955198287963867, "reduction": 68.12339331619538, "validation": {"accuracy": 53.72750642673522}, "test": {"accuracy": 44.18604651162791}}, "0.2": {"time": 0.003253936767578125, "reduction": 68.12339331619538, "validation": {"accuracy": 53.72750642673522}, "test": {"accuracy": 44.18604651162791}}, "0.3": {"time": 0.00296783447265625, "reduction": 99.22879177377892, "validation": {"accuracy": 54.24164524421594}, "test": {"accuracy": 41.86046511627907}}, "0.4": {"time": 0.0032830238342285156, "reduction": 99.22879177377892, "validation": {"accuracy": 54.24164524421594}, "test": {"accuracy": 41.86046511627907}}, "0.5": {"time": 0.0024302005767822266, "reduction": 99.22879177377892, "validation": {"accuracy": 52.69922879177378}, "test": {"accuracy": 44.18604651162791}}, "0.6": {"time": 0.0022699832916259766, "reduction": 99.22879177377892, "validation": {"accuracy": 52.69922879177378}, "test": {"accuracy": 44.18604651162791}}, "0.7": {"time": 0.0029430389404296875, "reduction": 99.22879177377892, "validation": {"accuracy": 52.69922879177378}, "test": {"accuracy": 44.18604651162791}}, "0.8": {"time": 0.002562999725341797, "reduction": 99.48586118251927, "validation": {"accuracy": 52.69922879177378}, "test": {"accuracy": 39.53488372093023}}, "0.9": {"time": 0.002192974090576172, "reduction": 99.48586118251927, "validation": {"accuracy": 52.69922879177378}, "test": {"accuracy": 39.53488372093023}}, "1.0": {"time": 0.002189159393310547, "reduction": 99.48586118251927, "validation": {"accuracy": 51.670951156812336}, "test": {"accuracy": 34.883720930232556}}}, "6": {"0.0": {"time": 0.004712343215942383, "reduction": 3.598971722365041, "validation": {"accuracy": 51.156812339331616}, "test": {"accuracy": 62.7906976744186}}, "0.1": {"time": 0.002958059310913086, "reduction": 34.44730077120822, "validation": {"accuracy": 52.185089974293064}, "test": {"accuracy": 67.44186046511628}}, "0.2": {"time": 0.002977132797241211, "reduction": 34.44730077120822, "validation": {"accuracy": 52.185089974293064}, "test": {"accuracy": 67.44186046511628}}, "0.3": {"time": 0.0034418106079101562, "reduction": 34.44730077120822, "validation": {"accuracy": 52.185089974293064}, "test": {"accuracy": 67.44186046511628}}, "0.4": {"time": 0.002936840057373047, "reduction": 34.96143958868895, "validation": {"accuracy": 52.185089974293064}, "test": {"accuracy": 67.44186046511628}}, "0.5": {"time": 0.002468109130859375, "reduction": 99.22879177377892, "validation": {"accuracy": 47.30077120822622}, "test": {"accuracy": 46.51162790697674}}, "0.6": {"time": 0.002527952194213867, "reduction": 99.22879177377892, "validation": {"accuracy": 47.30077120822622}, "test": {"accuracy": 46.51162790697674}}, "0.7": {"time": 0.0024099349975585938, "reduction": 99.22879177377892, "validation": {"accuracy": 47.30077120822622}, "test": {"accuracy": 46.51162790697674}}, "0.8": {"time": 0.0027229785919189453, "reduction": 99.22879177377892, "validation": {"accuracy": 47.30077120822622}, "test": {"accuracy": 46.51162790697674}}, "0.9": {"time": 0.002435922622680664, "reduction": 99.48586118251927, "validation": {"accuracy": 50.899742930591266}, "test": {"accuracy": 46.51162790697674}}, "1.0": {"time": 0.002250194549560547, "reduction": 99.48586118251927, "validation": {"accuracy": 48.84318766066838}, "test": {"accuracy": 41.86046511627907}}}, "7": {"0.0": {"time": 0.003638029098510742, "reduction": 2.0565552699228773, "validation": {"accuracy": 52.69922879177378}, "test": {"accuracy": 48.837209302325576}}, "0.1": {"time": 0.002614736557006836, "reduction": 66.83804627249357, "validation": {"accuracy": 52.185089974293064}, "test": {"accuracy": 51.162790697674424}}, "0.2": {"time": 0.005135774612426758, "reduction": 66.83804627249357, "validation": {"accuracy": 52.185089974293064}, "test": {"accuracy": 51.162790697674424}}, "0.3": {"time": 0.002376079559326172, "reduction": 98.20051413881748, "validation": {"accuracy": 51.670951156812336}, "test": {"accuracy": 53.48837209302325}}, "0.4": {"time": 0.0027861595153808594, "reduction": 98.7146529562982, "validation": {"accuracy": 51.670951156812336}, "test": {"accuracy": 44.18604651162791}}, "0.5": {"time": 0.002498149871826172, "reduction": 98.7146529562982, "validation": {"accuracy": 51.670951156812336},