{"3": {"0.0": {"time": 47.47521901130676, "reduction": 46.96068796068796, "validation": {"accuracy": 73.65601965601965}, "test": {"accuracy": 73.9938080495356}}, "0.1": {"time": 47.50644612312317, "reduction": 47.515970515970515, "validation": {"accuracy": 73.65601965601965}, "test": {"accuracy": 73.9938080495356}}, "0.2": {"time": 45.381826877593994, "reduction": 52.37346437346437, "validation": {"accuracy": 73.65601965601965}, "test": {"accuracy": 74.01592215833702}}, "0.3": {"time": 41.42254304885864, "reduction": 63.665847665847664, "validation": {"accuracy": 74.28255528255528}, "test": {"accuracy": 74.43609022556392}}, "0.4": {"time": 37.01551914215088, "reduction": 79.19410319410319, "validation": {"accuracy": 74.55282555282555}, "test": {"accuracy": 74.25917735515259}}, "0.5": {"time": 33.37479329109192, "reduction": 93.3120393120393, "validation": {"accuracy": 74.24324324324324}, "test": {"accuracy": 73.90535161432994}}, "0.6": {"time": 31.204901933670044, "reduction": 98.67321867321867, "validation": {"accuracy": 74.58476658476658}, "test": {"accuracy": 74.30340557275542}}, "0.7": {"time": 30.036468982696533, "reduction": 99.69287469287468, "validation": {"accuracy": 74.96805896805897}, "test": {"accuracy": 74.78991596638656}}, "0.8": {"time": 29.790317058563232, "reduction": 99.92383292383292, "validation": {"accuracy": 75.15233415233415}, "test": {"accuracy": 75.07739938080495}}, "0.9": {"time": 29.624847888946533, "reduction": 99.992628992629, "validation": {"accuracy": 75.18427518427518}, "test": {"accuracy": 75.18796992481202}}, "1.0": {"time": 29.71782898902893, "reduction": 99.995085995086, "validation": {"accuracy": 72.04422604422605}, "test": {"accuracy": 71.20743034055728}}}, "4": {"0.0": {"time": 47.44207692146301, "reduction": 47.42751842751842, "validation": {"accuracy": 74.47665847665847}, "test": {"accuracy": 74.39186200796108}}, "0.1": {"time": 47.24578309059143, "reduction": 48.22604422604423, "validation": {"accuracy": 74.47420147420148}, "test": {"accuracy": 74.39186200796108}}, "0.2": {"time": 45.22749996185303, "reduction": 53.582309582309584, "validation": {"accuracy": 74.68304668304668}, "test": {"accuracy": 74.70145953118089}}, "0.3": {"time": 40.86157703399658, "reduction": 65.55036855036856, "validation": {"accuracy": 74.96314496314497}, "test": {"accuracy": 74.83414418398938}}, "0.4": {"time": 36.83185625076294, "reduction": 80.86977886977887, "validation": {"accuracy": 75.14987714987716}, "test": {"accuracy": 75.18796992481202}}, "0.5": {"time": 32.92708396911621, "reduction": 93.7960687960688, "validation": {"accuracy": 74.64619164619165}, "test": {"accuracy": 74.94471472799647}}, "0.6": {"time": 31.47881507873535, "reduction": 98.68796068796068, "validation": {"accuracy": 74.91891891891892}, "test": {"accuracy": 75.18796992481202}}, "0.7": {"time": 30.154283046722412, "reduction": 99.74447174447174, "validation": {"accuracy": 74.84766584766585}, "test": {"accuracy": 75.1437417072092}}, "0.8": {"time": 29.746341705322266, "reduction": 99.93120393120392, "validation": {"accuracy": 74.82800982800983}, "test": {"accuracy": 75.21008403361344}}, "0.9": {"time": 29.788684129714966, "reduction": 99.992628992629, "validation": {"accuracy": 75.12530712530713}, "test": {"accuracy": 75.18796992481202}}, "1.0": {"time": 29.984134197235107, "reduction": 99.995085995086, "validation": {"accuracy": 74.47665847665847}, "test": {"accuracy": 74.74568774878372}}}, "5": {"0.0": {"time": 47.30239009857178, "reduction": 47.1941031941032, "validation": {"accuracy": 74.74692874692875}, "test": {"accuracy": 74.81203007518798}}, "0.1": {"time": 46.91960406303406, "reduction": 48.17690417690418, "validation": {"accuracy": 74.74201474201475}, "test": {"accuracy": 74.81203007518798}}, "0.2": {"time": 44.79484415054321, "reduction": 53.884520884520896, "validation": {"accuracy": 74.86977886977887}, "test": {"accuracy": 74.83414418398938}}, "0.3": {"time": 40.850337982177734, "reduction": 65.82800982800983, "validation": {"accuracy": 75.01474201474203}, "test": {"accuracy": 75.12162759840778}}, "0.4": {"time": 36.52435493469238, "reduction": 80.8918918918919, "validation": {"accuracy": 74.997542997543}, "test": {"accuracy": 75.05528527200353}}, "0.5": {"time": 32.91004419326782, "reduction": 93.86977886977887, "validation": {"accuracy": 75.14496314496314}, "test": {"accuracy": 75.16585581601062}}, "0.6": {"time": 31.105896949768066, "reduction": 98.73710073710073, "validation": {"accuracy": 75.03439803439804}, "test": {"accuracy": 75.05528527200353}}, "0.7": {"time": 30.161842823028564, "reduction": 99.73218673218673, "validation": {"accuracy": 74.76167076167076}, "test": {"accuracy": 74.74568774878372}}, "0.8": {"time": 30.29634189605713, "reduction": 99.93611793611794, "validation": {"accuracy": 75.06388206388206}, "test": {"accuracy": 75.09951348960638}}, "0.9": {"time": 29.58152198791504, "reduction": 99.995085995086, "validation": {"accuracy": 75.15479115479116}, "test": {"accuracy": 75.12162759840778}}, "1.0": {"time": 29.67769694328308, "reduction": 99.995085995086, "validation": {"accuracy": 73.73464373464374}, "test": {"accuracy": 73.7063246351172}}}, "6": {"0.0": {"time": 47.317667722702026, "reduction": 47.39557739557739, "validation": {"accuracy": 75.1007371007371}, "test": {"accuracy": 75.16585581601062}}, "0.1": {"time": 46.985008001327515, "reduction": 48.72481572481573, "validation": {"accuracy": 75.1007371007371}, "test": {"accuracy": 75.16585581601062}}, "0.2": {"time": 44.36969017982483, "reduction": 55.1990171990172, "validation": {"accuracy": 75.16953316953317}, "test": {"accuracy": 75.16585581601062}}, "0.3": {"time": 40.267683029174805, "reduction": 67.33415233415234, "validation": {"accuracy": 75.15970515970515}, "test": {"accuracy": 75.18796992481202}}, "0.4": {"time": 36.312349796295166, "reduction": 82.32432432432432, "validation": {"accuracy": 75.15724815724816}, "test": {"accuracy": 75.23219814241486}}, "0.5": {"time": 32.567033767700195, "reduction": 94.42997542997543, "validation": {"accuracy": 75.002457002457}, "test": {"accuracy": 75.12162759840778}}, "0.6": {"time": 31.084887981414795, "reduction": 98.84766584766584, "validation": {"accuracy": 75.16216216216216}, "test": {"accuracy": 75.18796992481202}}, "0.7": {"time": 29.92056131362915, "reduction": 99.76658476658477, "validation": {"accuracy": 75.2088452088452}, "test": {"accuracy": 75.18796992481202}}, "0.8": {"time": 30.305838108062744, "reduction": 99.93611793611794, "validation": {"accuracy": 75.16953316953317}, "test": {"accuracy": 75.18796992481202}}, "0.9": {"time": 29.585978269577026, "reduction": 99.990171990172, "validation": {"accuracy": 75.21375921375922}, "test": {"accuracy": 75.21008403361344}}, "1.0": {"time": 29.6838059425354, "reduction": 99.995085995086, "validation": {"accuracy": 74.43243243243242}, "test": {"accuracy": 74.45820433436533}}}, "7": {"0.0": {"time": 47.24909687042236, "reduction": 47.380835380835386, "validation": {"accuracy": 75.17936117936118}, "test": {"accuracy": 75.18796992481202}}, "0.1": {"time": 47.099111795425415, "reduction": 48.18427518427518, "validation": {"accuracy": 75.18427518427518}, "test": {"accuracy": 75.18796992481202}}, "0.2": {"time": 45.25176000595093, "reduction": 53.35872235872237, "validation": {"accuracy": 75.18181818181819}, "test": {"accuracy": 75.18796992481202}}, "0.3": {"time": 41.43636107444763, "reduction": 64.64619164619165, "validation": {"accuracy": 75.18673218673219}, "test": {"accuracy": 75.18796992481202}}, "0.4": {"time": 37.10590386390686, "reduction": 80.2948402948403, "validation": {"accuracy": 75.15724815724816}, "test": {"accuracy": 75.16585581601062}}, "0.5": {"time": 33.23468589782715, "reduction": 93.67567567567568, "validation": {"accuracy": 74.995085995086}, "test": {"accuracy": 74.87837240159222}}, "0.6": {"time": 31.43047595024109, "reduction": 98.73464373464374, "validation": {"accuracy": 74.86732186732186}, "test": {"accuracy": 74.90048651039362}},