{"3": {"0.0": {"time": 0.5776450634002686, "reduction": 17.899274047186932, "validation": {"accuracy": 38.883847549909255}, "test": {"accuracy": 39.59183673469388}}, "0.1": {"time": 0.5695459842681885, "reduction": 19.396551724137932, "validation": {"accuracy": 38.9065335753176}, "test": {"accuracy": 39.38775510204081}}, "0.2": {"time": 0.5841150283813477, "reduction": 23.774954627949185, "validation": {"accuracy": 37.20508166969147}, "test": {"accuracy": 40.0}}, "0.3": {"time": 0.48943209648132324, "reduction": 33.73411978221416, "validation": {"accuracy": 31.420145190562614}, "test": {"accuracy": 38.57142857142858}}, "0.4": {"time": 0.4447922706604004, "reduction": 48.502722323049, "validation": {"accuracy": 29.537205081669693}, "test": {"accuracy": 31.63265306122449}}, "0.5": {"time": 0.42006802558898926, "reduction": 64.92740471869328, "validation": {"accuracy": 29.58257713248639}, "test": {"accuracy": 32.04081632653061}}, "0.6": {"time": 0.36487293243408203, "reduction": 79.87749546279493, "validation": {"accuracy": 29.58257713248639}, "test": {"accuracy": 32.04081632653061}}, "0.7": {"time": 0.3591148853302002, "reduction": 90.85753176043558, "validation": {"accuracy": 29.673321234119783}, "test": {"accuracy": 30.816326530612244}}, "0.8": {"time": 0.3601081371307373, "reduction": 96.86932849364791, "validation": {"accuracy": 29.74137931034483}, "test": {"accuracy": 29.795918367346943}}, "0.9": {"time": 0.3721790313720703, "reduction": 99.2967332123412, "validation": {"accuracy": 28.107985480943736}, "test": {"accuracy": 29.591836734693878}}, "1.0": {"time": 0.3710792064666748, "reduction": 99.84119782214155, "validation": {"accuracy": 3.9927404718693285}, "test": {"accuracy": 22.040816326530614}}}, "4": {"0.0": {"time": 0.6037328243255615, "reduction": 19.07894736842105, "validation": {"accuracy": 41.26588021778584}, "test": {"accuracy": 35.51020408163265}}, "0.1": {"time": 0.5749969482421875, "reduction": 20.644283121597095, "validation": {"accuracy": 41.28856624319419}, "test": {"accuracy": 35.51020408163265}}, "0.2": {"time": 0.5434808731079102, "reduction": 25.907441016333944, "validation": {"accuracy": 36.84210526315789}, "test": {"accuracy": 33.265306122448976}}, "0.3": {"time": 0.5602760314941406, "reduction": 35.14065335753176, "validation": {"accuracy": 29.922867513611617}, "test": {"accuracy": 29.795918367346943}}, "0.4": {"time": 0.43628787994384766, "reduction": 50.06805807622505, "validation": {"accuracy": 29.87749546279492}, "test": {"accuracy": 29.795918367346943}}, "0.5": {"time": 0.39273977279663086, "reduction": 65.08620689655173, "validation": {"accuracy": 29.69600725952813}, "test": {"accuracy": 29.795918367346943}}, "0.6": {"time": 0.34815287590026855, "reduction": 78.6070780399274, "validation": {"accuracy": 29.69600725952813}, "test": {"accuracy": 29.795918367346943}}, "0.7": {"time": 0.33822202682495117, "reduction": 89.08802177858439, "validation": {"accuracy": 29.786751361161524}, "test": {"accuracy": 29.795918367346943}}, "0.8": {"time": 0.33922481536865234, "reduction": 95.66696914700545, "validation": {"accuracy": 29.74137931034483}, "test": {"accuracy": 29.795918367346943}}, "0.9": {"time": 0.37180614471435547, "reduction": 99.04718693284936, "validation": {"accuracy": 29.69600725952813}, "test": {"accuracy": 29.795918367346943}}, "1.0": {"time": 0.3601851463317871, "reduction": 99.84119782214155, "validation": {"accuracy": 6.125226860254084}, "test": {"accuracy": 0.6122448979591837}}}, "5": {"0.0": {"time": 0.5829598903656006, "reduction": 18.171506352087118, "validation": {"accuracy": 37.817604355716874}, "test": {"accuracy": 37.3469387755102}}, "0.1": {"time": 0.5329568386077881, "reduction": 20.598911070780403, "validation": {"accuracy": 37.817604355716874}, "test": {"accuracy": 37.3469387755102}}, "0.2": {"time": 0.5145301818847656, "reduction": 25.7486388384755, "validation": {"accuracy": 36.81941923774954}, "test": {"accuracy": 36.93877551020408}}, "0.3": {"time": 0.5386753082275391, "reduction": 36.0934664246824, "validation": {"accuracy": 30.28584392014519}, "test": {"accuracy": 31.428571428571427}}, "0.4": {"time": 0.4323248863220215, "reduction": 49.2513611615245, "validation": {"accuracy": 30.17241379310345}, "test": {"accuracy": 31.428571428571427}}, "0.5": {"time": 0.3807048797607422, "reduction": 65.92558983666062, "validation": {"accuracy": 29.74137931034483}, "test": {"accuracy": 29.795918367346943}}, "0.6": {"time": 0.34983086585998535, "reduction": 80.0589836660617, "validation": {"accuracy": 29.74137931034483}, "test": {"accuracy": 29.795918367346943}}, "0.7": {"time": 0.33017611503601074, "reduction": 89.31488203266788, "validation": {"accuracy": 29.74137931034483}, "test": {"accuracy": 29.795918367346943}}, "0.8": {"time": 0.320493221282959, "reduction": 95.91651542649727, "validation": {"accuracy": 29.74137931034483}, "test": {"accuracy": 29.795918367346943}}, "0.9": {"time": 0.3563730716705322, "reduction": 98.95644283121598, "validation": {"accuracy": 32.3956442831216}, "test": {"accuracy": 30.408163265306122}}, "1.0": {"time": 0.3682079315185547, "reduction": 99.84119782214155, "validation": {"accuracy": 22.436479128856625}, "test": {"accuracy": 12.448979591836734}}}, "6": {"0.0": {"time": 0.5732920169830322, "reduction": 18.942831215970955, "validation": {"accuracy": 35.50362976406534}, "test": {"accuracy": 38.36734693877551}}, "0.1": {"time": 0.5394289493560791, "reduction": 20.93920145190563, "validation": {"accuracy": 28.765880217785845}, "test": {"accuracy": 37.142857142857146}}, "0.2": {"time": 0.5223219394683838, "reduction": 27.654264972776765, "validation": {"accuracy": 29.85480943738657}, "test": {"accuracy": 29.591836734693878}}, "0.3": {"time": 0.5018880367279053, "reduction": 37.56805807622504, "validation": {"accuracy": 29.786751361161524}, "test": {"accuracy": 29.591836734693878}}, "0.4": {"time": 0.42136669158935547, "reduction": 51.043557168784034, "validation": {"accuracy": 29.71869328493648}, "test": {"accuracy": 29.591836734693878}}, "0.5": {"time": 0.3825361728668213, "reduction": 65.94827586206897, "validation": {"accuracy": 29.673321234119783}, "test": {"accuracy": 29.591836734693878}}, "0.6": {"time": 0.3545339107513428, "reduction": 78.94736842105263, "validation": {"accuracy": 29.673321234119783}, "test": {"accuracy": 29.591836734693878}}, "0.7": {"time": 0.3300437927246094, "reduction": 89.08802177858439, "validation": {"accuracy": 29.764065335753177}, "test": {"accuracy": 29.591836734693878}}, "0.8": {"time": 0.36312007904052734, "reduction": 95.96188747731398, "validation": {"accuracy": 30.17241379310345}, "test": {"accuracy": 29.591836734693878}}, "0.9": {"time": 0.3678121566772461, "reduction": 99.09255898366605, "validation": {"accuracy": 28.947368421052634}, "test": {"accuracy": 19.183673469387756}}, "1.0": {"time": 0.35953569412231445, "reduction": 99.84119782214155, "validation": {"accuracy": 3.0399274047186933}, "test": {"accuracy": 3.877551020408163}}}, "7": {"0.0": {"time": 0.5435457229614258, "reduction": 18.466424682395644, "validation": {"accuracy": 42.55898366606171}, "test": {"accuracy": 43.46938775510204}}, "0.1": {"time": 0.5336627960205078, "reduction": 20.41742286751361, "validation": {"accuracy": 38.997277676951}, "test": {"accuracy": 43.26530612244898}}, "0.2": {"time": 0.529494047164917, "reduction": 26.58802177858439, "validation": {"accuracy": 33.439201451905625}, "test": {"accuracy": 34.285714285714285}}, "0.3": {"time": 0.4983358383178711, "reduction": 37.56805807622504, "validation": {"accuracy": 31.21597096188748}, "test": {"accuracy": 29.795918367346943}}, "0.4": {"time": 0.42475199699401855, "reduction": 51.88294010889292, "validation": {"accuracy": 29.85480943738657}, "test": {"accuracy": 29.795918367346943}}, "0.5": {"time": 0.3770732879638672, "reduction": 67.62704174228675, "validation": {"accuracy": 29.832123411978223}, "test": {"accuracy": 29.591836734693878}}, "0.6": {"time": 0.3689107894897461,