{"3": {"0.0": {"time": 0.0013489723205566406, "reduction": 76.84210526315789, "validation": {"accuracy": 75.78947368421053}, "test": {"accuracy": 81.81818181818183}}, "0.1": {"time": 0.0013570785522460938, "reduction": 83.15789473684211, "validation": {"accuracy": 81.05263157894737}, "test": {"accuracy": 81.81818181818183}}, "0.2": {"time": 0.0015039443969726562, "reduction": 89.47368421052632, "validation": {"accuracy": 70.52631578947368}, "test": {"accuracy": 81.81818181818183}}, "0.3": {"time": 0.0011339187622070312, "reduction": 91.57894736842105, "validation": {"accuracy": 81.05263157894737}, "test": {"accuracy": 81.81818181818183}}, "0.4": {"time": 0.0009438991546630859, "reduction": 97.89473684210527, "validation": {"accuracy": 89.47368421052632}, "test": {"accuracy": 81.81818181818183}}, "0.5": {"time": 0.0012638568878173828, "reduction": 97.89473684210527, "validation": {"accuracy": 90.52631578947368}, "test": {"accuracy": 81.81818181818183}}, "0.6": {"time": 0.0014462471008300781, "reduction": 97.89473684210527, "validation": {"accuracy": 85.26315789473684}, "test": {"accuracy": 81.81818181818183}}, "0.7": {"time": 0.00090789794921875, "reduction": 97.89473684210527, "validation": {"accuracy": 82.10526315789474}, "test": {"accuracy": 81.81818181818183}}, "0.8": {"time": 0.0008370876312255859, "reduction": 97.89473684210527, "validation": {"accuracy": 86.31578947368422}, "test": {"accuracy": 81.81818181818183}}, "0.9": {"time": 0.0008378028869628906, "reduction": 97.89473684210527, "validation": {"accuracy": 82.10526315789474}, "test": {"accuracy": 81.81818181818183}}, "1.0": {"time": 0.001318216323852539, "reduction": 97.89473684210527, "validation": {"accuracy": 72.63157894736842}, "test": {"accuracy": 81.81818181818183}}}, "4": {"0.0": {"time": 0.0015368461608886719, "reduction": 77.89473684210526, "validation": {"accuracy": 78.94736842105263}, "test": {"accuracy": 90.9090909090909}}, "0.1": {"time": 0.0012938976287841797, "reduction": 80.0, "validation": {"accuracy": 74.73684210526315}, "test": {"accuracy": 81.81818181818183}}, "0.2": {"time": 0.0010418891906738281, "reduction": 87.36842105263159, "validation": {"accuracy": 63.1578947368421}, "test": {"accuracy": 81.81818181818183}}, "0.3": {"time": 0.0012919902801513672, "reduction": 88.42105263157895, "validation": {"accuracy": 65.26315789473685}, "test": {"accuracy": 81.81818181818183}}, "0.4": {"time": 0.0008950233459472656, "reduction": 93.6842105263158, "validation": {"accuracy": 89.47368421052632}, "test": {"accuracy": 81.81818181818183}}, "0.5": {"time": 0.001348257064819336, "reduction": 96.84210526315789, "validation": {"accuracy": 89.47368421052632}, "test": {"accuracy": 81.81818181818183}}, "0.6": {"time": 0.001062154769897461, "reduction": 97.89473684210527, "validation": {"accuracy": 83.15789473684211}, "test": {"accuracy": 81.81818181818183}}, "0.7": {"time": 0.0017790794372558594, "reduction": 97.89473684210527, "validation": {"accuracy": 85.26315789473684}, "test": {"accuracy": 81.81818181818183}}, "0.8": {"time": 0.0020151138305664062, "reduction": 97.89473684210527, "validation": {"accuracy": 86.31578947368422}, "test": {"accuracy": 81.81818181818183}}, "0.9": {"time": 0.001653909683227539, "reduction": 97.89473684210527, "validation": {"accuracy": 82.10526315789474}, "test": {"accuracy": 81.81818181818183}}, "1.0": {"time": 0.0009059906005859375, "reduction": 97.89473684210527, "validation": {"accuracy": 76.84210526315789}, "test": {"accuracy": 90.9090909090909}}}, "5": {"0.0": {"time": 0.0009560585021972656, "reduction": 81.05263157894737, "validation": {"accuracy": 47.368421052631575}, "test": {"accuracy": 81.81818181818183}}, "0.1": {"time": 0.0014946460723876953, "reduction": 86.31578947368422, "validation": {"accuracy": 52.63157894736842}, "test": {"accuracy": 81.81818181818183}}, "0.2": {"time": 0.0012249946594238281, "reduction": 90.52631578947368, "validation": {"accuracy": 51.578947368421055}, "test": {"accuracy": 81.81818181818183}}, "0.3": {"time": 0.0011839866638183594, "reduction": 93.6842105263158, "validation": {"accuracy": 70.52631578947368}, "test": {"accuracy": 81.81818181818183}}, "0.4": {"time": 0.0009732246398925781, "reduction": 96.84210526315789, "validation": {"accuracy": 76.84210526315789}, "test": {"accuracy": 81.81818181818183}}, "0.5": {"time": 0.001268148422241211, "reduction": 97.89473684210527, "validation": {"accuracy": 84.21052631578947}, "test": {"accuracy": 81.81818181818183}}, "0.6": {"time": 0.0010669231414794922, "reduction": 97.89473684210527, "validation": {"accuracy": 84.21052631578947}, "test": {"accuracy": 81.81818181818183}}, "0.7": {"time": 0.0008859634399414062, "reduction": 97.89473684210527, "validation": {"accuracy": 85.26315789473684}, "test": {"accuracy": 81.81818181818183}}, "0.8": {"time": 0.0014662742614746094, "reduction": 97.89473684210527, "validation": {"accuracy": 78.94736842105263}, "test": {"accuracy": 81.81818181818183}}, "0.9": {"time": 0.0012280941009521484, "reduction": 97.89473684210527, "validation": {"accuracy": 81.05263157894737}, "test": {"accuracy": 81.81818181818183}}, "1.0": {"time": 0.0018911361694335938, "reduction": 97.89473684210527, "validation": {"accuracy": 72.63157894736842}, "test": {"accuracy": 81.81818181818183}}}, "6": {"0.0": {"time": 0.0014858245849609375, "reduction": 82.10526315789474, "validation": {"accuracy": 26.31578947368421}, "test": {"accuracy": 72.72727272727273}}, "0.1": {"time": 0.0012211799621582031, "reduction": 90.52631578947368, "validation": {"accuracy": 43.15789473684211}, "test": {"accuracy": 81.81818181818183}}, "0.2": {"time": 0.0009019374847412109, "reduction": 91.57894736842105, "validation": {"accuracy": 44.21052631578947}, "test": {"accuracy": 81.81818181818183}}, "0.3": {"time": 0.0008599758148193359, "reduction": 92.63157894736842, "validation": {"accuracy": 44.21052631578947}, "test": {"accuracy": 81.81818181818183}}, "0.4": {"time": 0.001180887222290039, "reduction": 94.73684210526316, "validation": {"accuracy": 89.47368421052632}, "test": {"accuracy": 81.81818181818183}}, "0.5": {"time": 0.0011301040649414062, "reduction": 96.84210526315789, "validation": {"accuracy": 80.0}, "test": {"accuracy": 81.81818181818183}}, "0.6": {"time": 0.0013141632080078125, "reduction": 97.89473684210527, "validation": {"accuracy": 76.84210526315789}, "test": {"accuracy": 81.81818181818183}}, "0.7": {"time": 0.000985860824584961, "reduction": 97.89473684210527, "validation": {"accuracy": 78.94736842105263}, "test": {"accuracy": 81.81818181818183}}, "0.8": {"time": 0.0024268627166748047, "reduction": 97.89473684210527, "validation": {"accuracy": 77.89473684210526}, "test": {"accuracy": 81.81818181818183}}, "0.9": {"time": 0.001107931137084961, "reduction": 97.89473684210527, "validation": {"accuracy": 73.68421052631578}, "test": {"accuracy": 72.72727272727273}}, "1.0": {"time": 0.0007319450378417969, "reduction": 97.89473684210527, "validation": {"accuracy": 73.68421052631578}, "test": {"accuracy": 72.72727272727273}}}, "7": {"0.0": {"time": 0.0009500980377197266, "reduction": 85.41666666666666, "validation": {"accuracy": 32.29166666666667}, "test": {"accuracy": 100.0}}, "0.1": {"time": 0.0013082027435302734, "reduction": 89.58333333333334, "validation": {"accuracy": 33.33333333333333}, "test": {"accuracy": 90.0}}, "0.2": {"time": 0.0012600421905517578, "reduction": 89.58333333333334, "validation": {"accuracy": 40.625}, "test": {"accuracy": 90.0}}, "0.3": {"time": 0.001071929931640625, "reduction": 92.70833333333334, "validation": {"accuracy": 51.041666666666664}, "test": {"accuracy": 90.0}}, "0.4": {"time": 0.001722097396850586, "reduction": 95.83333333333334, "validation": {"accuracy": 80.20833333333334}, "test": {"accuracy": 90.0}}, "0.5": {"time": 0.0016651153564453125, "reduction": 96.875, "validation": {"accuracy": 79.16666666666666}, "test": {"accuracy": 90.0}}, "0.6": {"time": 0.0009341239929199219, "reduction": 97.91666666666666,