{"3": {"0.0": {"time": 0.028706073760986328, "reduction": 0.0, "validation": {"accuracy": 8.866442199775532}, "test": {"accuracy": 14.14141414141414}}, "0.1": {"time": 0.01901531219482422, "reduction": 42.98540965207632, "validation": {"accuracy": 8.754208754208754}, "test": {"accuracy": 13.131313131313133}}, "0.2": {"time": 0.018835067749023438, "reduction": 43.32210998877666, "validation": {"accuracy": 8.754208754208754}, "test": {"accuracy": 13.131313131313133}}, "0.3": {"time": 0.01872420310974121, "reduction": 43.99551066217733, "validation": {"accuracy": 8.866442199775532}, "test": {"accuracy": 11.11111111111111}}, "0.4": {"time": 0.018725872039794922, "reduction": 44.21997755331088, "validation": {"accuracy": 8.529741863075197}, "test": {"accuracy": 14.14141414141414}}, "0.5": {"time": 0.018838882446289062, "reduction": 44.21997755331088, "validation": {"accuracy": 8.529741863075197}, "test": {"accuracy": 14.14141414141414}}, "0.6": {"time": 0.01824784278869629, "reduction": 48.597081930415264, "validation": {"accuracy": 9.090909090909092}, "test": {"accuracy": 9.090909090909092}}, "0.7": {"time": 0.020551204681396484, "reduction": 48.709315375982044, "validation": {"accuracy": 8.529741863075197}, "test": {"accuracy": 14.14141414141414}}, "0.8": {"time": 0.01780104637145996, "reduction": 52.974186307519645, "validation": {"accuracy": 9.090909090909092}, "test": {"accuracy": 9.090909090909092}}, "0.9": {"time": 0.01736283302307129, "reduction": 57.35129068462401, "validation": {"accuracy": 9.20314253647587}, "test": {"accuracy": 9.090909090909092}}, "1.0": {"time": 0.017037153244018555, "reduction": 61.728395061728406, "validation": {"accuracy": 8.866442199775532}, "test": {"accuracy": 11.11111111111111}}}, "4": {"0.0": {"time": 0.026135921478271484, "reduction": 0.0, "validation": {"accuracy": 9.20314253647587}, "test": {"accuracy": 7.07070707070707}}, "0.1": {"time": 0.018735170364379883, "reduction": 43.54657687991021, "validation": {"accuracy": 9.20314253647587}, "test": {"accuracy": 7.07070707070707}}, "0.2": {"time": 0.0187838077545166, "reduction": 44.107744107744104, "validation": {"accuracy": 8.978675645342312}, "test": {"accuracy": 9.090909090909092}}, "0.3": {"time": 0.018672943115234375, "reduction": 44.21997755331088, "validation": {"accuracy": 9.652076318742985}, "test": {"accuracy": 8.080808080808081}}, "0.4": {"time": 0.0181429386138916, "reduction": 48.597081930415264, "validation": {"accuracy": 8.978675645342312}, "test": {"accuracy": 10.1010101010101}}, "0.5": {"time": 0.018511056900024414, "reduction": 53.42312008978676, "validation": {"accuracy": 9.090909090909092}, "test": {"accuracy": 9.090909090909092}}, "0.6": {"time": 0.01766800880432129, "reduction": 53.535353535353536, "validation": {"accuracy": 9.090909090909092}, "test": {"accuracy": 9.090909090909092}}, "0.7": {"time": 0.017264842987060547, "reduction": 58.81032547699214, "validation": {"accuracy": 9.090909090909092}, "test": {"accuracy": 9.090909090909092}}, "0.8": {"time": 0.0171048641204834, "reduction": 59.0347923681257, "validation": {"accuracy": 9.090909090909092}, "test": {"accuracy": 9.090909090909092}}, "0.9": {"time": 0.01718592643737793, "reduction": 59.14702581369249, "validation": {"accuracy": 9.20314253647587}, "test": {"accuracy": 9.090909090909092}}, "1.0": {"time": 0.017108440399169922, "reduction": 59.25925925925925, "validation": {"accuracy": 8.978675645342312}, "test": {"accuracy": 10.1010101010101}}}, "5": {"0.0": {"time": 0.026350975036621094, "reduction": 0.0, "validation": {"accuracy": 8.866442199775532}, "test": {"accuracy": 11.11111111111111}}, "0.1": {"time": 0.01864767074584961, "reduction": 46.240179573512904, "validation": {"accuracy": 8.866442199775532}, "test": {"accuracy": 11.11111111111111}}, "0.2": {"time": 0.018586158752441406, "reduction": 46.801346801346796, "validation": {"accuracy": 9.090909090909092}, "test": {"accuracy": 8.080808080808081}}, "0.3": {"time": 0.018426179885864258, "reduction": 47.47474747474747, "validation": {"accuracy": 8.978675645342312}, "test": {"accuracy": 11.11111111111111}}, "0.4": {"time": 0.01838207244873047, "reduction": 47.69921436588104, "validation": {"accuracy": 8.866442199775532}, "test": {"accuracy": 11.11111111111111}}, "0.5": {"time": 0.018458127975463867, "reduction": 47.81144781144781, "validation": {"accuracy": 8.866442199775532}, "test": {"accuracy": 11.11111111111111}}, "0.6": {"time": 0.018426895141601562, "reduction": 47.92368125701459, "validation": {"accuracy": 8.978675645342312}, "test": {"accuracy": 12.121212121212121}}, "0.7": {"time": 0.018199682235717773, "reduction": 48.14814814814815, "validation": {"accuracy": 8.529741863075197}, "test": {"accuracy": 15.151515151515152}}, "0.8": {"time": 0.018276691436767578, "reduction": 48.26038159371493, "validation": {"accuracy": 9.090909090909092}, "test": {"accuracy": 9.090909090909092}}, "0.9": {"time": 0.017919063568115234, "reduction": 52.6374859708193, "validation": {"accuracy": 8.866442199775532}, "test": {"accuracy": 11.11111111111111}}, "1.0": {"time": 0.017403841018676758, "reduction": 57.463524130190805, "validation": {"accuracy": 8.978675645342312}, "test": {"accuracy": 9.090909090909092}}}, "6": {"0.0": {"time": 0.026116132736206055, "reduction": 0.0, "validation": {"accuracy": 9.31537598204265}, "test": {"accuracy": 7.07070707070707}}, "0.1": {"time": 0.017607927322387695, "reduction": 42.76094276094277, "validation": {"accuracy": 9.20314253647587}, "test": {"accuracy": 7.07070707070707}}, "0.2": {"time": 0.01780414581298828, "reduction": 43.65881032547699, "validation": {"accuracy": 9.31537598204265}, "test": {"accuracy": 7.07070707070707}}, "0.3": {"time": 0.01717996597290039, "reduction": 44.33221099887766, "validation": {"accuracy": 9.090909090909092}, "test": {"accuracy": 9.090909090909092}}, "0.4": {"time": 0.017016172409057617, "reduction": 48.597081930415264, "validation": {"accuracy": 9.090909090909092}, "test": {"accuracy": 9.090909090909092}}, "0.5": {"time": 0.017323970794677734, "reduction": 48.709315375982044, "validation": {"accuracy": 9.090909090909092}, "test": {"accuracy": 9.090909090909092}}, "0.6": {"time": 0.016427040100097656, "reduction": 48.821548821548824, "validation": {"accuracy": 9.090909090909092}, "test": {"accuracy": 9.090909090909092}}, "0.7": {"time": 0.017074108123779297, "reduction": 48.9337822671156, "validation": {"accuracy": 9.090909090909092}, "test": {"accuracy": 9.090909090909092}}, "0.8": {"time": 0.016775846481323242, "reduction": 49.046015712682376, "validation": {"accuracy": 9.090909090909092}, "test": {"accuracy": 9.090909090909092}}, "0.9": {"time": 0.016113996505737305, "reduction": 53.759820426487096, "validation": {"accuracy": 9.090909090909092}, "test": {"accuracy": 9.090909090909092}}, "1.0": {"time": 0.016490936279296875, "reduction": 58.36139169472503, "validation": {"accuracy": 8.641975308641975}, "test": {"accuracy": 15.151515151515152}}}, "7": {"0.0": {"time": 0.025532245635986328, "reduction": 0.0, "validation": {"accuracy": 9.090909090909092}, "test": {"accuracy": 8.080808080808081}}, "0.1": {"time": 0.01859903335571289, "reduction": 38.27160493827161, "validation": {"accuracy": 8.978675645342312}, "test": {"accuracy": 9.090909090909092}}, "0.2": {"time": 0.018619060516357422, "reduction": 38.60830527497194, "validation": {"accuracy": 8.978675645342312}, "test": {"accuracy": 9.090909090909092}}, "0.3": {"time": 0.01826786994934082, "reduction": 38.94500561167228, "validation": {"accuracy": 9.090909090909092}, "test": {"accuracy": 8.080808080808081}}, "0.4": {"time": 0.018373966217041016, "reduction": 39.16947250280584, "validation": {"accuracy": 9.652076318742985}, "test": {"accuracy": 3.0303030303030303}}, "0.5": {"time": 0.01848888397216797, "reduction": 44.107744107744104, "validation": {"accuracy": 9.20314253647587}, "test": {"accuracy": 6.0606060606060606}}, "0.6": {"time": 0.017338037490844727, "reduction": 44.33221099887766,