{"3": {"0.0": {"time": 0.0020639896392822266, "reduction": 0.0, "validation": {"accuracy": 56.37860082304527}, "test": {"accuracy": 62.96296296296296}}, "0.1": {"time": 0.0021469593048095703, "reduction": 0.8230452674897082, "validation": {"accuracy": 56.37860082304527}, "test": {"accuracy": 55.55555555555556}}, "0.2": {"time": 0.0020160675048828125, "reduction": 1.6460905349794275, "validation": {"accuracy": 54.73251028806584}, "test": {"accuracy": 62.96296296296296}}, "0.3": {"time": 0.0022220611572265625, "reduction": 2.0576131687242816, "validation": {"accuracy": 54.73251028806584}, "test": {"accuracy": 62.96296296296296}}, "0.4": {"time": 0.002104043960571289, "reduction": 2.0576131687242816, "validation": {"accuracy": 54.73251028806584}, "test": {"accuracy": 62.96296296296296}}, "0.5": {"time": 0.002627134323120117, "reduction": 2.4691358024691357, "validation": {"accuracy": 54.73251028806584}, "test": {"accuracy": 62.96296296296296}}, "0.6": {"time": 0.002093076705932617, "reduction": 2.4691358024691357, "validation": {"accuracy": 54.73251028806584}, "test": {"accuracy": 62.96296296296296}}, "0.7": {"time": 0.0022318363189697266, "reduction": 2.4691358024691357, "validation": {"accuracy": 54.73251028806584}, "test": {"accuracy": 62.96296296296296}}, "0.8": {"time": 0.0013501644134521484, "reduction": 98.35390946502058, "validation": {"accuracy": 55.55555555555556}, "test": {"accuracy": 59.25925925925925}}, "0.9": {"time": 0.0014998912811279297, "reduction": 98.35390946502058, "validation": {"accuracy": 55.55555555555556}, "test": {"accuracy": 59.25925925925925}}, "1.0": {"time": 0.0014982223510742188, "reduction": 99.1769547325103, "validation": {"accuracy": 55.55555555555556}, "test": {"accuracy": 55.55555555555556}}}, "4": {"0.0": {"time": 0.002313852310180664, "reduction": 1.2345679012345734, "validation": {"accuracy": 55.55555555555556}, "test": {"accuracy": 59.25925925925925}}, "0.1": {"time": 0.0029282569885253906, "reduction": 2.4691358024691357, "validation": {"accuracy": 55.55555555555556}, "test": {"accuracy": 59.25925925925925}}, "0.2": {"time": 0.001516103744506836, "reduction": 97.53086419753086, "validation": {"accuracy": 55.55555555555556}, "test": {"accuracy": 59.25925925925925}}, "0.3": {"time": 0.0014259815216064453, "reduction": 97.94238683127571, "validation": {"accuracy": 55.55555555555556}, "test": {"accuracy": 59.25925925925925}}, "0.4": {"time": 0.0014042854309082031, "reduction": 97.94238683127571, "validation": {"accuracy": 55.55555555555556}, "test": {"accuracy": 59.25925925925925}}, "0.5": {"time": 0.0014541149139404297, "reduction": 97.94238683127571, "validation": {"accuracy": 55.55555555555556}, "test": {"accuracy": 59.25925925925925}}, "0.6": {"time": 0.0012869834899902344, "reduction": 98.35390946502058, "validation": {"accuracy": 55.55555555555556}, "test": {"accuracy": 48.148148148148145}}, "0.7": {"time": 0.0012149810791015625, "reduction": 98.76543209876543, "validation": {"accuracy": 54.73251028806584}, "test": {"accuracy": 62.96296296296296}}, "0.8": {"time": 0.0012149810791015625, "reduction": 98.76543209876543, "validation": {"accuracy": 54.73251028806584}, "test": {"accuracy": 62.96296296296296}}, "0.9": {"time": 0.0015468597412109375, "reduction": 98.76543209876543, "validation": {"accuracy": 54.73251028806584}, "test": {"accuracy": 62.96296296296296}}, "1.0": {"time": 0.001352071762084961, "reduction": 99.1769547325103, "validation": {"accuracy": 55.55555555555556}, "test": {"accuracy": 59.25925925925925}}}, "5": {"0.0": {"time": 0.0021581649780273438, "reduction": 1.2345679012345734, "validation": {"accuracy": 55.55555555555556}, "test": {"accuracy": 51.85185185185185}}, "0.1": {"time": 0.0031642913818359375, "reduction": 2.0576131687242816, "validation": {"accuracy": 54.73251028806584}, "test": {"accuracy": 48.148148148148145}}, "0.2": {"time": 0.0019712448120117188, "reduction": 2.0576131687242816, "validation": {"accuracy": 54.73251028806584}, "test": {"accuracy": 48.148148148148145}}, "0.3": {"time": 0.00144195556640625, "reduction": 97.94238683127571, "validation": {"accuracy": 54.32098765432099}, "test": {"accuracy": 48.148148148148145}}, "0.4": {"time": 0.002039194107055664, "reduction": 97.94238683127571, "validation": {"accuracy": 54.32098765432099}, "test": {"accuracy": 48.148148148148145}}, "0.5": {"time": 0.0014297962188720703, "reduction": 97.94238683127571, "validation": {"accuracy": 54.32098765432099}, "test": {"accuracy": 48.148148148148145}}, "0.6": {"time": 0.0016291141510009766, "reduction": 98.35390946502058, "validation": {"accuracy": 55.55555555555556}, "test": {"accuracy": 48.148148148148145}}, "0.7": {"time": 0.0013947486877441406, "reduction": 98.76543209876543, "validation": {"accuracy": 55.144032921810705}, "test": {"accuracy": 48.148148148148145}}, "0.8": {"time": 0.0015940666198730469, "reduction": 98.76543209876543, "validation": {"accuracy": 55.144032921810705}, "test": {"accuracy": 48.148148148148145}}, "0.9": {"time": 0.0013570785522460938, "reduction": 99.1769547325103, "validation": {"accuracy": 55.144032921810705}, "test": {"accuracy": 48.148148148148145}}, "1.0": {"time": 0.0022280216217041016, "reduction": 99.1769547325103, "validation": {"accuracy": 55.144032921810705}, "test": {"accuracy": 55.55555555555556}}}, "6": {"0.0": {"time": 0.003023862838745117, "reduction": 1.2345679012345734, "validation": {"accuracy": 55.55555555555556}, "test": {"accuracy": 44.44444444444444}}, "0.1": {"time": 0.0021169185638427734, "reduction": 2.0576131687242816, "validation": {"accuracy": 54.73251028806584}, "test": {"accuracy": 48.148148148148145}}, "0.2": {"time": 0.0023190975189208984, "reduction": 2.0576131687242816, "validation": {"accuracy": 54.73251028806584}, "test": {"accuracy": 48.148148148148145}}, "0.3": {"time": 0.001416921615600586, "reduction": 97.94238683127571, "validation": {"accuracy": 53.90946502057613}, "test": {"accuracy": 44.44444444444444}}, "0.4": {"time": 0.0017631053924560547, "reduction": 97.94238683127571, "validation": {"accuracy": 53.90946502057613}, "test": {"accuracy": 44.44444444444444}}, "0.5": {"time": 0.0013501644134521484, "reduction": 97.94238683127571, "validation": {"accuracy": 53.90946502057613}, "test": {"accuracy": 44.44444444444444}}, "0.6": {"time": 0.0012941360473632812, "reduction": 98.35390946502058, "validation": {"accuracy": 55.144032921810705}, "test": {"accuracy": 44.44444444444444}}, "0.7": {"time": 0.001989126205444336, "reduction": 98.76543209876543, "validation": {"accuracy": 55.144032921810705}, "test": {"accuracy": 51.85185185185185}}, "0.8": {"time": 0.0024709701538085938, "reduction": 98.76543209876543, "validation": {"accuracy": 55.144032921810705}, "test": {"accuracy": 51.85185185185185}}, "0.9": {"time": 0.0019190311431884766, "reduction": 99.1769547325103, "validation": {"accuracy": 55.144032921810705}, "test": {"accuracy": 48.148148148148145}}, "1.0": {"time": 0.0011379718780517578, "reduction": 99.1769547325103, "validation": {"accuracy": 55.144032921810705}, "test": {"accuracy": 51.85185185185185}}}, "7": {"0.0": {"time": 0.00205230712890625, "reduction": 0.4115226337448541, "validation": {"accuracy": 55.96707818930041}, "test": {"accuracy": 59.25925925925925}}, "0.1": {"time": 0.0023148059844970703, "reduction": 1.6460905349794275, "validation": {"accuracy": 55.55555555555556}, "test": {"accuracy": 55.55555555555556}}, "0.2": {"time": 0.0021021366119384766, "reduction": 2.0576131687242816, "validation": {"accuracy": 55.55555555555556}, "test": {"accuracy": 55.55555555555556}}, "0.3": {"time": 0.002116680145263672, "reduction": 2.0576131687242816, "validation": {"accuracy": 55.55555555555556}, "test": {"accuracy": 55.55555555555556}}, "0.4": {"time": 0.002522706985473633, "reduction": 2.4691358024691357, "validation": {"accuracy": 55.55555555555556}, "test": {"accuracy": 55.55555555555556}}, "0.5": {"time": 0.0023920536041259766, "reduction": 98.35390946502058, "validation": {"accuracy": 55.55555555555556},