{"3": {"0.0": {"time": 0.0019237995147705078, "reduction": 46.18181818181818, "validation": {"accuracy": 71.63636363636363}, "test": {"accuracy": 70.96774193548387}}, "0.1": {"time": 0.0017650127410888672, "reduction": 50.18181818181818, "validation": {"accuracy": 69.81818181818183}, "test": {"accuracy": 67.74193548387096}}, "0.2": {"time": 0.0017418861389160156, "reduction": 53.45454545454545, "validation": {"accuracy": 68.72727272727272}, "test": {"accuracy": 74.19354838709677}}, "0.3": {"time": 0.0016179084777832031, "reduction": 67.27272727272727, "validation": {"accuracy": 47.63636363636364}, "test": {"accuracy": 54.83870967741935}}, "0.4": {"time": 0.002045154571533203, "reduction": 83.63636363636364, "validation": {"accuracy": 49.45454545454545}, "test": {"accuracy": 45.16129032258064}}, "0.5": {"time": 0.0013859272003173828, "reduction": 93.45454545454545, "validation": {"accuracy": 44.0}, "test": {"accuracy": 48.38709677419355}}, "0.6": {"time": 0.00131988525390625, "reduction": 97.81818181818181, "validation": {"accuracy": 43.27272727272727}, "test": {"accuracy": 38.70967741935484}}, "0.7": {"time": 0.0012972354888916016, "reduction": 98.9090909090909, "validation": {"accuracy": 39.27272727272727}, "test": {"accuracy": 38.70967741935484}}, "0.8": {"time": 0.0012619495391845703, "reduction": 99.27272727272727, "validation": {"accuracy": 45.81818181818182}, "test": {"accuracy": 45.16129032258064}}, "0.9": {"time": 0.001226186752319336, "reduction": 99.27272727272727, "validation": {"accuracy": 51.272727272727266}, "test": {"accuracy": 58.06451612903226}}, "1.0": {"time": 0.0012149810791015625, "reduction": 99.27272727272727, "validation": {"accuracy": 62.909090909090914}, "test": {"accuracy": 67.74193548387096}}}, "4": {"0.0": {"time": 0.001817941665649414, "reduction": 48.0, "validation": {"accuracy": 67.63636363636364}, "test": {"accuracy": 77.41935483870968}}, "0.1": {"time": 0.0018718242645263672, "reduction": 57.81818181818181, "validation": {"accuracy": 70.18181818181817}, "test": {"accuracy": 77.41935483870968}}, "0.2": {"time": 0.0016121864318847656, "reduction": 70.18181818181819, "validation": {"accuracy": 67.27272727272727}, "test": {"accuracy": 70.96774193548387}}, "0.3": {"time": 0.0015370845794677734, "reduction": 77.45454545454545, "validation": {"accuracy": 59.27272727272728}, "test": {"accuracy": 58.06451612903226}}, "0.4": {"time": 0.001474142074584961, "reduction": 84.72727272727273, "validation": {"accuracy": 40.0}, "test": {"accuracy": 32.25806451612903}}, "0.5": {"time": 0.0014009475708007812, "reduction": 94.9090909090909, "validation": {"accuracy": 34.909090909090914}, "test": {"accuracy": 29.03225806451613}}, "0.6": {"time": 0.0013511180877685547, "reduction": 97.45454545454545, "validation": {"accuracy": 37.45454545454546}, "test": {"accuracy": 29.03225806451613}}, "0.7": {"time": 0.0013089179992675781, "reduction": 98.54545454545455, "validation": {"accuracy": 30.181818181818183}, "test": {"accuracy": 25.806451612903224}}, "0.8": {"time": 0.0014939308166503906, "reduction": 98.54545454545455, "validation": {"accuracy": 30.545454545454547}, "test": {"accuracy": 25.806451612903224}}, "0.9": {"time": 0.0014548301696777344, "reduction": 99.27272727272727, "validation": {"accuracy": 52.72727272727272}, "test": {"accuracy": 29.03225806451613}}, "1.0": {"time": 0.0012798309326171875, "reduction": 99.27272727272727, "validation": {"accuracy": 64.72727272727272}, "test": {"accuracy": 58.06451612903226}}}, "5": {"0.0": {"time": 0.0018298625946044922, "reduction": 43.27272727272727, "validation": {"accuracy": 71.63636363636363}, "test": {"accuracy": 74.19354838709677}}, "0.1": {"time": 0.0017199516296386719, "reduction": 56.00000000000001, "validation": {"accuracy": 70.18181818181817}, "test": {"accuracy": 70.96774193548387}}, "0.2": {"time": 0.0016491413116455078, "reduction": 66.54545454545455, "validation": {"accuracy": 67.27272727272727}, "test": {"accuracy": 67.74193548387096}}, "0.3": {"time": 0.0015461444854736328, "reduction": 81.0909090909091, "validation": {"accuracy": 69.0909090909091}, "test": {"accuracy": 74.19354838709677}}, "0.4": {"time": 0.0014758110046386719, "reduction": 90.18181818181819, "validation": {"accuracy": 68.72727272727272}, "test": {"accuracy": 74.19354838709677}}, "0.5": {"time": 0.001580953598022461, "reduction": 94.54545454545455, "validation": {"accuracy": 69.45454545454545}, "test": {"accuracy": 67.74193548387096}}, "0.6": {"time": 0.0013530254364013672, "reduction": 97.45454545454545, "validation": {"accuracy": 56.36363636363636}, "test": {"accuracy": 48.38709677419355}}, "0.7": {"time": 0.0013020038604736328, "reduction": 99.27272727272727, "validation": {"accuracy": 63.63636363636363}, "test": {"accuracy": 58.06451612903226}}, "0.8": {"time": 0.0012581348419189453, "reduction": 99.27272727272727, "validation": {"accuracy": 63.63636363636363}, "test": {"accuracy": 58.06451612903226}}, "0.9": {"time": 0.0012311935424804688, "reduction": 99.27272727272727, "validation": {"accuracy": 64.36363636363637}, "test": {"accuracy": 61.29032258064516}}, "1.0": {"time": 0.0012199878692626953, "reduction": 99.27272727272727, "validation": {"accuracy": 70.54545454545455}, "test": {"accuracy": 61.29032258064516}}}, "6": {"0.0": {"time": 0.0018291473388671875, "reduction": 46.54545454545455, "validation": {"accuracy": 65.0909090909091}, "test": {"accuracy": 74.19354838709677}}, "0.1": {"time": 0.001753091812133789, "reduction": 53.090909090909086, "validation": {"accuracy": 65.45454545454545}, "test": {"accuracy": 74.19354838709677}}, "0.2": {"time": 0.0017728805541992188, "reduction": 60.72727272727273, "validation": {"accuracy": 67.27272727272727}, "test": {"accuracy": 74.19354838709677}}, "0.3": {"time": 0.001605987548828125, "reduction": 71.63636363636363, "validation": {"accuracy": 62.54545454545455}, "test": {"accuracy": 74.19354838709677}}, "0.4": {"time": 0.0015058517456054688, "reduction": 86.9090909090909, "validation": {"accuracy": 64.72727272727272}, "test": {"accuracy": 74.19354838709677}}, "0.5": {"time": 0.0014421939849853516, "reduction": 97.0909090909091, "validation": {"accuracy": 57.81818181818181}, "test": {"accuracy": 61.29032258064516}}, "0.6": {"time": 0.0013349056243896484, "reduction": 98.54545454545455, "validation": {"accuracy": 53.090909090909086}, "test": {"accuracy": 54.83870967741935}}, "0.7": {"time": 0.0012891292572021484, "reduction": 98.9090909090909, "validation": {"accuracy": 52.0}, "test": {"accuracy": 61.29032258064516}}, "0.8": {"time": 0.001377105712890625, "reduction": 99.27272727272727, "validation": {"accuracy": 60.0}, "test": {"accuracy": 45.16129032258064}}, "0.9": {"time": 0.0012569427490234375, "reduction": 99.27272727272727, "validation": {"accuracy": 54.90909090909091}, "test": {"accuracy": 45.16129032258064}}, "1.0": {"time": 0.0011830329895019531, "reduction": 99.27272727272727, "validation": {"accuracy": 54.54545454545454}, "test": {"accuracy": 41.935483870967744}}}, "7": {"0.0": {"time": 0.0020029544830322266, "reduction": 43.11594202898551, "validation": {"accuracy": 63.76811594202898}, "test": {"accuracy": 76.66666666666667}}, "0.1": {"time": 0.0018036365509033203, "reduction": 48.18840579710145, "validation": {"accuracy": 62.31884057971014}, "test": {"accuracy": 80.0}}, "0.2": {"time": 0.0016798973083496094, "reduction": 59.42028985507246, "validation": {"accuracy": 54.347826086956516}, "test": {"accuracy": 66.66666666666666}}, "0.3": {"time": 0.0015947818756103516, "reduction": 73.91304347826086, "validation": {"accuracy": 50.72463768115942}, "test": {"accuracy": 50.0}}, "0.4": {"time": 0.0015170574188232422, "reduction": 83.69565217391303, "validation": {"accuracy": 51.08695652173913}, "test": {"accuracy": 56.666666666666664}}, "0.5": {"time": 0.001428842544555664, "reduction": 96.37681159420289, "validation": {"accuracy": 51.449275362318836}, "test": {"accuracy": 43.333333333333336}}, "0.6": {"time": 0.0013427734375,