{"3": {"0.0": {"time": 241.7218759059906, "reduction": 8.674199437509255, "validation": {"accuracy": 61.97102021348333}, "test": {"accuracy": 62.388987566607454}}, "0.1": {"time": 202.37583088874817, "reduction": 37.925363069686355, "validation": {"accuracy": 61.997335570138645}, "test": {"accuracy": 62.35938425103612}}, "0.2": {"time": 170.38134813308716, "reduction": 72.15670794888243, "validation": {"accuracy": 62.75883620335192}, "test": {"accuracy": 63.20307874481942}}, "0.3": {"time": 161.07539105415344, "reduction": 84.28479794740218, "validation": {"accuracy": 63.57296754987583}, "test": {"accuracy": 64.10597986974541}}, "0.4": {"time": 159.55599689483643, "reduction": 88.08078814493183, "validation": {"accuracy": 63.86243647308433}, "test": {"accuracy": 63.82474837181764}}, "0.5": {"time": 157.1560399532318, "reduction": 90.17121428923866, "validation": {"accuracy": 64.11901120047368}, "test": {"accuracy": 64.13558318531676}}, "0.6": {"time": 164.50402402877808, "reduction": 91.31264288416308, "validation": {"accuracy": 64.47426851532047}, "test": {"accuracy": 64.77205447010064}}, "0.7": {"time": 158.91925024986267, "reduction": 91.82085820956893, "validation": {"accuracy": 65.56142168714331}, "test": {"accuracy": 65.60094730609828}}, "0.8": {"time": 160.12310695648193, "reduction": 92.34881005246625, "validation": {"accuracy": 65.73740563477574}, "test": {"accuracy": 65.73416222616933}}, "0.9": {"time": 156.6307520866394, "reduction": 93.38333251097843, "validation": {"accuracy": 65.78016808934063}, "test": {"accuracy": 65.76376554174067}}, "1.0": {"time": 148.3973479270935, "reduction": 99.99506587062713, "validation": {"accuracy": 65.82950938306936}, "test": {"accuracy": 65.83777383066904}}}, "4": {"0.0": {"time": 242.46462893486023, "reduction": 8.70051479416457, "validation": {"accuracy": 62.09766286738705}, "test": {"accuracy": 61.737714624037885}}, "0.1": {"time": 214.76547503471375, "reduction": 36.29216624726567, "validation": {"accuracy": 62.09930757717801}, "test": {"accuracy": 61.70811130846655}}, "0.2": {"time": 163.63556718826294, "reduction": 72.03993355372444, "validation": {"accuracy": 63.281853916876365}, "test": {"accuracy": 63.025458851391356}}, "0.3": {"time": 155.11509609222412, "reduction": 84.3456522096676, "validation": {"accuracy": 64.06309106758113}, "test": {"accuracy": 64.41681468324452}}, "0.4": {"time": 152.4735279083252, "reduction": 88.31269222545681, "validation": {"accuracy": 64.08940642423644}, "test": {"accuracy": 64.34280639431617}}, "0.5": {"time": 150.93458890914917, "reduction": 90.35048765645301, "validation": {"accuracy": 63.890396539530606}, "test": {"accuracy": 64.09117821195974}}, "0.6": {"time": 149.91446566581726, "reduction": 91.29948520583542, "validation": {"accuracy": 64.78511866581141}, "test": {"accuracy": 64.96447602131438}}, "0.7": {"time": 148.29863810539246, "reduction": 91.9030936991168, "validation": {"accuracy": 65.65188072564597}, "test": {"accuracy": 65.6453522794553}}, "0.8": {"time": 146.29085111618042, "reduction": 92.38828308744922, "validation": {"accuracy": 65.74562918373054}, "test": {"accuracy": 65.76376554174067}}, "0.9": {"time": 140.85698699951172, "reduction": 93.37510896202366, "validation": {"accuracy": 65.78839163829542}, "test": {"accuracy": 65.76376554174067}}, "1.0": {"time": 137.09002995491028, "reduction": 99.99506587062713, "validation": {"accuracy": 65.83115409286032}, "test": {"accuracy": 65.82297217288337}}}, "5": {"0.0": {"time": 227.91803002357483, "reduction": 8.735053699774674, "validation": {"accuracy": 61.90687653163599}, "test": {"accuracy": 61.678507992895206}}, "0.1": {"time": 192.03242015838623, "reduction": 39.203302577260246, "validation": {"accuracy": 61.882205884771636}, "test": {"accuracy": 61.54529307282416}}, "0.2": {"time": 162.9025158882141, "reduction": 74.18627983092382, "validation": {"accuracy": 63.29172217562211}, "test": {"accuracy": 62.84783895796329}}, "0.3": {"time": 154.96073389053345, "reduction": 84.57426687061069, "validation": {"accuracy": 63.995657966151875}, "test": {"accuracy": 63.73593842510361}}, "0.4": {"time": 152.56311917304993, "reduction": 88.04131510994885, "validation": {"accuracy": 64.36736237890824}, "test": {"accuracy": 64.1651865008881}}, "0.5": {"time": 151.04148316383362, "reduction": 90.41627604809132, "validation": {"accuracy": 64.06144635779016}, "test": {"accuracy": 63.92835997631735}}, "0.6": {"time": 151.31172013282776, "reduction": 91.3504712093551, "validation": {"accuracy": 64.83610466933109}, "test": {"accuracy": 64.9052693901717}}, "0.7": {"time": 148.66160106658936, "reduction": 91.8603312445519, "validation": {"accuracy": 65.67655137251032}, "test": {"accuracy": 65.68975725281231}}, "0.8": {"time": 146.69506192207336, "reduction": 92.35538889163007, "validation": {"accuracy": 65.76536570122202}, "test": {"accuracy": 65.77856719952635}}, "0.9": {"time": 141.2987699508667, "reduction": 93.22215095146461, "validation": {"accuracy": 65.79332576766829}, "test": {"accuracy": 65.82297217288337}}, "1.0": {"time": 137.12676095962524, "reduction": 99.99506587062713, "validation": {"accuracy": 65.83115409286032}, "test": {"accuracy": 65.82297217288337}}}, "6": {"0.0": {"time": 227.3396873474121, "reduction": 9.205440699988488, "validation": {"accuracy": 62.10095228696897}, "test": {"accuracy": 62.62581409117821}}, "0.1": {"time": 193.8201448917389, "reduction": 36.90564299929277, "validation": {"accuracy": 62.08943931843226}, "test": {"accuracy": 62.62581409117821}}, "0.2": {"time": 163.45863509178162, "reduction": 72.43301919376326, "validation": {"accuracy": 62.90850479432905}, "test": {"accuracy": 63.025458851391356}}, "0.3": {"time": 154.91495203971863, "reduction": 84.42788769921547, "validation": {"accuracy": 63.40520715119817}, "test": {"accuracy": 63.98756660746003}}, "0.4": {"time": 152.37651419639587, "reduction": 88.05282807848556, "validation": {"accuracy": 64.09927468298218}, "test": {"accuracy": 64.56483126110125}}, "0.5": {"time": 151.21092891693115, "reduction": 90.36035591519877, "validation": {"accuracy": 64.0910511340274}, "test": {"accuracy": 64.31320307874482}}, "0.6": {"time": 149.72642922401428, "reduction": 91.28961694708968, "validation": {"accuracy": 64.87557770431407}, "test": {"accuracy": 64.99407933688573}}, "0.7": {"time": 148.59012722969055, "reduction": 91.78796401374979, "validation": {"accuracy": 65.68641963125607}, "test": {"accuracy": 65.61574896388396}}, "0.8": {"time": 147.22949194908142, "reduction": 92.36361244058486, "validation": {"accuracy": 65.76536570122202}, "test": {"accuracy": 65.748963883955}}, "0.9": {"time": 140.58200979232788, "reduction": 93.57411884672949, "validation": {"accuracy": 65.79497047745924}, "test": {"accuracy": 65.80817051509769}}, "1.0": {"time": 137.10993099212646, "reduction": 99.99506587062713, "validation": {"accuracy": 65.83115409286032}, "test": {"accuracy": 65.82297217288337}}}, "7": {"0.0": {"time": 227.5730710029602, "reduction": 9.146231147514017, "validation": {"accuracy": 61.980888472229076}, "test": {"accuracy": 62.59621077560686}}, "0.1": {"time": 193.01573204994202, "reduction": 38.20825315373102, "validation": {"accuracy": 61.96608608411046}, "test": {"accuracy": 62.56660746003553}}, "0.2": {"time": 163.5855770111084, "reduction": 72.11230078452657, "validation": {"accuracy": 63.34435288893274}, "test": {"accuracy": 64.0615748963884}}, "0.3": {"time": 154.9487726688385, "reduction": 84.54137267479153, "validation": {"accuracy": 64.1255900396375}, "test": {"accuracy": 64.43161634103019}}, "0.4": {"time": 152.429132938385, "reduction": 88.36861235834937, "validation": {"accuracy": 63.96934260949655}, "test": {"accuracy": 64.17998815867378}}, "0.5": {"time": 151.12845706939697, "reduction": 90.62186477196099, "validation": {"accuracy": 63.814739889146566}, "test": {"accuracy": 64.34280639431617}}, "0.6": {"time": 149.81406784057617, "reduction": 91.39816779329287, "validation": {"accuracy": 64.64860775316195},