{"3": {"0.0": {"time": 0.011455059051513672, "reduction": 43.41534008683068, "validation": {"accuracy": 69.03039073806077}, "test": {"accuracy": 54.54545454545454}}, "0.1": {"time": 0.009865999221801758, "reduction": 49.63820549927641, "validation": {"accuracy": 69.17510853835022}, "test": {"accuracy": 51.94805194805194}}, "0.2": {"time": 0.010190248489379883, "reduction": 52.38784370477569, "validation": {"accuracy": 44.57308248914617}, "test": {"accuracy": 37.66233766233766}}, "0.3": {"time": 0.010032892227172852, "reduction": 61.50506512301013, "validation": {"accuracy": 45.875542691751086}, "test": {"accuracy": 38.961038961038966}}, "0.4": {"time": 0.009060859680175781, "reduction": 76.12156295224312, "validation": {"accuracy": 36.90303907380608}, "test": {"accuracy": 35.064935064935064}}, "0.5": {"time": 0.008563041687011719, "reduction": 92.47467438494935, "validation": {"accuracy": 35.89001447178003}, "test": {"accuracy": 33.76623376623377}}, "0.6": {"time": 0.007689952850341797, "reduction": 97.5397973950796, "validation": {"accuracy": 41.67872648335745}, "test": {"accuracy": 38.961038961038966}}, "0.7": {"time": 0.007344722747802734, "reduction": 98.84225759768451, "validation": {"accuracy": 38.35021707670043}, "test": {"accuracy": 35.064935064935064}}, "0.8": {"time": 0.0070989131927490234, "reduction": 99.56584659913169, "validation": {"accuracy": 41.09985528219971}, "test": {"accuracy": 37.66233766233766}}, "0.9": {"time": 0.006693840026855469, "reduction": 99.71056439942113, "validation": {"accuracy": 43.56005788712012}, "test": {"accuracy": 37.66233766233766}}, "1.0": {"time": 0.00681304931640625, "reduction": 99.71056439942113, "validation": {"accuracy": 67.58321273516643}, "test": {"accuracy": 58.44155844155844}}}, "4": {"0.0": {"time": 0.009917974472045898, "reduction": 47.467438494934875, "validation": {"accuracy": 65.99131693198264}, "test": {"accuracy": 63.63636363636363}}, "0.1": {"time": 0.010154962539672852, "reduction": 49.05933429811867, "validation": {"accuracy": 65.26772793053546}, "test": {"accuracy": 38.961038961038966}}, "0.2": {"time": 0.009853839874267578, "reduction": 52.96671490593343, "validation": {"accuracy": 43.99421128798842}, "test": {"accuracy": 28.57142857142857}}, "0.3": {"time": 0.009192943572998047, "reduction": 62.66280752532561, "validation": {"accuracy": 37.48191027496382}, "test": {"accuracy": 35.064935064935064}}, "0.4": {"time": 0.008853912353515625, "reduction": 79.16063675832127, "validation": {"accuracy": 36.90303907380608}, "test": {"accuracy": 33.76623376623377}}, "0.5": {"time": 0.007944107055664062, "reduction": 92.90882778581766, "validation": {"accuracy": 38.35021707670043}, "test": {"accuracy": 28.57142857142857}}, "0.6": {"time": 0.007340192794799805, "reduction": 97.5397973950796, "validation": {"accuracy": 38.205499276411}, "test": {"accuracy": 29.87012987012987}}, "0.7": {"time": 0.007132053375244141, "reduction": 98.98697539797395, "validation": {"accuracy": 38.63965267727931}, "test": {"accuracy": 29.87012987012987}}, "0.8": {"time": 0.007005214691162109, "reduction": 99.42112879884226, "validation": {"accuracy": 47.178002894356005}, "test": {"accuracy": 29.87012987012987}}, "0.9": {"time": 0.00663304328918457, "reduction": 99.71056439942113, "validation": {"accuracy": 48.62518089725037}, "test": {"accuracy": 29.87012987012987}}, "1.0": {"time": 0.006716251373291016, "reduction": 99.71056439942113, "validation": {"accuracy": 66.57018813314038}, "test": {"accuracy": 67.53246753246754}}}, "5": {"0.0": {"time": 0.009934186935424805, "reduction": 46.30969609261939, "validation": {"accuracy": 66.42547033285095}, "test": {"accuracy": 61.038961038961034}}, "0.1": {"time": 0.01040792465209961, "reduction": 50.7959479015919, "validation": {"accuracy": 66.42547033285095}, "test": {"accuracy": 61.038961038961034}}, "0.2": {"time": 0.011192083358764648, "reduction": 53.11143270622287, "validation": {"accuracy": 45.875542691751086}, "test": {"accuracy": 37.66233766233766}}, "0.3": {"time": 0.009412765502929688, "reduction": 59.7684515195369, "validation": {"accuracy": 46.30969609261939}, "test": {"accuracy": 37.66233766233766}}, "0.4": {"time": 0.009252309799194336, "reduction": 73.51664254703329, "validation": {"accuracy": 46.7438494934877}, "test": {"accuracy": 36.36363636363637}}, "0.5": {"time": 0.00831294059753418, "reduction": 87.4095513748191, "validation": {"accuracy": 40.2315484804631}, "test": {"accuracy": 38.961038961038966}}, "0.6": {"time": 0.007880926132202148, "reduction": 96.81620839363242, "validation": {"accuracy": 41.09985528219971}, "test": {"accuracy": 41.55844155844156}}, "0.7": {"time": 0.007075071334838867, "reduction": 98.98697539797395, "validation": {"accuracy": 40.08683068017366}, "test": {"accuracy": 37.66233766233766}}, "0.8": {"time": 0.007044792175292969, "reduction": 99.42112879884226, "validation": {"accuracy": 47.32272069464544}, "test": {"accuracy": 44.15584415584416}}, "0.9": {"time": 0.006905078887939453, "reduction": 99.71056439942113, "validation": {"accuracy": 47.756874095513744}, "test": {"accuracy": 46.75324675324675}}, "1.0": {"time": 0.0068187713623046875, "reduction": 99.71056439942113, "validation": {"accuracy": 67.00434153400869}, "test": {"accuracy": 57.14285714285714}}}, "6": {"0.0": {"time": 0.010635137557983398, "reduction": 40.37626628075254, "validation": {"accuracy": 65.41244573082489}, "test": {"accuracy": 64.93506493506493}}, "0.1": {"time": 0.010622978210449219, "reduction": 45.73082489146165, "validation": {"accuracy": 65.26772793053546}, "test": {"accuracy": 68.83116883116884}}, "0.2": {"time": 0.009980916976928711, "reduction": 47.03328509406657, "validation": {"accuracy": 65.26772793053546}, "test": {"accuracy": 55.84415584415584}}, "0.3": {"time": 0.009727954864501953, "reduction": 56.58465991316932, "validation": {"accuracy": 63.09696092619392}, "test": {"accuracy": 53.246753246753244}}, "0.4": {"time": 0.008913993835449219, "reduction": 68.7409551374819, "validation": {"accuracy": 56.150506512301014}, "test": {"accuracy": 40.25974025974026}}, "0.5": {"time": 0.008976221084594727, "reduction": 89.00144717800289, "validation": {"accuracy": 54.12445730824892}, "test": {"accuracy": 49.35064935064935}}, "0.6": {"time": 0.007739067077636719, "reduction": 97.39507959479016, "validation": {"accuracy": 45.00723589001447}, "test": {"accuracy": 42.857142857142854}}, "0.7": {"time": 0.010812044143676758, "reduction": 98.55282199710564, "validation": {"accuracy": 41.09985528219971}, "test": {"accuracy": 40.25974025974026}}, "0.8": {"time": 0.006963253021240234, "reduction": 99.27641099855282, "validation": {"accuracy": 46.59913169319827}, "test": {"accuracy": 44.15584415584416}}, "0.9": {"time": 0.00814509391784668, "reduction": 99.27641099855282, "validation": {"accuracy": 44.862518089725036}, "test": {"accuracy": 45.45454545454545}}, "1.0": {"time": 0.00735926628112793, "reduction": 99.71056439942113, "validation": {"accuracy": 66.42547033285095}, "test": {"accuracy": 72.72727272727273}}}, "7": {"0.0": {"time": 0.01324915885925293, "reduction": 39.797395079594786, "validation": {"accuracy": 62.51808972503618}, "test": {"accuracy": 36.36363636363637}}, "0.1": {"time": 0.010416030883789062, "reduction": 46.16497829232996, "validation": {"accuracy": 45.58610709117221}, "test": {"accuracy": 41.55844155844156}}, "0.2": {"time": 0.010204792022705078, "reduction": 50.65123010130246, "validation": {"accuracy": 43.849493487698986}, "test": {"accuracy": 35.064935064935064}}, "0.3": {"time": 0.009778738021850586, "reduction": 59.7684515195369, "validation": {"accuracy": 38.92908827785818}, "test": {"accuracy": 35.064935064935064}}, "0.4": {"time": 0.009226083755493164, "reduction": 73.9507959479016, "validation": {"accuracy": 35.166425470332854}, "test": {"accuracy": 33.76623376623377}}, "0.5": {"time": 0.008322954177856445, "reduction": 90.30390738060781, "validation": {"accuracy": 35.60057887120116}, "test": {"accuracy": 36.36363636363637}},