{"3": {"0.0": {"time": 0.007116079330444336, "reduction": 8.227848101265822, "validation": {"accuracy": 65.50632911392405}, "test": {"accuracy": 68.57142857142857}}, "0.1": {"time": 0.005853891372680664, "reduction": 43.35443037974683, "validation": {"accuracy": 65.82278481012658}, "test": {"accuracy": 68.57142857142857}}, "0.2": {"time": 0.005722999572753906, "reduction": 47.15189873417721, "validation": {"accuracy": 67.40506329113924}, "test": {"accuracy": 71.42857142857143}}, "0.3": {"time": 0.005249738693237305, "reduction": 58.22784810126582, "validation": {"accuracy": 63.60759493670886}, "test": {"accuracy": 74.28571428571429}}, "0.4": {"time": 0.005208015441894531, "reduction": 72.46835443037975, "validation": {"accuracy": 62.34177215189873}, "test": {"accuracy": 31.428571428571427}}, "0.5": {"time": 0.00609278678894043, "reduction": 79.74683544303798, "validation": {"accuracy": 36.075949367088604}, "test": {"accuracy": 34.285714285714285}}, "0.6": {"time": 0.004651069641113281, "reduction": 86.70886075949366, "validation": {"accuracy": 36.075949367088604}, "test": {"accuracy": 34.285714285714285}}, "0.7": {"time": 0.004227638244628906, "reduction": 92.72151898734178, "validation": {"accuracy": 36.075949367088604}, "test": {"accuracy": 34.285714285714285}}, "0.8": {"time": 0.004361867904663086, "reduction": 96.51898734177216, "validation": {"accuracy": 36.075949367088604}, "test": {"accuracy": 34.285714285714285}}, "0.9": {"time": 0.005589008331298828, "reduction": 98.41772151898735, "validation": {"accuracy": 48.734177215189874}, "test": {"accuracy": 65.71428571428571}}, "1.0": {"time": 0.004286050796508789, "reduction": 99.36708860759494, "validation": {"accuracy": 67.40506329113924}, "test": {"accuracy": 68.57142857142857}}}, "4": {"0.0": {"time": 0.0070209503173828125, "reduction": 15.189873417721522, "validation": {"accuracy": 63.92405063291139}, "test": {"accuracy": 65.71428571428571}}, "0.1": {"time": 0.006592988967895508, "reduction": 50.0, "validation": {"accuracy": 63.92405063291139}, "test": {"accuracy": 65.71428571428571}}, "0.2": {"time": 0.005835056304931641, "reduction": 51.26582278481013, "validation": {"accuracy": 63.92405063291139}, "test": {"accuracy": 65.71428571428571}}, "0.3": {"time": 0.005668163299560547, "reduction": 60.44303797468354, "validation": {"accuracy": 64.24050632911393}, "test": {"accuracy": 65.71428571428571}}, "0.4": {"time": 0.005610942840576172, "reduction": 72.78481012658227, "validation": {"accuracy": 64.55696202531645}, "test": {"accuracy": 62.857142857142854}}, "0.5": {"time": 0.005541086196899414, "reduction": 83.22784810126582, "validation": {"accuracy": 60.12658227848101}, "test": {"accuracy": 62.857142857142854}}, "0.6": {"time": 0.004967927932739258, "reduction": 89.87341772151899, "validation": {"accuracy": 57.59493670886076}, "test": {"accuracy": 34.285714285714285}}, "0.7": {"time": 0.004416704177856445, "reduction": 94.62025316455697, "validation": {"accuracy": 36.075949367088604}, "test": {"accuracy": 34.285714285714285}}, "0.8": {"time": 0.004117012023925781, "reduction": 97.46835443037975, "validation": {"accuracy": 36.075949367088604}, "test": {"accuracy": 34.285714285714285}}, "0.9": {"time": 0.0053179264068603516, "reduction": 98.41772151898735, "validation": {"accuracy": 36.392405063291136}, "test": {"accuracy": 37.142857142857146}}, "1.0": {"time": 0.0038824081420898438, "reduction": 99.36708860759494, "validation": {"accuracy": 64.55696202531645}, "test": {"accuracy": 68.57142857142857}}}, "5": {"0.0": {"time": 0.006981849670410156, "reduction": 11.708860759493668, "validation": {"accuracy": 64.87341772151899}, "test": {"accuracy": 71.42857142857143}}, "0.1": {"time": 0.005729198455810547, "reduction": 46.20253164556962, "validation": {"accuracy": 64.87341772151899}, "test": {"accuracy": 71.42857142857143}}, "0.2": {"time": 0.005590915679931641, "reduction": 51.58227848101266, "validation": {"accuracy": 66.45569620253164}, "test": {"accuracy": 71.42857142857143}}, "0.3": {"time": 0.005847930908203125, "reduction": 58.54430379746836, "validation": {"accuracy": 67.40506329113924}, "test": {"accuracy": 68.57142857142857}}, "0.4": {"time": 0.0052242279052734375, "reduction": 71.51898734177216, "validation": {"accuracy": 67.72151898734177}, "test": {"accuracy": 65.71428571428571}}, "0.5": {"time": 0.00484776496887207, "reduction": 75.9493670886076, "validation": {"accuracy": 36.708860759493675}, "test": {"accuracy": 37.142857142857146}}, "0.6": {"time": 0.004313945770263672, "reduction": 83.86075949367088, "validation": {"accuracy": 53.48101265822785}, "test": {"accuracy": 45.714285714285715}}, "0.7": {"time": 0.004808902740478516, "reduction": 91.13924050632912, "validation": {"accuracy": 36.075949367088604}, "test": {"accuracy": 34.285714285714285}}, "0.8": {"time": 0.004078865051269531, "reduction": 95.56962025316456, "validation": {"accuracy": 36.075949367088604}, "test": {"accuracy": 34.285714285714285}}, "0.9": {"time": 0.004197835922241211, "reduction": 98.41772151898735, "validation": {"accuracy": 37.0253164556962}, "test": {"accuracy": 42.857142857142854}}, "1.0": {"time": 0.004316091537475586, "reduction": 99.36708860759494, "validation": {"accuracy": 66.77215189873418}, "test": {"accuracy": 68.57142857142857}}}, "6": {"0.0": {"time": 0.00609588623046875, "reduction": 11.075949367088612, "validation": {"accuracy": 64.55696202531645}, "test": {"accuracy": 62.857142857142854}}, "0.1": {"time": 0.005206108093261719, "reduction": 49.68354430379747, "validation": {"accuracy": 64.55696202531645}, "test": {"accuracy": 62.857142857142854}}, "0.2": {"time": 0.00566411018371582, "reduction": 53.48101265822785, "validation": {"accuracy": 66.45569620253164}, "test": {"accuracy": 65.71428571428571}}, "0.3": {"time": 0.005208015441894531, "reduction": 62.65822784810127, "validation": {"accuracy": 66.77215189873418}, "test": {"accuracy": 65.71428571428571}}, "0.4": {"time": 0.005383968353271484, "reduction": 76.89873417721519, "validation": {"accuracy": 62.65822784810127}, "test": {"accuracy": 42.857142857142854}}, "0.5": {"time": 0.004935741424560547, "reduction": 80.0632911392405, "validation": {"accuracy": 54.11392405063291}, "test": {"accuracy": 42.857142857142854}}, "0.6": {"time": 0.005409955978393555, "reduction": 87.34177215189874, "validation": {"accuracy": 56.32911392405063}, "test": {"accuracy": 34.285714285714285}}, "0.7": {"time": 0.004312038421630859, "reduction": 93.9873417721519, "validation": {"accuracy": 35.75949367088608}, "test": {"accuracy": 37.142857142857146}}, "0.8": {"time": 0.005133867263793945, "reduction": 96.20253164556962, "validation": {"accuracy": 35.75949367088608}, "test": {"accuracy": 37.142857142857146}}, "0.9": {"time": 0.004388093948364258, "reduction": 98.10126582278481, "validation": {"accuracy": 35.75949367088608}, "test": {"accuracy": 37.142857142857146}}, "1.0": {"time": 0.005028963088989258, "reduction": 99.36708860759494, "validation": {"accuracy": 36.708860759493675}, "test": {"accuracy": 37.142857142857146}}}, "7": {"0.0": {"time": 0.007143974304199219, "reduction": 12.9746835443038, "validation": {"accuracy": 64.87341772151899}, "test": {"accuracy": 68.57142857142857}}, "0.1": {"time": 0.0054111480712890625, "reduction": 48.73417721518988, "validation": {"accuracy": 64.87341772151899}, "test": {"accuracy": 68.57142857142857}}, "0.2": {"time": 0.0072290897369384766, "reduction": 50.9493670886076, "validation": {"accuracy": 65.50632911392405}, "test": {"accuracy": 65.71428571428571}}, "0.3": {"time": 0.005221128463745117, "reduction": 59.17721518987342, "validation": {"accuracy": 64.24050632911393}, "test": {"accuracy": 40.0}}, "0.4": {"time": 0.005039215087890625, "reduction": 71.51898734177216, "validation": {"accuracy": 66.13924050632912}, "test": {"accuracy": 37.142857142857146}}, "0.5": {"time": 0.004873991012573242, "reduction": 79.43037974683544, "validation": {"accuracy": 65.50632911392405}, "test": {"accuracy": 40.0}},