{"3": {"0.0": {"time": 0.18115496635437012, "reduction": 8.8023088023088, "validation": {"accuracy": 14.71861471861472}, "test": {"accuracy": 14.285714285714285}}, "0.1": {"time": 0.17274093627929688, "reduction": 10.437710437710434, "validation": {"accuracy": 14.526214526214526}, "test": {"accuracy": 14.285714285714285}}, "0.2": {"time": 0.1643362045288086, "reduction": 16.113516113516113, "validation": {"accuracy": 14.71861471861472}, "test": {"accuracy": 16.450216450216452}}, "0.3": {"time": 0.15204381942749023, "reduction": 25.589225589225585, "validation": {"accuracy": 15.584415584415584}, "test": {"accuracy": 15.151515151515152}}, "0.4": {"time": 0.14023709297180176, "reduction": 37.61423761423761, "validation": {"accuracy": 16.065416065416066}, "test": {"accuracy": 15.584415584415584}}, "0.5": {"time": 0.12665796279907227, "reduction": 53.823953823953815, "validation": {"accuracy": 15.921115921115922}, "test": {"accuracy": 15.584415584415584}}, "0.6": {"time": 0.11244606971740723, "reduction": 71.42857142857143, "validation": {"accuracy": 15.295815295815295}, "test": {"accuracy": 15.151515151515152}}, "0.7": {"time": 0.10736703872680664, "reduction": 85.23328523328524, "validation": {"accuracy": 15.295815295815295}, "test": {"accuracy": 16.450216450216452}}, "0.8": {"time": 0.10350799560546875, "reduction": 95.23809523809523, "validation": {"accuracy": 14.766714766714767}, "test": {"accuracy": 15.151515151515152}}, "0.9": {"time": 0.10203790664672852, "reduction": 98.84559884559884, "validation": {"accuracy": 13.564213564213565}, "test": {"accuracy": 14.71861471861472}}, "1.0": {"time": 0.10482406616210938, "reduction": 99.66329966329967, "validation": {"accuracy": 14.045214045214044}, "test": {"accuracy": 15.151515151515152}}}, "4": {"0.0": {"time": 0.17111706733703613, "reduction": 9.571909571909575, "validation": {"accuracy": 15.199615199615199}, "test": {"accuracy": 13.41991341991342}}, "0.1": {"time": 0.16762280464172363, "reduction": 11.88071188071188, "validation": {"accuracy": 15.103415103415102}, "test": {"accuracy": 14.285714285714285}}, "0.2": {"time": 0.16373968124389648, "reduction": 16.209716209716206, "validation": {"accuracy": 15.44011544011544}, "test": {"accuracy": 14.71861471861472}}, "0.3": {"time": 0.15144085884094238, "reduction": 24.242424242424242, "validation": {"accuracy": 15.728715728715729}, "test": {"accuracy": 13.852813852813853}}, "0.4": {"time": 0.14046025276184082, "reduction": 34.72823472823473, "validation": {"accuracy": 16.257816257816256}, "test": {"accuracy": 14.285714285714285}}, "0.5": {"time": 0.12279081344604492, "reduction": 53.67965367965368, "validation": {"accuracy": 15.873015873015872}, "test": {"accuracy": 14.71861471861472}}, "0.6": {"time": 0.11236095428466797, "reduction": 70.61087061087062, "validation": {"accuracy": 16.305916305916305}, "test": {"accuracy": 17.74891774891775}}, "0.7": {"time": 0.10644316673278809, "reduction": 84.17508417508417, "validation": {"accuracy": 16.64261664261664}, "test": {"accuracy": 16.017316017316016}}, "0.8": {"time": 0.10216498374938965, "reduction": 94.13179413179414, "validation": {"accuracy": 15.584415584415584}, "test": {"accuracy": 16.883116883116884}}, "0.9": {"time": 0.10539078712463379, "reduction": 98.6050986050986, "validation": {"accuracy": 15.68061568061568}, "test": {"accuracy": 15.584415584415584}}, "1.0": {"time": 0.10908174514770508, "reduction": 99.66329966329967, "validation": {"accuracy": 16.354016354016355}, "test": {"accuracy": 15.584415584415584}}}, "5": {"0.0": {"time": 0.1921529769897461, "reduction": 9.090909090909093, "validation": {"accuracy": 16.20971620971621}, "test": {"accuracy": 16.017316017316016}}, "0.1": {"time": 0.19165802001953125, "reduction": 11.20731120731121, "validation": {"accuracy": 16.20971620971621}, "test": {"accuracy": 16.017316017316016}}, "0.2": {"time": 0.159559965133667, "reduction": 16.161616161616166, "validation": {"accuracy": 16.402116402116402}, "test": {"accuracy": 16.017316017316016}}, "0.3": {"time": 0.14947199821472168, "reduction": 26.83982683982684, "validation": {"accuracy": 15.343915343915343}, "test": {"accuracy": 16.883116883116884}}, "0.4": {"time": 0.1364421844482422, "reduction": 39.442039442039444, "validation": {"accuracy": 15.055315055315056}, "test": {"accuracy": 17.74891774891775}}, "0.5": {"time": 0.12427377700805664, "reduction": 56.373256373256375, "validation": {"accuracy": 15.392015392015393}, "test": {"accuracy": 16.450216450216452}}, "0.6": {"time": 0.11278104782104492, "reduction": 73.25637325637327, "validation": {"accuracy": 15.63251563251563}, "test": {"accuracy": 13.41991341991342}}, "0.7": {"time": 0.10554385185241699, "reduction": 87.73448773448773, "validation": {"accuracy": 16.20971620971621}, "test": {"accuracy": 12.121212121212121}}, "0.8": {"time": 0.10566496849060059, "reduction": 95.52669552669553, "validation": {"accuracy": 16.161616161616163}, "test": {"accuracy": 12.554112554112553}}, "0.9": {"time": 0.10492610931396484, "reduction": 98.94179894179894, "validation": {"accuracy": 15.44011544011544}, "test": {"accuracy": 12.987012987012985}}, "1.0": {"time": 0.10657477378845215, "reduction": 99.66329966329967, "validation": {"accuracy": 13.708513708513708}, "test": {"accuracy": 13.41991341991342}}}, "6": {"0.0": {"time": 0.1711432933807373, "reduction": 9.042809042809042, "validation": {"accuracy": 15.055315055315056}, "test": {"accuracy": 17.316017316017316}}, "0.1": {"time": 0.17245697975158691, "reduction": 10.822510822510822, "validation": {"accuracy": 15.055315055315056}, "test": {"accuracy": 17.316017316017316}}, "0.2": {"time": 0.16824817657470703, "reduction": 14.911014911014908, "validation": {"accuracy": 14.766714766714767}, "test": {"accuracy": 17.74891774891775}}, "0.3": {"time": 0.1583259105682373, "reduction": 21.693121693121697, "validation": {"accuracy": 15.151515151515152}, "test": {"accuracy": 17.74891774891775}}, "0.4": {"time": 0.14675211906433105, "reduction": 33.140933140933136, "validation": {"accuracy": 16.546416546416545}, "test": {"accuracy": 15.584415584415584}}, "0.5": {"time": 0.15912222862243652, "reduction": 48.003848003848006, "validation": {"accuracy": 15.199615199615199}, "test": {"accuracy": 15.584415584415584}}, "0.6": {"time": 0.12863683700561523, "reduction": 66.71476671476671, "validation": {"accuracy": 17.17171717171717}, "test": {"accuracy": 16.017316017316016}}, "0.7": {"time": 0.12192010879516602, "reduction": 83.02068302068302, "validation": {"accuracy": 16.738816738816737}, "test": {"accuracy": 18.614718614718615}}, "0.8": {"time": 0.11766195297241211, "reduction": 94.51659451659452, "validation": {"accuracy": 15.63251563251563}, "test": {"accuracy": 17.74891774891775}}, "0.9": {"time": 0.11565685272216797, "reduction": 98.46079846079846, "validation": {"accuracy": 15.103415103415102}, "test": {"accuracy": 14.71861471861472}}, "1.0": {"time": 0.11569523811340332, "reduction": 99.66329966329967, "validation": {"accuracy": 14.766714766714767}, "test": {"accuracy": 16.883116883116884}}}, "7": {"0.0": {"time": 0.1937568187713623, "reduction": 9.764309764309765, "validation": {"accuracy": 15.584415584415584}, "test": {"accuracy": 12.554112554112553}}, "0.1": {"time": 0.19482779502868652, "reduction": 11.736411736411734, "validation": {"accuracy": 15.584415584415584}, "test": {"accuracy": 12.554112554112553}}, "0.2": {"time": 0.17364215850830078, "reduction": 16.979316979316984, "validation": {"accuracy": 15.44011544011544}, "test": {"accuracy": 13.41991341991342}}, "0.3": {"time": 0.1650831699371338, "reduction": 27.27272727272727, "validation": {"accuracy": 15.536315536315538}, "test": {"accuracy": 12.554112554112553}}, "0.4": {"time": 0.15782594680786133, "reduction": 39.73063973063973, "validation": {"accuracy": 15.536315536315538}, "test": {"accuracy": 11.688311688311687}}, "0.5": {"time": 0.1401200294494629, "reduction": 54.93025493025493, "validation": {"accuracy": 16.017316017316016},