{"3": {"0.0": {"time": 0.008094072341918945, "reduction": 10.759493670886078, "validation": {"accuracy": 63.60759493670886}, "test": {"accuracy": 65.71428571428571}}, "0.1": {"time": 0.005850791931152344, "reduction": 44.620253164556964, "validation": {"accuracy": 63.60759493670886}, "test": {"accuracy": 65.71428571428571}}, "0.2": {"time": 0.006561994552612305, "reduction": 49.0506329113924, "validation": {"accuracy": 63.60759493670886}, "test": {"accuracy": 65.71428571428571}}, "0.3": {"time": 0.005331993103027344, "reduction": 64.55696202531645, "validation": {"accuracy": 63.60759493670886}, "test": {"accuracy": 65.71428571428571}}, "0.4": {"time": 0.004730939865112305, "reduction": 75.63291139240506, "validation": {"accuracy": 61.70886075949367}, "test": {"accuracy": 48.57142857142857}}, "0.5": {"time": 0.004631757736206055, "reduction": 79.74683544303798, "validation": {"accuracy": 55.379746835443036}, "test": {"accuracy": 37.142857142857146}}, "0.6": {"time": 0.005636930465698242, "reduction": 89.87341772151899, "validation": {"accuracy": 56.0126582278481}, "test": {"accuracy": 42.857142857142854}}, "0.7": {"time": 0.004333019256591797, "reduction": 95.56962025316456, "validation": {"accuracy": 36.075949367088604}, "test": {"accuracy": 34.285714285714285}}, "0.8": {"time": 0.003988027572631836, "reduction": 97.78481012658227, "validation": {"accuracy": 37.34177215189873}, "test": {"accuracy": 42.857142857142854}}, "0.9": {"time": 0.004225015640258789, "reduction": 99.36708860759494, "validation": {"accuracy": 64.24050632911393}, "test": {"accuracy": 65.71428571428571}}, "1.0": {"time": 0.003954172134399414, "reduction": 99.36708860759494, "validation": {"accuracy": 63.92405063291139}, "test": {"accuracy": 65.71428571428571}}}, "4": {"0.0": {"time": 0.007171154022216797, "reduction": 17.08860759493671, "validation": {"accuracy": 64.87341772151899}, "test": {"accuracy": 65.71428571428571}}, "0.1": {"time": 0.005677223205566406, "reduction": 52.84810126582278, "validation": {"accuracy": 64.87341772151899}, "test": {"accuracy": 65.71428571428571}}, "0.2": {"time": 0.005668163299560547, "reduction": 59.493670886075954, "validation": {"accuracy": 64.87341772151899}, "test": {"accuracy": 65.71428571428571}}, "0.3": {"time": 0.005701780319213867, "reduction": 66.13924050632912, "validation": {"accuracy": 65.50632911392405}, "test": {"accuracy": 65.71428571428571}}, "0.4": {"time": 0.005006074905395508, "reduction": 71.20253164556962, "validation": {"accuracy": 65.82278481012658}, "test": {"accuracy": 65.71428571428571}}, "0.5": {"time": 0.005207061767578125, "reduction": 77.53164556962025, "validation": {"accuracy": 61.39240506329114}, "test": {"accuracy": 60.0}}, "0.6": {"time": 0.0044519901275634766, "reduction": 84.17721518987342, "validation": {"accuracy": 62.65822784810127}, "test": {"accuracy": 37.142857142857146}}, "0.7": {"time": 0.004788875579833984, "reduction": 89.24050632911393, "validation": {"accuracy": 59.49367088607595}, "test": {"accuracy": 34.285714285714285}}, "0.8": {"time": 0.004071235656738281, "reduction": 93.67088607594937, "validation": {"accuracy": 36.075949367088604}, "test": {"accuracy": 34.285714285714285}}, "0.9": {"time": 0.004171609878540039, "reduction": 97.46835443037975, "validation": {"accuracy": 66.13924050632912}, "test": {"accuracy": 65.71428571428571}}, "1.0": {"time": 0.0040760040283203125, "reduction": 99.36708860759494, "validation": {"accuracy": 64.24050632911393}, "test": {"accuracy": 65.71428571428571}}}, "5": {"0.0": {"time": 0.0074138641357421875, "reduction": 18.0379746835443, "validation": {"accuracy": 64.24050632911393}, "test": {"accuracy": 68.57142857142857}}, "0.1": {"time": 0.0054051876068115234, "reduction": 54.74683544303798, "validation": {"accuracy": 64.24050632911393}, "test": {"accuracy": 65.71428571428571}}, "0.2": {"time": 0.005248069763183594, "reduction": 58.22784810126582, "validation": {"accuracy": 64.24050632911393}, "test": {"accuracy": 62.857142857142854}}, "0.3": {"time": 0.00513911247253418, "reduction": 66.13924050632912, "validation": {"accuracy": 62.65822784810127}, "test": {"accuracy": 57.14285714285714}}, "0.4": {"time": 0.00492095947265625, "reduction": 73.41772151898735, "validation": {"accuracy": 55.69620253164557}, "test": {"accuracy": 40.0}}, "0.5": {"time": 0.0046422481536865234, "reduction": 78.16455696202532, "validation": {"accuracy": 55.379746835443036}, "test": {"accuracy": 37.142857142857146}}, "0.6": {"time": 0.004395961761474609, "reduction": 85.75949367088607, "validation": {"accuracy": 54.11392405063291}, "test": {"accuracy": 34.285714285714285}}, "0.7": {"time": 0.004431009292602539, "reduction": 92.72151898734178, "validation": {"accuracy": 36.075949367088604}, "test": {"accuracy": 34.285714285714285}}, "0.8": {"time": 0.004248142242431641, "reduction": 95.56962025316456, "validation": {"accuracy": 36.075949367088604}, "test": {"accuracy": 34.285714285714285}}, "0.9": {"time": 0.0042150020599365234, "reduction": 97.78481012658227, "validation": {"accuracy": 36.708860759493675}, "test": {"accuracy": 34.285714285714285}}, "1.0": {"time": 0.004611968994140625, "reduction": 99.36708860759494, "validation": {"accuracy": 65.18987341772153}, "test": {"accuracy": 65.71428571428571}}}, "6": {"0.0": {"time": 0.007190227508544922, "reduction": 11.075949367088612, "validation": {"accuracy": 64.87341772151899}, "test": {"accuracy": 62.857142857142854}}, "0.1": {"time": 0.006551980972290039, "reduction": 46.51898734177215, "validation": {"accuracy": 64.55696202531645}, "test": {"accuracy": 62.857142857142854}}, "0.2": {"time": 0.006103992462158203, "reduction": 46.83544303797469, "validation": {"accuracy": 64.55696202531645}, "test": {"accuracy": 62.857142857142854}}, "0.3": {"time": 0.006287097930908203, "reduction": 54.43037974683544, "validation": {"accuracy": 64.87341772151899}, "test": {"accuracy": 62.857142857142854}}, "0.4": {"time": 0.004903316497802734, "reduction": 71.20253164556962, "validation": {"accuracy": 66.77215189873418}, "test": {"accuracy": 57.14285714285714}}, "0.5": {"time": 0.004796028137207031, "reduction": 77.21518987341773, "validation": {"accuracy": 35.75949367088608}, "test": {"accuracy": 37.142857142857146}}, "0.6": {"time": 0.004758119583129883, "reduction": 89.24050632911393, "validation": {"accuracy": 35.75949367088608}, "test": {"accuracy": 37.142857142857146}}, "0.7": {"time": 0.005051851272583008, "reduction": 93.0379746835443, "validation": {"accuracy": 35.75949367088608}, "test": {"accuracy": 37.142857142857146}}, "0.8": {"time": 0.004389762878417969, "reduction": 95.88607594936708, "validation": {"accuracy": 35.75949367088608}, "test": {"accuracy": 37.142857142857146}}, "0.9": {"time": 0.004060983657836914, "reduction": 98.10126582278481, "validation": {"accuracy": 67.72151898734177}, "test": {"accuracy": 71.42857142857143}}, "1.0": {"time": 0.003996849060058594, "reduction": 99.36708860759494, "validation": {"accuracy": 66.77215189873418}, "test": {"accuracy": 65.71428571428571}}}, "7": {"0.0": {"time": 0.006594181060791016, "reduction": 18.354430379746834, "validation": {"accuracy": 65.50632911392405}, "test": {"accuracy": 65.71428571428571}}, "0.1": {"time": 0.005604982376098633, "reduction": 53.48101265822785, "validation": {"accuracy": 65.50632911392405}, "test": {"accuracy": 65.71428571428571}}, "0.2": {"time": 0.005496025085449219, "reduction": 55.37974683544304, "validation": {"accuracy": 65.82278481012658}, "test": {"accuracy": 65.71428571428571}}, "0.3": {"time": 0.0053212642669677734, "reduction": 64.55696202531645, "validation": {"accuracy": 65.82278481012658}, "test": {"accuracy": 65.71428571428571}}, "0.4": {"time": 0.005096912384033203, "reduction": 74.68354430379746, "validation": {"accuracy": 63.60759493670886}, "test": {"accuracy": 62.857142857142854}}, "0.5": {"time": 0.004491090774536133, "reduction": 85.44303797468355, "validation": {"accuracy": 62.34177215189873}, "test": {"accuracy": 60.0}},