{"3": {"0.0": {"time": 1.6554560661315918, "reduction": 0.0, "validation": {"accuracy": 21.170782248316353}, "test": {"accuracy": 21.11801242236025}}, "0.1": {"time": 0.8478288650512695, "reduction": 99.43015023312036, "validation": {"accuracy": 21.10170954930064}, "test": {"accuracy": 21.11801242236025}}, "0.2": {"time": 0.8774988651275635, "reduction": 99.43015023312036, "validation": {"accuracy": 21.10170954930064}, "test": {"accuracy": 21.11801242236025}}, "0.3": {"time": 0.8374662399291992, "reduction": 99.43015023312036, "validation": {"accuracy": 21.10170954930064}, "test": {"accuracy": 21.11801242236025}}, "0.4": {"time": 0.8475167751312256, "reduction": 99.43015023312036, "validation": {"accuracy": 21.10170954930064}, "test": {"accuracy": 21.11801242236025}}, "0.5": {"time": 0.8502500057220459, "reduction": 99.43015023312036, "validation": {"accuracy": 21.10170954930064}, "test": {"accuracy": 21.11801242236025}}, "0.6": {"time": 0.8220632076263428, "reduction": 99.43015023312036, "validation": {"accuracy": 21.10170954930064}, "test": {"accuracy": 21.11801242236025}}, "0.7": {"time": 0.8276247978210449, "reduction": 99.43015023312036, "validation": {"accuracy": 21.10170954930064}, "test": {"accuracy": 21.11801242236025}}, "0.8": {"time": 0.8257999420166016, "reduction": 99.43015023312036, "validation": {"accuracy": 21.10170954930064}, "test": {"accuracy": 21.11801242236025}}, "0.9": {"time": 0.8284409046173096, "reduction": 99.43015023312036, "validation": {"accuracy": 21.10170954930064}, "test": {"accuracy": 21.11801242236025}}, "1.0": {"time": 0.8240070343017578, "reduction": 99.43015023312036, "validation": {"accuracy": 21.10170954930064}, "test": {"accuracy": 21.11801242236025}}}, "4": {"0.0": {"time": 1.6197447776794434, "reduction": 0.0, "validation": {"accuracy": 21.18805042307028}, "test": {"accuracy": 22.51552795031056}}, "0.1": {"time": 0.8245141506195068, "reduction": 99.4474184078743, "validation": {"accuracy": 21.10170954930064}, "test": {"accuracy": 21.11801242236025}}, "0.2": {"time": 0.8253097534179688, "reduction": 99.4474184078743, "validation": {"accuracy": 21.10170954930064}, "test": {"accuracy": 21.11801242236025}}, "0.3": {"time": 0.8252201080322266, "reduction": 99.4474184078743, "validation": {"accuracy": 21.10170954930064}, "test": {"accuracy": 21.11801242236025}}, "0.4": {"time": 0.8233931064605713, "reduction": 99.4474184078743, "validation": {"accuracy": 21.10170954930064}, "test": {"accuracy": 21.11801242236025}}, "0.5": {"time": 0.8220980167388916, "reduction": 99.4474184078743, "validation": {"accuracy": 21.10170954930064}, "test": {"accuracy": 21.11801242236025}}, "0.6": {"time": 0.8290889263153076, "reduction": 99.4474184078743, "validation": {"accuracy": 21.10170954930064}, "test": {"accuracy": 21.11801242236025}}, "0.7": {"time": 0.8292899131774902, "reduction": 99.4474184078743, "validation": {"accuracy": 21.10170954930064}, "test": {"accuracy": 21.11801242236025}}, "0.8": {"time": 0.8258559703826904, "reduction": 99.4474184078743, "validation": {"accuracy": 21.10170954930064}, "test": {"accuracy": 21.11801242236025}}, "0.9": {"time": 0.8286299705505371, "reduction": 99.4474184078743, "validation": {"accuracy": 21.10170954930064}, "test": {"accuracy": 21.11801242236025}}, "1.0": {"time": 0.8278031349182129, "reduction": 99.4474184078743, "validation": {"accuracy": 21.10170954930064}, "test": {"accuracy": 21.11801242236025}}}, "5": {"0.0": {"time": 1.6232750415802002, "reduction": 0.0, "validation": {"accuracy": 9.73925056121568}, "test": {"accuracy": 10.559006211180124}}, "0.1": {"time": 0.8221230506896973, "reduction": 100, "validation": 0.0, "test": 0.0}, "0.2": {"time": 0.8203530311584473, "reduction": 100, "validation": 0.0, "test": 0.0}, "0.3": {"time": 0.8145551681518555, "reduction": 100, "validation": 0.0, "test": 0.0}, "0.4": {"time": 0.8170230388641357, "reduction": 100, "validation": 0.0, "test": 0.0}, "0.5": {"time": 0.818511962890625, "reduction": 100, "validation": 0.0, "test": 0.0}, "0.6": {"time": 0.8378658294677734, "reduction": 100, "validation": 0.0, "test": 0.0}, "0.7": {"time": 0.8322138786315918, "reduction": 100, "validation": 0.0, "test": 0.0}, "0.8": {"time": 0.8171038627624512, "reduction": 100, "validation": 0.0, "test": 0.0}, "0.9": {"time": 0.8230059146881104, "reduction": 100, "validation": 0.0, "test": 0.0}, "1.0": {"time": 0.8172590732574463, "reduction": 100, "validation": 0.0, "test": 0.0}}, "6": {"0.0": {"time": 1.6163489818572998, "reduction": 0.0, "validation": {"accuracy": 21.149861878453038}, "test": {"accuracy": 20.06220839813375}}, "0.1": {"time": 0.8225312232971191, "reduction": 99.43024861878453, "validation": {"accuracy": 21.09806629834254}, "test": {"accuracy": 21.15085536547434}}, "0.2": {"time": 0.824976921081543, "reduction": 99.43024861878453, "validation": {"accuracy": 21.09806629834254}, "test": {"accuracy": 21.15085536547434}}, "0.3": {"time": 0.8271269798278809, "reduction": 99.43024861878453, "validation": {"accuracy": 21.09806629834254}, "test": {"accuracy": 21.15085536547434}}, "0.4": {"time": 0.8255548477172852, "reduction": 99.43024861878453, "validation": {"accuracy": 21.09806629834254}, "test": {"accuracy": 21.15085536547434}}, "0.5": {"time": 0.8272030353546143, "reduction": 99.43024861878453, "validation": {"accuracy": 21.09806629834254}, "test": {"accuracy": 21.15085536547434}}, "0.6": {"time": 0.8248739242553711, "reduction": 99.43024861878453, "validation": {"accuracy": 21.09806629834254}, "test": {"accuracy": 21.15085536547434}}, "0.7": {"time": 0.8264760971069336, "reduction": 99.43024861878453, "validation": {"accuracy": 21.09806629834254}, "test": {"accuracy": 21.15085536547434}}, "0.8": {"time": 0.8261146545410156, "reduction": 99.43024861878453, "validation": {"accuracy": 21.09806629834254}, "test": {"accuracy": 21.15085536547434}}, "0.9": {"time": 0.829564094543457, "reduction": 99.43024861878453, "validation": {"accuracy": 21.09806629834254}, "test": {"accuracy": 21.15085536547434}}, "1.0": {"time": 0.8281111717224121, "reduction": 99.43024861878453, "validation": {"accuracy": 21.09806629834254}, "test": {"accuracy": 21.15085536547434}}}, "7": {"0.0": {"time": 1.6278584003448486, "reduction": 0.0, "validation": {"accuracy": 21.149861878453038}, "test": {"accuracy": 20.37325038880249}}, "0.1": {"time": 0.8261151313781738, "reduction": 99.4475138121547, "validation": {"accuracy": 21.09806629834254}, "test": {"accuracy": 21.15085536547434}}, "0.2": {"time": 0.8273921012878418, "reduction": 99.4475138121547, "validation": {"accuracy": 21.09806629834254}, "test": {"accuracy": 21.15085536547434}}, "0.3": {"time": 0.8254611492156982, "reduction": 99.4475138121547, "validation": {"accuracy": 21.09806629834254}, "test": {"accuracy": 21.15085536547434}}, "0.4": {"time": 0.824364185333252, "reduction": 99.4475138121547, "validation": {"accuracy": 21.09806629834254}, "test": {"accuracy": 21.15085536547434}}, "0.5": {"time": 0.823209285736084, "reduction": 99.4475138121547, "validation": {"accuracy": 21.09806629834254}, "test": {"accuracy": 21.15085536547434}}, "0.6": {"time": 0.8335022926330566, "reduction": 99.4475138121547, "validation": {"accuracy": 21.09806629834254}, "test": {"accuracy": 21.15085536547434}}, "0.7": {"time": 0.8251452445983887, "reduction": 99.4475138121547, "validation": {"accuracy": 21.09806629834254}, "test": {"accuracy": 21.15085536547434}}, "0.8": {"time": 0.8317439556121826, "reduction": 99.4475138121547, "validation": {"accuracy": 21.09806629834254}, "test": {"accuracy": 21.15085536547434}}, "0.9": {"time": 0.8347179889678955, "reduction": 99.4475138121547, "validation": {"accuracy": 21.09806629834254}, "test": {"accuracy": 21.15085536547434}}, "1.0": {"time": 0.8236150741577148, "reduction": 99.4475138121547, "validation": {"accuracy": 21.09806629834254}, "test": {"accuracy": 21.15085536547434}}}, "8": {"0.0": {"time": 1.6369998455047607, "reduction": 0.0, "validation": {"accuracy": 9.892955801104971},