{"3": {"0.0": {"time": 0.0025408267974853516, "reduction": 0.4115226337448541, "validation": {"accuracy": 55.55555555555556}, "test": {"accuracy": 62.96296296296296}}, "0.1": {"time": 0.002292156219482422, "reduction": 2.0576131687242816, "validation": {"accuracy": 55.55555555555556}, "test": {"accuracy": 44.44444444444444}}, "0.2": {"time": 0.0034079551696777344, "reduction": 2.0576131687242816, "validation": {"accuracy": 55.55555555555556}, "test": {"accuracy": 44.44444444444444}}, "0.3": {"time": 0.0026960372924804688, "reduction": 2.4691358024691357, "validation": {"accuracy": 55.55555555555556}, "test": {"accuracy": 51.85185185185185}}, "0.4": {"time": 0.002332925796508789, "reduction": 2.4691358024691357, "validation": {"accuracy": 55.55555555555556}, "test": {"accuracy": 51.85185185185185}}, "0.5": {"time": 0.001653909683227539, "reduction": 97.94238683127571, "validation": {"accuracy": 55.55555555555556}, "test": {"accuracy": 59.25925925925925}}, "0.6": {"time": 0.0013179779052734375, "reduction": 98.35390946502058, "validation": {"accuracy": 55.55555555555556}, "test": {"accuracy": 51.85185185185185}}, "0.7": {"time": 0.0013141632080078125, "reduction": 98.35390946502058, "validation": {"accuracy": 55.55555555555556}, "test": {"accuracy": 51.85185185185185}}, "0.8": {"time": 0.0013661384582519531, "reduction": 99.1769547325103, "validation": {"accuracy": 44.44444444444444}, "test": {"accuracy": 48.148148148148145}}, "0.9": {"time": 0.0014841556549072266, "reduction": 99.1769547325103, "validation": {"accuracy": 44.8559670781893}, "test": {"accuracy": 44.44444444444444}}, "1.0": {"time": 0.0012111663818359375, "reduction": 99.1769547325103, "validation": {"accuracy": 44.8559670781893}, "test": {"accuracy": 44.44444444444444}}}, "4": {"0.0": {"time": 0.003770112991333008, "reduction": 0.8230452674897082, "validation": {"accuracy": 55.55555555555556}, "test": {"accuracy": 55.55555555555556}}, "0.1": {"time": 0.002277851104736328, "reduction": 1.6460905349794275, "validation": {"accuracy": 55.55555555555556}, "test": {"accuracy": 55.55555555555556}}, "0.2": {"time": 0.0021839141845703125, "reduction": 1.6460905349794275, "validation": {"accuracy": 55.55555555555556}, "test": {"accuracy": 55.55555555555556}}, "0.3": {"time": 0.0025310516357421875, "reduction": 2.4691358024691357, "validation": {"accuracy": 55.55555555555556}, "test": {"accuracy": 55.55555555555556}}, "0.4": {"time": 0.0020170211791992188, "reduction": 2.4691358024691357, "validation": {"accuracy": 55.55555555555556}, "test": {"accuracy": 55.55555555555556}}, "0.5": {"time": 0.0016100406646728516, "reduction": 97.53086419753086, "validation": {"accuracy": 55.55555555555556}, "test": {"accuracy": 59.25925925925925}}, "0.6": {"time": 0.002377033233642578, "reduction": 97.53086419753086, "validation": {"accuracy": 55.55555555555556}, "test": {"accuracy": 59.25925925925925}}, "0.7": {"time": 0.0017359256744384766, "reduction": 97.94238683127571, "validation": {"accuracy": 55.55555555555556}, "test": {"accuracy": 55.55555555555556}}, "0.8": {"time": 0.0017762184143066406, "reduction": 98.35390946502058, "validation": {"accuracy": 55.55555555555556}, "test": {"accuracy": 55.55555555555556}}, "0.9": {"time": 0.0013899803161621094, "reduction": 98.35390946502058, "validation": {"accuracy": 55.55555555555556}, "test": {"accuracy": 55.55555555555556}}, "1.0": {"time": 0.0013699531555175781, "reduction": 99.1769547325103, "validation": {"accuracy": 53.90946502057613}, "test": {"accuracy": 55.55555555555556}}}, "5": {"0.0": {"time": 0.0023479461669921875, "reduction": 1.6460905349794275, "validation": {"accuracy": 54.32098765432099}, "test": {"accuracy": 40.74074074074074}}, "0.1": {"time": 0.0029172897338867188, "reduction": 2.8806584362139898, "validation": {"accuracy": 54.73251028806584}, "test": {"accuracy": 48.148148148148145}}, "0.2": {"time": 0.0014259815216064453, "reduction": 97.53086419753086, "validation": {"accuracy": 54.73251028806584}, "test": {"accuracy": 48.148148148148145}}, "0.3": {"time": 0.001692056655883789, "reduction": 97.53086419753086, "validation": {"accuracy": 54.73251028806584}, "test": {"accuracy": 48.148148148148145}}, "0.4": {"time": 0.0015869140625, "reduction": 97.53086419753086, "validation": {"accuracy": 54.73251028806584}, "test": {"accuracy": 48.148148148148145}}, "0.5": {"time": 0.0017077922821044922, "reduction": 98.35390946502058, "validation": {"accuracy": 55.144032921810705}, "test": {"accuracy": 59.25925925925925}}, "0.6": {"time": 0.0016641616821289062, "reduction": 98.76543209876543, "validation": {"accuracy": 55.144032921810705}, "test": {"accuracy": 51.85185185185185}}, "0.7": {"time": 0.0014827251434326172, "reduction": 98.76543209876543, "validation": {"accuracy": 55.144032921810705}, "test": {"accuracy": 51.85185185185185}}, "0.8": {"time": 0.001847982406616211, "reduction": 98.76543209876543, "validation": {"accuracy": 55.144032921810705}, "test": {"accuracy": 51.85185185185185}}, "0.9": {"time": 0.0012140274047851562, "reduction": 99.1769547325103, "validation": {"accuracy": 44.8559670781893}, "test": {"accuracy": 59.25925925925925}}, "1.0": {"time": 0.0011610984802246094, "reduction": 99.1769547325103, "validation": {"accuracy": 44.8559670781893}, "test": {"accuracy": 59.25925925925925}}}, "6": {"0.0": {"time": 0.0023140907287597656, "reduction": 0.8230452674897082, "validation": {"accuracy": 55.144032921810705}, "test": {"accuracy": 55.55555555555556}}, "0.1": {"time": 0.002255678176879883, "reduction": 3.292181069958844, "validation": {"accuracy": 55.55555555555556}, "test": {"accuracy": 55.55555555555556}}, "0.2": {"time": 0.0027790069580078125, "reduction": 3.292181069958844, "validation": {"accuracy": 55.55555555555556}, "test": {"accuracy": 55.55555555555556}}, "0.3": {"time": 0.0028722286224365234, "reduction": 3.292181069958844, "validation": {"accuracy": 55.55555555555556}, "test": {"accuracy": 55.55555555555556}}, "0.4": {"time": 0.0035359859466552734, "reduction": 3.292181069958844, "validation": {"accuracy": 55.55555555555556}, "test": {"accuracy": 55.55555555555556}}, "0.5": {"time": 0.0024802684783935547, "reduction": 3.292181069958844, "validation": {"accuracy": 55.55555555555556}, "test": {"accuracy": 55.55555555555556}}, "0.6": {"time": 0.0026018619537353516, "reduction": 3.292181069958844, "validation": {"accuracy": 55.55555555555556}, "test": {"accuracy": 55.55555555555556}}, "0.7": {"time": 0.0022788047790527344, "reduction": 98.35390946502058, "validation": {"accuracy": 55.55555555555556}, "test": {"accuracy": 55.55555555555556}}, "0.8": {"time": 0.0015950202941894531, "reduction": 98.35390946502058, "validation": {"accuracy": 55.55555555555556}, "test": {"accuracy": 55.55555555555556}}, "0.9": {"time": 0.0017781257629394531, "reduction": 98.35390946502058, "validation": {"accuracy": 55.55555555555556}, "test": {"accuracy": 55.55555555555556}}, "1.0": {"time": 0.0014317035675048828, "reduction": 99.1769547325103, "validation": {"accuracy": 55.144032921810705}, "test": {"accuracy": 55.55555555555556}}}, "7": {"0.0": {"time": 0.0031507015228271484, "reduction": 2.0576131687242816, "validation": {"accuracy": 55.55555555555556}, "test": {"accuracy": 55.55555555555556}}, "0.1": {"time": 0.0015108585357666016, "reduction": 97.11934156378601, "validation": {"accuracy": 55.55555555555556}, "test": {"accuracy": 55.55555555555556}}, "0.2": {"time": 0.001828908920288086, "reduction": 98.76543209876543, "validation": {"accuracy": 55.55555555555556}, "test": {"accuracy": 55.55555555555556}}, "0.3": {"time": 0.001922607421875, "reduction": 98.76543209876543, "validation": {"accuracy": 55.55555555555556}, "test": {"accuracy": 55.55555555555556}}, "0.4": {"time": 0.0018868446350097656, "reduction": 98.76543209876543, "validation": {"accuracy": 55.55555555555556}, "test": {"accuracy": 55.55555555555556}}, "0.5": {"time": 0.0017940998077392578, "reduction": 99.1769547325103, "validation": {"accuracy": 55.55555555555556},