{"3": {"0.0": {"time": 0.007933855056762695, "reduction": 2.6666666666666616, "validation": {"accuracy": 12.88888888888889}, "test": {"accuracy": 14.000000000000002}}, "0.1": {"time": 0.009068012237548828, "reduction": 8.444444444444443, "validation": {"accuracy": 13.333333333333334}, "test": {"accuracy": 14.000000000000002}}, "0.2": {"time": 0.006293773651123047, "reduction": 11.555555555555552, "validation": {"accuracy": 13.777777777777779}, "test": {"accuracy": 14.000000000000002}}, "0.3": {"time": 0.0070722103118896484, "reduction": 17.11111111111111, "validation": {"accuracy": 14.222222222222221}, "test": {"accuracy": 14.000000000000002}}, "0.4": {"time": 0.0066149234771728516, "reduction": 30.88888888888889, "validation": {"accuracy": 13.555555555555557}, "test": {"accuracy": 14.000000000000002}}, "0.5": {"time": 0.006458282470703125, "reduction": 42.666666666666664, "validation": {"accuracy": 14.222222222222221}, "test": {"accuracy": 14.000000000000002}}, "0.6": {"time": 0.007212638854980469, "reduction": 53.77777777777778, "validation": {"accuracy": 14.888888888888888}, "test": {"accuracy": 14.000000000000002}}, "0.7": {"time": 0.005910158157348633, "reduction": 68.66666666666667, "validation": {"accuracy": 16.0}, "test": {"accuracy": 14.000000000000002}}, "0.8": {"time": 0.0047910213470458984, "reduction": 77.55555555555556, "validation": {"accuracy": 15.333333333333332}, "test": {"accuracy": 14.000000000000002}}, "0.9": {"time": 0.0068051815032958984, "reduction": 82.66666666666667, "validation": {"accuracy": 13.777777777777779}, "test": {"accuracy": 16.0}}, "1.0": {"time": 0.005505800247192383, "reduction": 89.11111111111111, "validation": {"accuracy": 17.333333333333336}, "test": {"accuracy": 12.0}}}, "4": {"0.0": {"time": 0.008597850799560547, "reduction": 2.6666666666666616, "validation": {"accuracy": 13.555555555555557}, "test": {"accuracy": 20.0}}, "0.1": {"time": 0.007063150405883789, "reduction": 8.666666666666668, "validation": {"accuracy": 13.333333333333334}, "test": {"accuracy": 20.0}}, "0.2": {"time": 0.008453130722045898, "reduction": 13.777777777777779, "validation": {"accuracy": 13.777777777777779}, "test": {"accuracy": 20.0}}, "0.3": {"time": 0.006482839584350586, "reduction": 22.888888888888893, "validation": {"accuracy": 13.555555555555557}, "test": {"accuracy": 18.0}}, "0.4": {"time": 0.008261919021606445, "reduction": 36.22222222222222, "validation": {"accuracy": 13.111111111111112}, "test": {"accuracy": 18.0}}, "0.5": {"time": 0.00855398178100586, "reduction": 43.333333333333336, "validation": {"accuracy": 14.222222222222221}, "test": {"accuracy": 16.0}}, "0.6": {"time": 0.005139827728271484, "reduction": 56.00000000000001, "validation": {"accuracy": 16.22222222222222}, "test": {"accuracy": 20.0}}, "0.7": {"time": 0.008997917175292969, "reduction": 68.88888888888889, "validation": {"accuracy": 14.888888888888888}, "test": {"accuracy": 18.0}}, "0.8": {"time": 0.007570981979370117, "reduction": 75.1111111111111, "validation": {"accuracy": 14.666666666666666}, "test": {"accuracy": 16.0}}, "0.9": {"time": 0.005434989929199219, "reduction": 80.88888888888889, "validation": {"accuracy": 11.11111111111111}, "test": {"accuracy": 18.0}}, "1.0": {"time": 0.004519939422607422, "reduction": 87.11111111111111, "validation": {"accuracy": 11.777777777777777}, "test": {"accuracy": 8.0}}}, "5": {"0.0": {"time": 0.011323213577270508, "reduction": 1.5555555555555545, "validation": {"accuracy": 14.000000000000002}, "test": {"accuracy": 14.000000000000002}}, "0.1": {"time": 0.0076847076416015625, "reduction": 9.111111111111114, "validation": {"accuracy": 14.000000000000002}, "test": {"accuracy": 16.0}}, "0.2": {"time": 0.0070648193359375, "reduction": 15.777777777777779, "validation": {"accuracy": 14.444444444444443}, "test": {"accuracy": 16.0}}, "0.3": {"time": 0.008952140808105469, "reduction": 22.888888888888893, "validation": {"accuracy": 14.222222222222221}, "test": {"accuracy": 14.000000000000002}}, "0.4": {"time": 0.00605320930480957, "reduction": 36.88888888888889, "validation": {"accuracy": 13.555555555555557}, "test": {"accuracy": 14.000000000000002}}, "0.5": {"time": 0.00722193717956543, "reduction": 43.99999999999999, "validation": {"accuracy": 14.666666666666666}, "test": {"accuracy": 14.000000000000002}}, "0.6": {"time": 0.007259845733642578, "reduction": 56.888888888888886, "validation": {"accuracy": 14.888888888888888}, "test": {"accuracy": 18.0}}, "0.7": {"time": 0.0053539276123046875, "reduction": 69.55555555555554, "validation": {"accuracy": 15.11111111111111}, "test": {"accuracy": 12.0}}, "0.8": {"time": 0.008626937866210938, "reduction": 74.8888888888889, "validation": {"accuracy": 16.0}, "test": {"accuracy": 16.0}}, "0.9": {"time": 0.005101919174194336, "reduction": 82.22222222222221, "validation": {"accuracy": 11.11111111111111}, "test": {"accuracy": 10.0}}, "1.0": {"time": 0.00650477409362793, "reduction": 89.77777777777777, "validation": {"accuracy": 12.88888888888889}, "test": {"accuracy": 8.0}}}, "6": {"0.0": {"time": 0.007943391799926758, "reduction": 0.8888888888888835, "validation": {"accuracy": 14.888888888888888}, "test": {"accuracy": 12.0}}, "0.1": {"time": 0.007869720458984375, "reduction": 9.333333333333337, "validation": {"accuracy": 16.0}, "test": {"accuracy": 12.0}}, "0.2": {"time": 0.009122133255004883, "reduction": 15.555555555555555, "validation": {"accuracy": 15.777777777777777}, "test": {"accuracy": 12.0}}, "0.3": {"time": 0.006742000579833984, "reduction": 24.444444444444446, "validation": {"accuracy": 14.888888888888888}, "test": {"accuracy": 12.0}}, "0.4": {"time": 0.008376836776733398, "reduction": 37.11111111111111, "validation": {"accuracy": 17.555555555555554}, "test": {"accuracy": 10.0}}, "0.5": {"time": 0.006006002426147461, "reduction": 42.888888888888886, "validation": {"accuracy": 18.666666666666668}, "test": {"accuracy": 10.0}}, "0.6": {"time": 0.008030891418457031, "reduction": 54.0, "validation": {"accuracy": 16.666666666666664}, "test": {"accuracy": 16.0}}, "0.7": {"time": 0.008186101913452148, "reduction": 62.66666666666667, "validation": {"accuracy": 15.555555555555555}, "test": {"accuracy": 14.000000000000002}}, "0.8": {"time": 0.0055408477783203125, "reduction": 72.44444444444444, "validation": {"accuracy": 18.666666666666668}, "test": {"accuracy": 14.000000000000002}}, "0.9": {"time": 0.00468897819519043, "reduction": 78.88888888888889, "validation": {"accuracy": 15.333333333333332}, "test": {"accuracy": 14.000000000000002}}, "1.0": {"time": 0.006561756134033203, "reduction": 94.88888888888889, "validation": {"accuracy": 17.77777777777778}, "test": {"accuracy": 10.0}}}, "7": {"0.0": {"time": 0.007968902587890625, "reduction": 3.5555555555555562, "validation": {"accuracy": 15.11111111111111}, "test": {"accuracy": 8.0}}, "0.1": {"time": 0.0071108341217041016, "reduction": 10.222222222222221, "validation": {"accuracy": 15.333333333333332}, "test": {"accuracy": 8.0}}, "0.2": {"time": 0.006554841995239258, "reduction": 16.22222222222223, "validation": {"accuracy": 13.333333333333334}, "test": {"accuracy": 8.0}}, "0.3": {"time": 0.008100032806396484, "reduction": 22.666666666666668, "validation": {"accuracy": 13.333333333333334}, "test": {"accuracy": 8.0}}, "0.4": {"time": 0.005738973617553711, "reduction": 41.11111111111111, "validation": {"accuracy": 12.666666666666668}, "test": {"accuracy": 8.0}}, "0.5": {"time": 0.006357908248901367, "reduction": 48.44444444444444, "validation": {"accuracy": 12.222222222222221}, "test": {"accuracy": 8.0}}, "0.6": {"time": 0.0069887638092041016, "reduction": 63.77777777777778, "validation": {"accuracy": 14.222222222222221}, "test": {"accuracy": 6.0}}, "0.7": {"time": 0.0054399967193603516, "reduction": 71.11111111111111, "validation": {"accuracy": 14.888888888888888}, "test": {"accuracy": 8.0}}, "0.8": {"time": 0.005403757095336914, "reduction": 76.8888888888889, "validation": {"accuracy": 15.555555555555555}, "test": {"accuracy": 8.0}},