{"3": {"0.0": {"time": 0.1944270133972168, "reduction": 7.8884078884078885, "validation": {"accuracy": 16.402116402116402}, "test": {"accuracy": 16.017316017316016}}, "0.1": {"time": 0.19153594970703125, "reduction": 9.620009620009618, "validation": {"accuracy": 16.354016354016355}, "test": {"accuracy": 16.017316017316016}}, "0.2": {"time": 0.18599200248718262, "reduction": 13.41991341991342, "validation": {"accuracy": 16.546416546416545}, "test": {"accuracy": 16.883116883116884}}, "0.3": {"time": 0.17577505111694336, "reduction": 21.35642135642135, "validation": {"accuracy": 16.4983164983165}, "test": {"accuracy": 16.883116883116884}}, "0.4": {"time": 0.16409587860107422, "reduction": 32.65993265993266, "validation": {"accuracy": 17.364117364117366}, "test": {"accuracy": 15.584415584415584}}, "0.5": {"time": 0.14382505416870117, "reduction": 49.494949494949495, "validation": {"accuracy": 16.113516113516113}, "test": {"accuracy": 13.41991341991342}}, "0.6": {"time": 0.12787699699401855, "reduction": 68.39826839826839, "validation": {"accuracy": 16.883116883116884}, "test": {"accuracy": 12.987012987012985}}, "0.7": {"time": 0.11928105354309082, "reduction": 84.12698412698413, "validation": {"accuracy": 17.027417027417027}, "test": {"accuracy": 14.285714285714285}}, "0.8": {"time": 0.11631417274475098, "reduction": 93.98749398749399, "validation": {"accuracy": 17.845117845117844}, "test": {"accuracy": 14.285714285714285}}, "0.9": {"time": 0.11533999443054199, "reduction": 99.18229918229919, "validation": {"accuracy": 17.604617604617605}, "test": {"accuracy": 20.346320346320347}}, "1.0": {"time": 0.11719799041748047, "reduction": 99.66329966329967, "validation": {"accuracy": 15.199615199615199}, "test": {"accuracy": 13.852813852813853}}}, "4": {"0.0": {"time": 0.19304895401000977, "reduction": 9.187109187109188, "validation": {"accuracy": 16.546416546416545}, "test": {"accuracy": 14.71861471861472}}, "0.1": {"time": 0.19000983238220215, "reduction": 11.111111111111116, "validation": {"accuracy": 16.69071669071669}, "test": {"accuracy": 14.71861471861472}}, "0.2": {"time": 0.18314313888549805, "reduction": 15.776815776815777, "validation": {"accuracy": 16.738816738816737}, "test": {"accuracy": 13.852813852813853}}, "0.3": {"time": 0.17168688774108887, "reduction": 24.001924001924003, "validation": {"accuracy": 16.69071669071669}, "test": {"accuracy": 13.852813852813853}}, "0.4": {"time": 0.15836596488952637, "reduction": 34.39153439153439, "validation": {"accuracy": 16.305916305916305}, "test": {"accuracy": 13.852813852813853}}, "0.5": {"time": 0.14200925827026367, "reduction": 50.264550264550266, "validation": {"accuracy": 16.4983164983165}, "test": {"accuracy": 16.883116883116884}}, "0.6": {"time": 0.1277008056640625, "reduction": 67.96536796536796, "validation": {"accuracy": 15.873015873015872}, "test": {"accuracy": 16.450216450216452}}, "0.7": {"time": 0.11991405487060547, "reduction": 83.40548340548341, "validation": {"accuracy": 15.392015392015393}, "test": {"accuracy": 16.450216450216452}}, "0.8": {"time": 0.11628317832946777, "reduction": 92.97739297739298, "validation": {"accuracy": 18.133718133718133}, "test": {"accuracy": 17.316017316017316}}, "0.9": {"time": 0.1152346134185791, "reduction": 98.6050986050986, "validation": {"accuracy": 15.44011544011544}, "test": {"accuracy": 14.285714285714285}}, "1.0": {"time": 0.11585021018981934, "reduction": 99.66329966329967, "validation": {"accuracy": 15.295815295815295}, "test": {"accuracy": 13.852813852813853}}}, "5": {"0.0": {"time": 0.19292116165161133, "reduction": 8.080808080808078, "validation": {"accuracy": 14.381914381914381}, "test": {"accuracy": 11.688311688311687}}, "0.1": {"time": 0.19030404090881348, "reduction": 10.533910533910529, "validation": {"accuracy": 14.67051467051467}, "test": {"accuracy": 12.554112554112553}}, "0.2": {"time": 0.1832132339477539, "reduction": 16.113516113516113, "validation": {"accuracy": 14.959114959114958}, "test": {"accuracy": 17.74891774891775}}, "0.3": {"time": 0.17142391204833984, "reduction": 24.38672438672439, "validation": {"accuracy": 14.862914862914863}, "test": {"accuracy": 17.316017316017316}}, "0.4": {"time": 0.15549612045288086, "reduction": 36.21933621933622, "validation": {"accuracy": 15.199615199615199}, "test": {"accuracy": 17.74891774891775}}, "0.5": {"time": 0.13783001899719238, "reduction": 50.12025012025012, "validation": {"accuracy": 15.055315055315056}, "test": {"accuracy": 15.584415584415584}}, "0.6": {"time": 0.11781191825866699, "reduction": 67.67676767676767, "validation": {"accuracy": 14.47811447811448}, "test": {"accuracy": 18.614718614718615}}, "0.7": {"time": 0.10879993438720703, "reduction": 82.82828282828282, "validation": {"accuracy": 15.007215007215008}, "test": {"accuracy": 16.017316017316016}}, "0.8": {"time": 0.10114407539367676, "reduction": 93.74699374699375, "validation": {"accuracy": 15.873015873015872}, "test": {"accuracy": 19.913419913419915}}, "0.9": {"time": 0.10048198699951172, "reduction": 98.36459836459836, "validation": {"accuracy": 14.622414622414622}, "test": {"accuracy": 15.584415584415584}}, "1.0": {"time": 0.10756206512451172, "reduction": 99.66329966329967, "validation": {"accuracy": 14.285714285714285}, "test": {"accuracy": 15.151515151515152}}}, "6": {"0.0": {"time": 0.17377471923828125, "reduction": 8.465608465608465, "validation": {"accuracy": 15.44011544011544}, "test": {"accuracy": 14.285714285714285}}, "0.1": {"time": 0.1698930263519287, "reduction": 10.870610870610875, "validation": {"accuracy": 15.44011544011544}, "test": {"accuracy": 14.285714285714285}}, "0.2": {"time": 0.17101192474365234, "reduction": 15.969215969215966, "validation": {"accuracy": 14.766714766714767}, "test": {"accuracy": 12.987012987012985}}, "0.3": {"time": 0.1610851287841797, "reduction": 25.25252525252525, "validation": {"accuracy": 15.103415103415102}, "test": {"accuracy": 13.852813852813853}}, "0.4": {"time": 0.141754150390625, "reduction": 38.81673881673882, "validation": {"accuracy": 15.392015392015393}, "test": {"accuracy": 13.852813852813853}}, "0.5": {"time": 0.12188601493835449, "reduction": 56.373256373256375, "validation": {"accuracy": 15.007215007215008}, "test": {"accuracy": 12.121212121212121}}, "0.6": {"time": 0.11005902290344238, "reduction": 73.54497354497354, "validation": {"accuracy": 16.257816257816256}, "test": {"accuracy": 12.121212121212121}}, "0.7": {"time": 0.10867500305175781, "reduction": 87.54208754208754, "validation": {"accuracy": 15.392015392015393}, "test": {"accuracy": 13.41991341991342}}, "0.8": {"time": 0.1046140193939209, "reduction": 96.00769600769601, "validation": {"accuracy": 18.9033189033189}, "test": {"accuracy": 14.285714285714285}}, "0.9": {"time": 0.10479187965393066, "reduction": 99.08609908609908, "validation": {"accuracy": 16.017316017316016}, "test": {"accuracy": 15.151515151515152}}, "1.0": {"time": 0.10225105285644531, "reduction": 99.66329966329967, "validation": {"accuracy": 14.862914862914863}, "test": {"accuracy": 14.71861471861472}}}, "7": {"0.0": {"time": 0.18962311744689941, "reduction": 7.599807599807596, "validation": {"accuracy": 16.065416065416066}, "test": {"accuracy": 16.017316017316016}}, "0.1": {"time": 0.19019508361816406, "reduction": 9.66810966810967, "validation": {"accuracy": 16.161616161616163}, "test": {"accuracy": 16.017316017316016}}, "0.2": {"time": 0.18385696411132812, "reduction": 14.141414141414144, "validation": {"accuracy": 16.161616161616163}, "test": {"accuracy": 15.584415584415584}}, "0.3": {"time": 0.17406988143920898, "reduction": 21.500721500721497, "validation": {"accuracy": 15.151515151515152}, "test": {"accuracy": 17.316017316017316}}, "0.4": {"time": 0.16006207466125488, "reduction": 31.938431938431943, "validation": {"accuracy": 15.055315055315056}, "test": {"accuracy": 14.71861471861472}}, "0.5": {"time": 0.14235997200012207, "reduction": 49.927849927849934, "validation": {"accuracy": 16.835016835016837},