{"3": {"0.0": {"time": 0.0021572113037109375, "reduction": 8.333333333333337, "validation": {"accuracy": 32.63888888888889}, "test": {"accuracy": 25.0}}, "0.1": {"time": 0.002270221710205078, "reduction": 16.666666666666664, "validation": {"accuracy": 31.944444444444443}, "test": {"accuracy": 25.0}}, "0.2": {"time": 0.0013439655303955078, "reduction": 21.52777777777778, "validation": {"accuracy": 31.944444444444443}, "test": {"accuracy": 25.0}}, "0.3": {"time": 0.0011699199676513672, "reduction": 36.80555555555556, "validation": {"accuracy": 34.02777777777778}, "test": {"accuracy": 18.75}}, "0.4": {"time": 0.0012359619140625, "reduction": 45.833333333333336, "validation": {"accuracy": 31.944444444444443}, "test": {"accuracy": 12.5}}, "0.5": {"time": 0.0015323162078857422, "reduction": 63.888888888888886, "validation": {"accuracy": 31.944444444444443}, "test": {"accuracy": 31.25}}, "0.6": {"time": 0.0010533332824707031, "reduction": 85.41666666666666, "validation": {"accuracy": 38.19444444444444}, "test": {"accuracy": 37.5}}, "0.7": {"time": 0.0012021064758300781, "reduction": 93.75, "validation": {"accuracy": 29.86111111111111}, "test": {"accuracy": 31.25}}, "0.8": {"time": 0.0009899139404296875, "reduction": 96.52777777777779, "validation": {"accuracy": 34.02777777777778}, "test": {"accuracy": 18.75}}, "0.9": {"time": 0.0008039474487304688, "reduction": 97.91666666666666, "validation": {"accuracy": 38.88888888888889}, "test": {"accuracy": 18.75}}, "1.0": {"time": 0.0008788108825683594, "reduction": 97.91666666666666, "validation": {"accuracy": 36.11111111111111}, "test": {"accuracy": 31.25}}}, "4": {"0.0": {"time": 0.0010957717895507812, "reduction": 3.472222222222221, "validation": {"accuracy": 33.33333333333333}, "test": {"accuracy": 37.5}}, "0.1": {"time": 0.0016930103302001953, "reduction": 12.5, "validation": {"accuracy": 33.33333333333333}, "test": {"accuracy": 31.25}}, "0.2": {"time": 0.0013489723205566406, "reduction": 22.22222222222222, "validation": {"accuracy": 34.02777777777778}, "test": {"accuracy": 25.0}}, "0.3": {"time": 0.0009980201721191406, "reduction": 36.80555555555556, "validation": {"accuracy": 31.944444444444443}, "test": {"accuracy": 25.0}}, "0.4": {"time": 0.0009491443634033203, "reduction": 50.69444444444444, "validation": {"accuracy": 34.02777777777778}, "test": {"accuracy": 50.0}}, "0.5": {"time": 0.0013740062713623047, "reduction": 58.33333333333333, "validation": {"accuracy": 34.02777777777778}, "test": {"accuracy": 43.75}}, "0.6": {"time": 0.0015978813171386719, "reduction": 69.44444444444444, "validation": {"accuracy": 40.27777777777778}, "test": {"accuracy": 43.75}}, "0.7": {"time": 0.0016660690307617188, "reduction": 75.0, "validation": {"accuracy": 36.11111111111111}, "test": {"accuracy": 37.5}}, "0.8": {"time": 0.0011320114135742188, "reduction": 79.16666666666666, "validation": {"accuracy": 39.58333333333333}, "test": {"accuracy": 37.5}}, "0.9": {"time": 0.0009860992431640625, "reduction": 79.86111111111111, "validation": {"accuracy": 39.58333333333333}, "test": {"accuracy": 37.5}}, "1.0": {"time": 0.0008509159088134766, "reduction": 97.91666666666666, "validation": {"accuracy": 38.19444444444444}, "test": {"accuracy": 25.0}}}, "5": {"0.0": {"time": 0.0011258125305175781, "reduction": 9.722222222222221, "validation": {"accuracy": 32.63888888888889}, "test": {"accuracy": 37.5}}, "0.1": {"time": 0.0014998912811279297, "reduction": 15.277777777777779, "validation": {"accuracy": 31.25}, "test": {"accuracy": 37.5}}, "0.2": {"time": 0.0013990402221679688, "reduction": 19.444444444444443, "validation": {"accuracy": 31.25}, "test": {"accuracy": 37.5}}, "0.3": {"time": 0.001051187515258789, "reduction": 35.416666666666664, "validation": {"accuracy": 31.944444444444443}, "test": {"accuracy": 31.25}}, "0.4": {"time": 0.0009429454803466797, "reduction": 60.41666666666667, "validation": {"accuracy": 31.25}, "test": {"accuracy": 18.75}}, "0.5": {"time": 0.0009298324584960938, "reduction": 76.38888888888889, "validation": {"accuracy": 26.38888888888889}, "test": {"accuracy": 18.75}}, "0.6": {"time": 0.0008370876312255859, "reduction": 89.58333333333334, "validation": {"accuracy": 31.25}, "test": {"accuracy": 37.5}}, "0.7": {"time": 0.0011038780212402344, "reduction": 95.83333333333334, "validation": {"accuracy": 40.97222222222222}, "test": {"accuracy": 56.25}}, "0.8": {"time": 0.0008168220520019531, "reduction": 97.22222222222221, "validation": {"accuracy": 43.75}, "test": {"accuracy": 56.25}}, "0.9": {"time": 0.0008330345153808594, "reduction": 97.22222222222221, "validation": {"accuracy": 43.75}, "test": {"accuracy": 56.25}}, "1.0": {"time": 0.0008091926574707031, "reduction": 97.91666666666666, "validation": {"accuracy": 43.05555555555556}, "test": {"accuracy": 50.0}}}, "6": {"0.0": {"time": 0.0013298988342285156, "reduction": 4.861111111111116, "validation": {"accuracy": 30.555555555555557}, "test": {"accuracy": 31.25}}, "0.1": {"time": 0.0012478828430175781, "reduction": 10.416666666666663, "validation": {"accuracy": 30.555555555555557}, "test": {"accuracy": 31.25}}, "0.2": {"time": 0.0020508766174316406, "reduction": 20.833333333333336, "validation": {"accuracy": 29.86111111111111}, "test": {"accuracy": 43.75}}, "0.3": {"time": 0.002043008804321289, "reduction": 33.333333333333336, "validation": {"accuracy": 32.63888888888889}, "test": {"accuracy": 43.75}}, "0.4": {"time": 0.0011887550354003906, "reduction": 49.30555555555556, "validation": {"accuracy": 30.555555555555557}, "test": {"accuracy": 50.0}}, "0.5": {"time": 0.0010881423950195312, "reduction": 62.5, "validation": {"accuracy": 30.555555555555557}, "test": {"accuracy": 31.25}}, "0.6": {"time": 0.0008590221405029297, "reduction": 77.77777777777779, "validation": {"accuracy": 33.33333333333333}, "test": {"accuracy": 43.75}}, "0.7": {"time": 0.0009768009185791016, "reduction": 79.86111111111111, "validation": {"accuracy": 36.80555555555556}, "test": {"accuracy": 50.0}}, "0.8": {"time": 0.001466989517211914, "reduction": 97.22222222222221, "validation": {"accuracy": 29.86111111111111}, "test": {"accuracy": 25.0}}, "0.9": {"time": 0.0008091926574707031, "reduction": 97.91666666666666, "validation": {"accuracy": 37.5}, "test": {"accuracy": 31.25}}, "1.0": {"time": 0.0008089542388916016, "reduction": 97.91666666666666, "validation": {"accuracy": 32.63888888888889}, "test": {"accuracy": 37.5}}}, "7": {"0.0": {"time": 0.0011546611785888672, "reduction": 2.777777777777779, "validation": {"accuracy": 36.11111111111111}, "test": {"accuracy": 31.25}}, "0.1": {"time": 0.0011110305786132812, "reduction": 9.027777777777779, "validation": {"accuracy": 36.80555555555556}, "test": {"accuracy": 31.25}}, "0.2": {"time": 0.0010399818420410156, "reduction": 14.583333333333337, "validation": {"accuracy": 33.33333333333333}, "test": {"accuracy": 25.0}}, "0.3": {"time": 0.0013401508331298828, "reduction": 20.833333333333336, "validation": {"accuracy": 32.63888888888889}, "test": {"accuracy": 37.5}}, "0.4": {"time": 0.0010008811950683594, "reduction": 39.583333333333336, "validation": {"accuracy": 31.25}, "test": {"accuracy": 43.75}}, "0.5": {"time": 0.0012469291687011719, "reduction": 49.30555555555556, "validation": {"accuracy": 31.25}, "test": {"accuracy": 43.75}}, "0.6": {"time": 0.0011069774627685547, "reduction": 79.16666666666666, "validation": {"accuracy": 29.86111111111111}, "test": {"accuracy": 31.25}}, "0.7": {"time": 0.001416921615600586, "reduction": 88.88888888888889, "validation": {"accuracy": 32.63888888888889}, "test": {"accuracy": 37.5}}, "0.8": {"time": 0.001741647720336914, "reduction": 94.44444444444444, "validation": {"accuracy": 35.41666666666667}, "test": {"accuracy": 31.25}}, "0.9": {"time": 0.0016319751739501953, "reduction": 95.83333333333334, "validation": {"accuracy": 36.11111111111111}, "test": {"accuracy": 43.75}}, "1.0": {"time": 0.0016109943389892578, "reduction": 97.91666666666666, "validation": {"accuracy": 36.80555555555556},