{"3": {"0.0": {"time": 9.561460018157959, "reduction": 28.020361990950228, "validation": {"accuracy": 92.4660633484163}, "test": {"accuracy": 92.76985743380855}}, "0.1": {"time": 8.668319940567017, "reduction": 35.62217194570135, "validation": {"accuracy": 84.73981900452489}, "test": {"accuracy": 87.57637474541752}}, "0.2": {"time": 9.001832008361816, "reduction": 36.10859728506788, "validation": {"accuracy": 84.73981900452489}, "test": {"accuracy": 87.57637474541752}}, "0.3": {"time": 8.3610098361969, "reduction": 44.16289592760181, "validation": {"accuracy": 84.49095022624434}, "test": {"accuracy": 87.06720977596741}}, "0.4": {"time": 7.62895393371582, "reduction": 60.904977375565615, "validation": {"accuracy": 37.45475113122172}, "test": {"accuracy": 36.55804480651731}}, "0.5": {"time": 7.369603157043457, "reduction": 83.16742081447963, "validation": {"accuracy": 22.533936651583712}, "test": {"accuracy": 21.9959266802444}}, "0.6": {"time": 7.030009746551514, "reduction": 94.67194570135746, "validation": {"accuracy": 77.08144796380091}, "test": {"accuracy": 81.56822810590631}}, "0.7": {"time": 6.857041120529175, "reduction": 98.4502262443439, "validation": {"accuracy": 6.968325791855204}, "test": {"accuracy": 6.720977596741344}}, "0.8": {"time": 6.597799301147461, "reduction": 99.36651583710407, "validation": {"accuracy": 6.018099547511312}, "test": {"accuracy": 6.008146639511202}}, "0.9": {"time": 6.921452045440674, "reduction": 99.8529411764706, "validation": {"accuracy": 5.972850678733032}, "test": {"accuracy": 5.906313645621181}}, "1.0": {"time": 6.927629232406616, "reduction": 99.97737556561086, "validation": {"accuracy": 91.01809954751131}, "test": {"accuracy": 90.63136456211812}}}, "4": {"0.0": {"time": 9.680444955825806, "reduction": 17.87330316742082, "validation": {"accuracy": 91.64027149321267}, "test": {"accuracy": 91.95519348268839}}, "0.1": {"time": 8.815538167953491, "reduction": 26.210407239819, "validation": {"accuracy": 83.05429864253394}, "test": {"accuracy": 81.56822810590631}}, "0.2": {"time": 8.79732894897461, "reduction": 30.124434389140276, "validation": {"accuracy": 83.05429864253394}, "test": {"accuracy": 81.56822810590631}}, "0.3": {"time": 8.318258047103882, "reduction": 44.6945701357466, "validation": {"accuracy": 82.59049773755656}, "test": {"accuracy": 80.95723014256619}}, "0.4": {"time": 7.4371068477630615, "reduction": 70.66742081447963, "validation": {"accuracy": 16.074660633484164}, "test": {"accuracy": 15.274949083503056}}, "0.5": {"time": 6.986607313156128, "reduction": 92.52262443438914, "validation": {"accuracy": 6.515837104072399}, "test": {"accuracy": 6.313645621181263}}, "0.6": {"time": 6.927960157394409, "reduction": 96.27828054298642, "validation": {"accuracy": 5.972850678733032}, "test": {"accuracy": 5.906313645621181}}, "0.7": {"time": 6.856357097625732, "reduction": 98.08823529411764, "validation": {"accuracy": 5.972850678733032}, "test": {"accuracy": 5.906313645621181}}, "0.8": {"time": 6.448838949203491, "reduction": 99.26470588235294, "validation": {"accuracy": 5.972850678733032}, "test": {"accuracy": 5.906313645621181}}, "0.9": {"time": 6.852118015289307, "reduction": 99.84162895927602, "validation": {"accuracy": 5.984162895927602}, "test": {"accuracy": 5.906313645621181}}, "1.0": {"time": 6.841188669204712, "reduction": 99.97737556561086, "validation": {"accuracy": 11.990950226244344}, "test": {"accuracy": 12.525458248472503}}}, "5": {"0.0": {"time": 9.48025393486023, "reduction": 18.981900452488688, "validation": {"accuracy": 91.39140271493213}, "test": {"accuracy": 91.0386965376782}}, "0.1": {"time": 9.139396905899048, "reduction": 25.757918552036195, "validation": {"accuracy": 84.16289592760181}, "test": {"accuracy": 79.83706720977597}}, "0.2": {"time": 8.721205949783325, "reduction": 31.82126696832579, "validation": {"accuracy": 83.35972850678733}, "test": {"accuracy": 79.22606924643586}}, "0.3": {"time": 7.82322096824646, "reduction": 51.855203619909496, "validation": {"accuracy": 82.0814479638009}, "test": {"accuracy": 78.20773930753563}}, "0.4": {"time": 7.181666135787964, "reduction": 77.96380090497738, "validation": {"accuracy": 14.671945701357467}, "test": {"accuracy": 13.95112016293279}}, "0.5": {"time": 6.264729976654053, "reduction": 94.32126696832579, "validation": {"accuracy": 6.391402714932126}, "test": {"accuracy": 6.415478615071284}}, "0.6": {"time": 6.887833833694458, "reduction": 96.78733031674209, "validation": {"accuracy": 6.108597285067873}, "test": {"accuracy": 6.109979633401222}}, "0.7": {"time": 6.427325963973999, "reduction": 97.6131221719457, "validation": {"accuracy": 5.972850678733032}, "test": {"accuracy": 5.906313645621181}}, "0.8": {"time": 6.900248050689697, "reduction": 98.6764705882353, "validation": {"accuracy": 5.972850678733032}, "test": {"accuracy": 5.906313645621181}}, "0.9": {"time": 6.840290069580078, "reduction": 99.70588235294117, "validation": {"accuracy": 5.972850678733032}, "test": {"accuracy": 5.906313645621181}}, "1.0": {"time": 6.256525993347168, "reduction": 99.97737556561086, "validation": {"accuracy": 87.82805429864253}, "test": {"accuracy": 89.40936863543789}}}, "6": {"0.0": {"time": 9.012445211410522, "reduction": 33.789592760180994, "validation": {"accuracy": 85.91628959276018}, "test": {"accuracy": 80.14256619144604}}, "0.1": {"time": 9.055044889450073, "reduction": 41.43665158371041, "validation": {"accuracy": 85.4864253393665}, "test": {"accuracy": 79.83706720977597}}, "0.2": {"time": 8.70659613609314, "reduction": 45.49773755656109, "validation": {"accuracy": 85.3393665158371}, "test": {"accuracy": 79.83706720977597}}, "0.3": {"time": 8.435282945632935, "reduction": 53.68778280542986, "validation": {"accuracy": 85.35067873303167}, "test": {"accuracy": 79.83706720977597}}, "0.4": {"time": 7.868747711181641, "reduction": 70.35067873303167, "validation": {"accuracy": 83.5633484162896}, "test": {"accuracy": 78.81873727087576}}, "0.5": {"time": 7.357928037643433, "reduction": 86.0633484162896, "validation": {"accuracy": 86.5158371040724}, "test": {"accuracy": 81.05906313645622}}, "0.6": {"time": 6.8209147453308105, "reduction": 93.94796380090497, "validation": {"accuracy": 84.8076923076923}, "test": {"accuracy": 78.92057026476579}}, "0.7": {"time": 6.676655054092407, "reduction": 97.52262443438914, "validation": {"accuracy": 82.31900452488688}, "test": {"accuracy": 76.78207739307535}}, "0.8": {"time": 6.886674880981445, "reduction": 99.11764705882354, "validation": {"accuracy": 83.0316742081448}, "test": {"accuracy": 77.08757637474541}}, "0.9": {"time": 6.914243221282959, "reduction": 99.8529411764706, "validation": {"accuracy": 59.1289592760181}, "test": {"accuracy": 63.44195519348269}}, "1.0": {"time": 6.840275049209595, "reduction": 99.97737556561086, "validation": {"accuracy": 6.402714932126696}, "test": {"accuracy": 6.415478615071284}}}, "7": {"0.0": {"time": 8.897640943527222, "reduction": 31.063348416289593, "validation": {"accuracy": 92.76018099547511}, "test": {"accuracy": 92.56619144602851}}, "0.1": {"time": 8.781221866607666, "reduction": 37.873303167420815, "validation": {"accuracy": 85.65610859728507}, "test": {"accuracy": 89.5112016293279}}, "0.2": {"time": 8.141515016555786, "reduction": 40.09049773755656, "validation": {"accuracy": 85.65610859728507}, "test": {"accuracy": 89.5112016293279}}, "0.3": {"time": 8.350666999816895, "reduction": 48.710407239819006, "validation": {"accuracy": 84.36651583710407}, "test": {"accuracy": 88.28920570264765}}, "0.4": {"time": 7.547574043273926, "reduction": 69.42307692307692, "validation": {"accuracy": 84.63800904977376}, "test": {"accuracy": 88.39103869653768}}, "0.5": {"time": 7.214035987854004, "reduction": 87.01357466063348, "validation": {"accuracy": 25.384615384615383}, "test": {"accuracy": 27.189409368635438}}, "0.6": {"time": 6.9731972217559814, "reduction": 95.01131221719457, "validation": {"accuracy": 18.257918552036198}, "test": {"accuracy": 21.079429735234214}},