{"3": {"0.0": {"time": 1.123626947402954, "reduction": 2.133160956690372, "validation": {"accuracy": 14.107950872656755}, "test": {"accuracy": 17.00581395348837}}, "0.1": {"time": 1.098862886428833, "reduction": 3.2159017453135097, "validation": {"accuracy": 13.96250808015514}, "test": {"accuracy": 17.00581395348837}}, "0.2": {"time": 1.0989940166473389, "reduction": 7.902391725921143, "validation": {"accuracy": 15.820943762120232}, "test": {"accuracy": 16.569767441860463}}, "0.3": {"time": 0.988217830657959, "reduction": 18.309631544925665, "validation": {"accuracy": 11.748545572074983}, "test": {"accuracy": 12.5}}, "0.4": {"time": 0.8595356941223145, "reduction": 33.96897220426632, "validation": {"accuracy": 14.301874595992242}, "test": {"accuracy": 14.534883720930234}}, "0.5": {"time": 0.7593278884887695, "reduction": 53.329023917259214, "validation": {"accuracy": 14.608920491273434}, "test": {"accuracy": 13.517441860465116}}, "0.6": {"time": 0.6898670196533203, "reduction": 72.10730446024563, "validation": {"accuracy": 15.562378797672915}, "test": {"accuracy": 14.970930232558139}}, "0.7": {"time": 0.6547529697418213, "reduction": 88.39689722042662, "validation": {"accuracy": 12.702003878474466}, "test": {"accuracy": 12.209302325581394}}, "0.8": {"time": 0.6454999446868896, "reduction": 97.05882352941177, "validation": {"accuracy": 12.540400775694893}, "test": {"accuracy": 15.11627906976744}}, "0.9": {"time": 0.6404588222503662, "reduction": 99.62831286360698, "validation": {"accuracy": 9.09825468648998}, "test": {"accuracy": 8.866279069767442}}, "1.0": {"time": 0.6418707370758057, "reduction": 99.85455720749839, "validation": {"accuracy": 8.968972204266322}, "test": {"accuracy": 9.30232558139535}}}, "4": {"0.0": {"time": 1.098503828048706, "reduction": 1.8907563025210128, "validation": {"accuracy": 13.768584356819652}, "test": {"accuracy": 14.098837209302326}}, "0.1": {"time": 1.0862910747528076, "reduction": 3.167420814479638, "validation": {"accuracy": 13.768584356819652}, "test": {"accuracy": 13.80813953488372}}, "0.2": {"time": 1.061967134475708, "reduction": 7.530704589528114, "validation": {"accuracy": 12.702003878474466}, "test": {"accuracy": 11.918604651162791}}, "0.3": {"time": 0.9905569553375244, "reduction": 14.673561732385265, "validation": {"accuracy": 14.495798319327733}, "test": {"accuracy": 14.970930232558139}}, "0.4": {"time": 0.9042370319366455, "reduction": 26.292824822236582, "validation": {"accuracy": 14.948287007110537}, "test": {"accuracy": 15.988372093023257}}, "0.5": {"time": 0.8105897903442383, "reduction": 42.56625727213963, "validation": {"accuracy": 13.72010342598578}, "test": {"accuracy": 14.38953488372093}}, "0.6": {"time": 0.7162888050079346, "reduction": 62.54040077569489, "validation": {"accuracy": 14.964447317388494}, "test": {"accuracy": 15.69767441860465}}, "0.7": {"time": 0.6643960475921631, "reduction": 82.35294117647058, "validation": {"accuracy": 15.093729799612152}, "test": {"accuracy": 15.406976744186046}}, "0.8": {"time": 0.6476600170135498, "reduction": 94.44085326438267, "validation": {"accuracy": 13.41305753070459}, "test": {"accuracy": 14.38953488372093}}, "0.9": {"time": 0.6414968967437744, "reduction": 99.11118293471235, "validation": {"accuracy": 13.752424046541694}, "test": {"accuracy": 14.098837209302326}}, "1.0": {"time": 0.6434738636016846, "reduction": 99.5475113122172, "validation": {"accuracy": 10.908209437621203}, "test": {"accuracy": 11.918604651162791}}}, "5": {"0.0": {"time": 1.0976619720458984, "reduction": 1.6645119586296109, "validation": {"accuracy": 13.89786683904331}, "test": {"accuracy": 15.406976744186046}}, "0.1": {"time": 1.0795271396636963, "reduction": 3.587588881706527, "validation": {"accuracy": 13.914027149321267}, "test": {"accuracy": 16.13372093023256}}, "0.2": {"time": 1.029278039932251, "reduction": 10.197155785391077, "validation": {"accuracy": 13.138332255979316}, "test": {"accuracy": 13.953488372093023}}, "0.3": {"time": 0.9412667751312256, "reduction": 21.460892049127345, "validation": {"accuracy": 13.009049773755658}, "test": {"accuracy": 13.226744186046513}}, "0.4": {"time": 0.8344950675964355, "reduction": 37.782805429864254, "validation": {"accuracy": 13.946347769877182}, "test": {"accuracy": 13.226744186046513}}, "0.5": {"time": 0.7338201999664307, "reduction": 58.30639948287006, "validation": {"accuracy": 14.851325145442793}, "test": {"accuracy": 12.5}}, "0.6": {"time": 0.6773519515991211, "reduction": 76.2443438914027, "validation": {"accuracy": 15.336134453781513}, "test": {"accuracy": 14.680232558139537}}, "0.7": {"time": 0.6488361358642578, "reduction": 90.46541693600517, "validation": {"accuracy": 13.558500323206205}, "test": {"accuracy": 10.319767441860465}}, "0.8": {"time": 0.6400980949401855, "reduction": 98.09308338720103, "validation": {"accuracy": 13.784744667097609}, "test": {"accuracy": 11.918604651162791}}, "0.9": {"time": 0.6439568996429443, "reduction": 99.69295410471881, "validation": {"accuracy": 12.330316742081449}, "test": {"accuracy": 10.755813953488373}}, "1.0": {"time": 0.6403741836547852, "reduction": 99.85455720749839, "validation": {"accuracy": 11.58694246929541}, "test": {"accuracy": 10.029069767441861}}}, "6": {"0.0": {"time": 1.102816104888916, "reduction": 2.359405300581774, "validation": {"accuracy": 13.041370394311572}, "test": {"accuracy": 15.406976744186046}}, "0.1": {"time": 1.0855650901794434, "reduction": 3.7491919844861, "validation": {"accuracy": 13.041370394311572}, "test": {"accuracy": 15.406976744186046}}, "0.2": {"time": 1.059041976928711, "reduction": 8.484162895927605, "validation": {"accuracy": 13.574660633484163}, "test": {"accuracy": 15.406976744186046}}, "0.3": {"time": 0.9646258354187012, "reduction": 18.842921784098255, "validation": {"accuracy": 12.475759534583064}, "test": {"accuracy": 13.662790697674417}}, "0.4": {"time": 0.8775770664215088, "reduction": 33.75888817065288, "validation": {"accuracy": 11.780866192630898}, "test": {"accuracy": 12.936046511627907}}, "0.5": {"time": 0.7745740413665771, "reduction": 51.29282482223658, "validation": {"accuracy": 13.445378151260504}, "test": {"accuracy": 11.627906976744185}}, "0.6": {"time": 0.6919190883636475, "reduction": 71.20232708468002, "validation": {"accuracy": 14.398836457659986}, "test": {"accuracy": 11.482558139534884}}, "0.7": {"time": 0.6579508781433105, "reduction": 87.42727860374919, "validation": {"accuracy": 14.75436328377505}, "test": {"accuracy": 12.063953488372094}}, "0.8": {"time": 0.6425158977508545, "reduction": 97.5759534583064, "validation": {"accuracy": 14.819004524886878}, "test": {"accuracy": 13.662790697674417}}, "0.9": {"time": 0.6401031017303467, "reduction": 99.6606334841629, "validation": {"accuracy": 11.732385261797026}, "test": {"accuracy": 11.627906976744185}}, "1.0": {"time": 0.6413969993591309, "reduction": 99.85455720749839, "validation": {"accuracy": 13.429217840982547}, "test": {"accuracy": 12.063953488372094}}}, "7": {"0.0": {"time": 1.097527027130127, "reduction": 2.2136047826789462, "validation": {"accuracy": 11.585070285991275}, "test": {"accuracy": 12.663755458515283}}, "0.1": {"time": 1.089421033859253, "reduction": 3.296170625302952, "validation": {"accuracy": 11.520439489416708}, "test": {"accuracy": 12.518195050946144}}, "0.2": {"time": 1.058021068572998, "reduction": 7.965745677815484, "validation": {"accuracy": 11.488124091129423}, "test": {"accuracy": 12.518195050946144}}, "0.3": {"time": 0.9552252292633057, "reduction": 20.27791242527064, "validation": {"accuracy": 13.782517369526579}, "test": {"accuracy": 15.574963609898107}}, "0.4": {"time": 0.8497059345245361, "reduction": 37.16270803037648, "validation": {"accuracy": 13.847148166101148}, "test": {"accuracy": 13.537117903930133}}, "0.5": {"time": 0.7561709880828857, "reduction": 55.56632735498466, "validation": {"accuracy": 12.61916303118436}, "test": {"accuracy": 13.100436681222707}}, "0.6": {"time": 0.6845147609710693, "reduction": 72.88738083696882,