{"3": {"0.0": {"time": 0.010299921035766602, "reduction": 1.6014234875444844, "validation": {"accuracy": 9.608540925266903}, "test": {"accuracy": 25.396825396825395}}, "0.1": {"time": 0.006000995635986328, "reduction": 26.690391459074736, "validation": {"accuracy": 11.209964412811388}, "test": {"accuracy": 25.396825396825395}}, "0.2": {"time": 0.007181882858276367, "reduction": 32.562277580071175, "validation": {"accuracy": 11.565836298932384}, "test": {"accuracy": 26.984126984126984}}, "0.3": {"time": 0.005947113037109375, "reduction": 39.85765124555161, "validation": {"accuracy": 11.565836298932384}, "test": {"accuracy": 26.984126984126984}}, "0.4": {"time": 0.005798816680908203, "reduction": 57.82918149466192, "validation": {"accuracy": 32.91814946619217}, "test": {"accuracy": 34.92063492063492}}, "0.5": {"time": 0.005730152130126953, "reduction": 58.00711743772242, "validation": {"accuracy": 32.91814946619217}, "test": {"accuracy": 34.92063492063492}}, "0.6": {"time": 0.0053021907806396484, "reduction": 72.77580071174377, "validation": {"accuracy": 32.562277580071175}, "test": {"accuracy": 31.746031746031743}}, "0.7": {"time": 0.0051860809326171875, "reduction": 98.75444839857651, "validation": {"accuracy": 61.387900355871885}, "test": {"accuracy": 61.904761904761905}}, "0.8": {"time": 0.004746913909912109, "reduction": 99.11032028469751, "validation": {"accuracy": 46.08540925266904}, "test": {"accuracy": 46.03174603174603}}, "0.9": {"time": 0.0046939849853515625, "reduction": 99.4661921708185, "validation": {"accuracy": 46.08540925266904}, "test": {"accuracy": 46.03174603174603}}, "1.0": {"time": 0.004703998565673828, "reduction": 99.4661921708185, "validation": {"accuracy": 45.90747330960854}, "test": {"accuracy": 46.03174603174603}}}, "4": {"0.0": {"time": 0.007666826248168945, "reduction": 1.7793594306049876, "validation": {"accuracy": 10.676156583629894}, "test": {"accuracy": 19.047619047619047}}, "0.1": {"time": 0.0060007572174072266, "reduction": 25.088967971530252, "validation": {"accuracy": 20.99644128113879}, "test": {"accuracy": 30.158730158730158}}, "0.2": {"time": 0.005797863006591797, "reduction": 42.17081850533808, "validation": {"accuracy": 21.17437722419929}, "test": {"accuracy": 31.746031746031743}}, "0.3": {"time": 0.0053670406341552734, "reduction": 50.177935943060504, "validation": {"accuracy": 21.17437722419929}, "test": {"accuracy": 31.746031746031743}}, "0.4": {"time": 0.005578041076660156, "reduction": 52.13523131672597, "validation": {"accuracy": 29.00355871886121}, "test": {"accuracy": 38.095238095238095}}, "0.5": {"time": 0.005403995513916016, "reduction": 69.7508896797153, "validation": {"accuracy": 28.825622775800714}, "test": {"accuracy": 42.857142857142854}}, "0.6": {"time": 0.00558781623840332, "reduction": 69.9288256227758, "validation": {"accuracy": 18.505338078291814}, "test": {"accuracy": 31.746031746031743}}, "0.7": {"time": 0.0051157474517822266, "reduction": 70.2846975088968, "validation": {"accuracy": 18.505338078291814}, "test": {"accuracy": 33.33333333333333}}, "0.8": {"time": 0.0050868988037109375, "reduction": 82.74021352313167, "validation": {"accuracy": 22.597864768683273}, "test": {"accuracy": 34.92063492063492}}, "0.9": {"time": 0.005409955978393555, "reduction": 83.45195729537367, "validation": {"accuracy": 45.55160142348754}, "test": {"accuracy": 50.79365079365079}}, "1.0": {"time": 0.00707697868347168, "reduction": 99.4661921708185, "validation": {"accuracy": 46.08540925266904}, "test": {"accuracy": 46.03174603174603}}}, "5": {"0.0": {"time": 0.007731914520263672, "reduction": 1.4234875444839812, "validation": {"accuracy": 20.284697508896798}, "test": {"accuracy": 30.158730158730158}}, "0.1": {"time": 0.006491184234619141, "reduction": 9.964412811387902, "validation": {"accuracy": 29.181494661921707}, "test": {"accuracy": 33.33333333333333}}, "0.2": {"time": 0.006081104278564453, "reduction": 16.014234875444842, "validation": {"accuracy": 29.537366548042705}, "test": {"accuracy": 38.095238095238095}}, "0.3": {"time": 0.006129741668701172, "reduction": 28.647686832740217, "validation": {"accuracy": 29.537366548042705}, "test": {"accuracy": 38.095238095238095}}, "0.4": {"time": 0.005980968475341797, "reduction": 36.29893238434164, "validation": {"accuracy": 29.359430604982208}, "test": {"accuracy": 33.33333333333333}}, "0.5": {"time": 0.005401134490966797, "reduction": 69.7508896797153, "validation": {"accuracy": 19.217081850533805}, "test": {"accuracy": 26.984126984126984}}, "0.6": {"time": 0.0054836273193359375, "reduction": 69.9288256227758, "validation": {"accuracy": 19.217081850533805}, "test": {"accuracy": 26.984126984126984}}, "0.7": {"time": 0.005143880844116211, "reduction": 81.49466192170819, "validation": {"accuracy": 23.487544483985765}, "test": {"accuracy": 22.22222222222222}}, "0.8": {"time": 0.005097150802612305, "reduction": 98.39857651245552, "validation": {"accuracy": 7.829181494661921}, "test": {"accuracy": 9.523809523809524}}, "0.9": {"time": 0.00559687614440918, "reduction": 99.11032028469751, "validation": {"accuracy": 7.829181494661921}, "test": {"accuracy": 9.523809523809524}}, "1.0": {"time": 0.0045108795166015625, "reduction": 99.4661921708185, "validation": {"accuracy": 46.263345195729535}, "test": {"accuracy": 47.61904761904761}}}, "6": {"0.0": {"time": 0.007932901382446289, "reduction": 1.7761989342806372, "validation": {"accuracy": 14.92007104795737}, "test": {"accuracy": 27.419354838709676}}, "0.1": {"time": 0.006253957748413086, "reduction": 23.80106571936057, "validation": {"accuracy": 26.465364120781526}, "test": {"accuracy": 29.03225806451613}}, "0.2": {"time": 0.006514072418212891, "reduction": 42.451154529307274, "validation": {"accuracy": 26.820603907637658}, "test": {"accuracy": 30.64516129032258}}, "0.3": {"time": 0.005948066711425781, "reduction": 49.55595026642984, "validation": {"accuracy": 26.820603907637658}, "test": {"accuracy": 30.64516129032258}}, "0.4": {"time": 0.0063936710357666016, "reduction": 51.86500888099468, "validation": {"accuracy": 35.701598579040855}, "test": {"accuracy": 33.87096774193548}}, "0.5": {"time": 0.0063018798828125, "reduction": 70.69271758436945, "validation": {"accuracy": 35.168738898756665}, "test": {"accuracy": 33.87096774193548}}, "0.6": {"time": 0.004926919937133789, "reduction": 71.04795737122558, "validation": {"accuracy": 35.52397868561279}, "test": {"accuracy": 35.483870967741936}}, "0.7": {"time": 0.0053670406341552734, "reduction": 71.22557726465364, "validation": {"accuracy": 35.52397868561279}, "test": {"accuracy": 35.483870967741936}}, "0.8": {"time": 0.005110979080200195, "reduction": 83.65896980461811, "validation": {"accuracy": 34.4582593250444}, "test": {"accuracy": 37.096774193548384}}, "0.9": {"time": 0.005015850067138672, "reduction": 84.19182948490231, "validation": {"accuracy": 45.825932504440495}, "test": {"accuracy": 46.774193548387096}}, "1.0": {"time": 0.005360126495361328, "reduction": 99.46714031971581, "validation": {"accuracy": 46.181172291296626}, "test": {"accuracy": 45.16129032258064}}}, "7": {"0.0": {"time": 0.00693202018737793, "reduction": 2.3090586145648295, "validation": {"accuracy": 31.616341030195382}, "test": {"accuracy": 29.03225806451613}}, "0.1": {"time": 0.0066950321197509766, "reduction": 9.946714031971581, "validation": {"accuracy": 31.616341030195382}, "test": {"accuracy": 30.64516129032258}}, "0.2": {"time": 0.008018970489501953, "reduction": 16.34103019538188, "validation": {"accuracy": 31.97158081705151}, "test": {"accuracy": 33.87096774193548}}, "0.3": {"time": 0.0059356689453125, "reduction": 23.80106571936057, "validation": {"accuracy": 31.97158081705151}, "test": {"accuracy": 33.87096774193548}}, "0.4": {"time": 0.005784034729003906, "reduction": 24.333925399644762, "validation": {"accuracy": 31.97158081705151}, "test": {"accuracy": 33.87096774193548}}, "0.5": {"time": 0.005773067474365234, "reduction": 55.23978685612789, "validation": {"accuracy": 42.09591474245116},