{"3": {"0.0": {"time": 0.05038094520568848, "reduction": 13.183520599250931, "validation": {"accuracy": 12.209737827715356}, "test": {"accuracy": 18.120805369127517}}, "0.1": {"time": 0.04965782165527344, "reduction": 15.880149812734079, "validation": {"accuracy": 12.434456928838951}, "test": {"accuracy": 18.120805369127517}}, "0.2": {"time": 0.04922795295715332, "reduction": 17.602996254681646, "validation": {"accuracy": 12.50936329588015}, "test": {"accuracy": 18.120805369127517}}, "0.3": {"time": 0.04759097099304199, "reduction": 22.247191011235955, "validation": {"accuracy": 12.359550561797752}, "test": {"accuracy": 18.120805369127517}}, "0.4": {"time": 0.04531717300415039, "reduction": 30.411985018726597, "validation": {"accuracy": 9.063670411985019}, "test": {"accuracy": 12.751677852348994}}, "0.5": {"time": 0.04070615768432617, "reduction": 45.393258426966284, "validation": {"accuracy": 9.662921348314606}, "test": {"accuracy": 14.76510067114094}}, "0.6": {"time": 0.037055015563964844, "reduction": 60.22471910112359, "validation": {"accuracy": 11.535580524344569}, "test": {"accuracy": 12.751677852348994}}, "0.7": {"time": 0.03392291069030762, "reduction": 78.50187265917603, "validation": {"accuracy": 7.940074906367041}, "test": {"accuracy": 9.395973154362416}}, "0.8": {"time": 0.03232097625732422, "reduction": 92.35955056179776, "validation": {"accuracy": 10.486891385767791}, "test": {"accuracy": 12.080536912751679}}, "0.9": {"time": 0.031321048736572266, "reduction": 97.97752808988764, "validation": {"accuracy": 11.46067415730337}, "test": {"accuracy": 12.751677852348994}}, "1.0": {"time": 0.031794071197509766, "reduction": 99.25093632958801, "validation": {"accuracy": 10.411985018726591}, "test": {"accuracy": 11.409395973154362}}}, "4": {"0.0": {"time": 0.05051898956298828, "reduction": 13.108614232209737, "validation": {"accuracy": 23.89513108614232}, "test": {"accuracy": 24.161073825503358}}, "0.1": {"time": 0.04897284507751465, "reduction": 15.131086142322092, "validation": {"accuracy": 23.295880149812735}, "test": {"accuracy": 24.161073825503358}}, "0.2": {"time": 0.04815506935119629, "reduction": 17.078651685393254, "validation": {"accuracy": 22.397003745318354}, "test": {"accuracy": 23.48993288590604}}, "0.3": {"time": 0.047297000885009766, "reduction": 22.397003745318354, "validation": {"accuracy": 14.382022471910114}, "test": {"accuracy": 18.120805369127517}}, "0.4": {"time": 0.04457402229309082, "reduction": 30.561797752808985, "validation": {"accuracy": 12.50936329588015}, "test": {"accuracy": 13.422818791946309}}, "0.5": {"time": 0.04036593437194824, "reduction": 46.367041198501866, "validation": {"accuracy": 8.539325842696629}, "test": {"accuracy": 6.0402684563758395}}, "0.6": {"time": 0.036666154861450195, "reduction": 62.62172284644194, "validation": {"accuracy": 5.2434456928838955}, "test": {"accuracy": 8.053691275167784}}, "0.7": {"time": 0.03394675254821777, "reduction": 78.12734082397003, "validation": {"accuracy": 10.786516853932584}, "test": {"accuracy": 12.080536912751679}}, "0.8": {"time": 0.03259396553039551, "reduction": 89.7378277153558, "validation": {"accuracy": 11.910112359550562}, "test": {"accuracy": 11.409395973154362}}, "0.9": {"time": 0.03188824653625488, "reduction": 97.07865168539325, "validation": {"accuracy": 11.46067415730337}, "test": {"accuracy": 10.738255033557047}}, "1.0": {"time": 0.03166007995605469, "reduction": 99.25093632958801, "validation": {"accuracy": 11.385767790262172}, "test": {"accuracy": 10.738255033557047}}}, "5": {"0.0": {"time": 0.05038595199584961, "reduction": 14.67065868263473, "validation": {"accuracy": 23.353293413173652}, "test": {"accuracy": 25.0}}, "0.1": {"time": 0.04925107955932617, "reduction": 16.691616766467064, "validation": {"accuracy": 23.353293413173652}, "test": {"accuracy": 25.0}}, "0.2": {"time": 0.04908585548400879, "reduction": 18.862275449101794, "validation": {"accuracy": 23.42814371257485}, "test": {"accuracy": 26.351351351351347}}, "0.3": {"time": 0.0477292537689209, "reduction": 23.35329341317365, "validation": {"accuracy": 24.10179640718563}, "test": {"accuracy": 25.675675675675674}}, "0.4": {"time": 0.04517197608947754, "reduction": 30.613772455089816, "validation": {"accuracy": 24.10179640718563}, "test": {"accuracy": 26.351351351351347}}, "0.5": {"time": 0.04132676124572754, "reduction": 42.29041916167665, "validation": {"accuracy": 16.61676646706587}, "test": {"accuracy": 18.91891891891892}}, "0.6": {"time": 0.03701496124267578, "reduction": 60.928143712574844, "validation": {"accuracy": 11.976047904191617}, "test": {"accuracy": 9.45945945945946}}, "0.7": {"time": 0.03383970260620117, "reduction": 77.9940119760479, "validation": {"accuracy": 7.110778443113773}, "test": {"accuracy": 8.783783783783784}}, "0.8": {"time": 0.032543182373046875, "reduction": 91.99101796407186, "validation": {"accuracy": 12.350299401197605}, "test": {"accuracy": 14.864864864864865}}, "0.9": {"time": 0.03184700012207031, "reduction": 98.12874251497006, "validation": {"accuracy": 3.8922155688622757}, "test": {"accuracy": 5.405405405405405}}, "1.0": {"time": 0.031219959259033203, "reduction": 99.25149700598801, "validation": {"accuracy": 1.7964071856287425}, "test": {"accuracy": 2.027027027027027}}}, "6": {"0.0": {"time": 0.050787925720214844, "reduction": 13.173652694610782, "validation": {"accuracy": 12.125748502994012}, "test": {"accuracy": 12.837837837837837}}, "0.1": {"time": 0.05038189888000488, "reduction": 14.820359281437124, "validation": {"accuracy": 12.125748502994012}, "test": {"accuracy": 13.513513513513514}}, "0.2": {"time": 0.049237966537475586, "reduction": 17.739520958083833, "validation": {"accuracy": 12.125748502994012}, "test": {"accuracy": 13.513513513513514}}, "0.3": {"time": 0.047662973403930664, "reduction": 22.529940119760482, "validation": {"accuracy": 11.976047904191617}, "test": {"accuracy": 13.513513513513514}}, "0.4": {"time": 0.045228004455566406, "reduction": 30.988023952095812, "validation": {"accuracy": 16.991017964071855}, "test": {"accuracy": 17.56756756756757}}, "0.5": {"time": 0.040580034255981445, "reduction": 44.91017964071856, "validation": {"accuracy": 12.275449101796406}, "test": {"accuracy": 13.513513513513514}}, "0.6": {"time": 0.03694319725036621, "reduction": 62.3502994011976, "validation": {"accuracy": 25.149700598802394}, "test": {"accuracy": 29.054054054054053}}, "0.7": {"time": 0.033972978591918945, "reduction": 79.71556886227545, "validation": {"accuracy": 13.47305389221557}, "test": {"accuracy": 8.783783783783784}}, "0.8": {"time": 0.03239178657531738, "reduction": 90.86826347305389, "validation": {"accuracy": 15.04491017964072}, "test": {"accuracy": 14.864864864864865}}, "0.9": {"time": 0.031193971633911133, "reduction": 97.15568862275448, "validation": {"accuracy": 16.991017964071855}, "test": {"accuracy": 12.162162162162163}}, "1.0": {"time": 0.0318756103515625, "reduction": 99.25149700598801, "validation": {"accuracy": 26.422155688622755}, "test": {"accuracy": 25.675675675675674}}}, "7": {"0.0": {"time": 0.050390005111694336, "reduction": 13.997005988023947, "validation": {"accuracy": 22.604790419161677}, "test": {"accuracy": 25.675675675675674}}, "0.1": {"time": 0.049742698669433594, "reduction": 16.467065868263475, "validation": {"accuracy": 22.45508982035928}, "test": {"accuracy": 25.675675675675674}}, "0.2": {"time": 0.04889202117919922, "reduction": 18.862275449101794, "validation": {"accuracy": 22.45508982035928}, "test": {"accuracy": 26.351351351351347}}, "0.3": {"time": 0.04709219932556152, "reduction": 24.326347305389216, "validation": {"accuracy": 20.88323353293413}, "test": {"accuracy": 28.37837837837838}}, "0.4": {"time": 0.03934597969055176, "reduction": 34.50598802395209, "validation": {"accuracy": 21.931137724550897}, "test": {"accuracy": 20.27027027027027}}, "0.5": {"time": 0.035697221755981445, "reduction": 47.82934131736527, "validation": {"accuracy": 16.24251497005988},