{"3": {"0.0": {"time": 0.04575181007385254, "reduction": 33.056603773584904, "validation": {"accuracy": 40.0}, "test": {"accuracy": 39.86486486486486}}, "0.1": {"time": 0.04259300231933594, "reduction": 36.83018867924528, "validation": {"accuracy": 42.339622641509436}, "test": {"accuracy": 43.91891891891892}}, "0.2": {"time": 0.04207420349121094, "reduction": 43.16981132075471, "validation": {"accuracy": 44.528301886792455}, "test": {"accuracy": 45.27027027027027}}, "0.3": {"time": 0.03718876838684082, "reduction": 53.433962264150935, "validation": {"accuracy": 50.56603773584906}, "test": {"accuracy": 49.32432432432432}}, "0.4": {"time": 0.036247968673706055, "reduction": 65.20754716981132, "validation": {"accuracy": 48.90566037735849}, "test": {"accuracy": 45.94594594594595}}, "0.5": {"time": 0.029816150665283203, "reduction": 77.58490566037736, "validation": {"accuracy": 47.24528301886792}, "test": {"accuracy": 44.5945945945946}}, "0.6": {"time": 0.027623891830444336, "reduction": 85.66037735849056, "validation": {"accuracy": 45.05660377358491}, "test": {"accuracy": 43.91891891891892}}, "0.7": {"time": 0.02675485610961914, "reduction": 91.16981132075472, "validation": {"accuracy": 40.60377358490566}, "test": {"accuracy": 38.513513513513516}}, "0.8": {"time": 0.026288270950317383, "reduction": 95.47169811320755, "validation": {"accuracy": 36.60377358490566}, "test": {"accuracy": 37.16216216216216}}, "0.9": {"time": 0.025822877883911133, "reduction": 98.79245283018868, "validation": {"accuracy": 35.84905660377358}, "test": {"accuracy": 36.486486486486484}}, "1.0": {"time": 0.024932146072387695, "reduction": 99.77358490566037, "validation": {"accuracy": 34.64150943396226}, "test": {"accuracy": 34.45945945945946}}}, "4": {"0.0": {"time": 0.041681766510009766, "reduction": 34.38914027149321, "validation": {"accuracy": 40.27149321266968}, "test": {"accuracy": 41.49659863945578}}, "0.1": {"time": 0.040287017822265625, "reduction": 38.23529411764706, "validation": {"accuracy": 40.79939668174962}, "test": {"accuracy": 43.53741496598639}}, "0.2": {"time": 0.03915882110595703, "reduction": 44.57013574660633, "validation": {"accuracy": 41.55354449472097}, "test": {"accuracy": 43.53741496598639}}, "0.3": {"time": 0.046984195709228516, "reduction": 52.4132730015083, "validation": {"accuracy": 43.58974358974359}, "test": {"accuracy": 41.49659863945578}}, "0.4": {"time": 0.03501725196838379, "reduction": 65.68627450980392, "validation": {"accuracy": 42.458521870286575}, "test": {"accuracy": 42.857142857142854}}, "0.5": {"time": 0.0319218635559082, "reduction": 79.03469079939669, "validation": {"accuracy": 45.32428355957768}, "test": {"accuracy": 42.17687074829932}}, "0.6": {"time": 0.028053998947143555, "reduction": 87.48114630467572, "validation": {"accuracy": 45.399698340874814}, "test": {"accuracy": 44.21768707482993}}, "0.7": {"time": 0.026014328002929688, "reduction": 92.3076923076923, "validation": {"accuracy": 44.57013574660634}, "test": {"accuracy": 46.25850340136054}}, "0.8": {"time": 0.02567315101623535, "reduction": 96.22926093514329, "validation": {"accuracy": 37.70739064856712}, "test": {"accuracy": 39.455782312925166}}, "0.9": {"time": 0.025072097778320312, "reduction": 98.94419306184012, "validation": {"accuracy": 35.671191553544496}, "test": {"accuracy": 36.054421768707485}}, "1.0": {"time": 0.024891138076782227, "reduction": 99.77375565610859, "validation": {"accuracy": 34.76621417797888}, "test": {"accuracy": 34.69387755102041}}}, "5": {"0.0": {"time": 0.04308509826660156, "reduction": 30.693815987933636, "validation": {"accuracy": 40.120663650075414}, "test": {"accuracy": 42.17687074829932}}, "0.1": {"time": 0.04055213928222656, "reduction": 32.42835595776772, "validation": {"accuracy": 40.723981900452486}, "test": {"accuracy": 41.49659863945578}}, "0.2": {"time": 0.03874802589416504, "reduction": 39.14027149321267, "validation": {"accuracy": 44.871794871794876}, "test": {"accuracy": 42.857142857142854}}, "0.3": {"time": 0.03602099418640137, "reduction": 50.90497737556561, "validation": {"accuracy": 47.28506787330316}, "test": {"accuracy": 40.816326530612244}}, "0.4": {"time": 0.03374481201171875, "reduction": 62.971342383107086, "validation": {"accuracy": 50.301659125188536}, "test": {"accuracy": 46.25850340136054}}, "0.5": {"time": 0.029587984085083008, "reduction": 75.56561085972851, "validation": {"accuracy": 49.47209653092006}, "test": {"accuracy": 43.53741496598639}}, "0.6": {"time": 0.02840280532836914, "reduction": 84.46455505279035, "validation": {"accuracy": 46.30467571644042}, "test": {"accuracy": 41.49659863945578}}, "0.7": {"time": 0.02903914451599121, "reduction": 90.42232277526395, "validation": {"accuracy": 45.70135746606335}, "test": {"accuracy": 42.857142857142854}}, "0.8": {"time": 0.02485203742980957, "reduction": 95.47511312217195, "validation": {"accuracy": 39.969834087481146}, "test": {"accuracy": 34.69387755102041}}, "0.9": {"time": 0.026842117309570312, "reduction": 98.79336349924586, "validation": {"accuracy": 34.99245852187028}, "test": {"accuracy": 35.374149659863946}}, "1.0": {"time": 0.025030136108398438, "reduction": 99.77375565610859, "validation": {"accuracy": 34.69079939668175}, "test": {"accuracy": 34.01360544217687}}}, "6": {"0.0": {"time": 0.04249286651611328, "reduction": 33.0316742081448, "validation": {"accuracy": 40.64856711915535}, "test": {"accuracy": 40.136054421768705}}, "0.1": {"time": 0.046144962310791016, "reduction": 37.48114630467572, "validation": {"accuracy": 40.95022624434389}, "test": {"accuracy": 38.775510204081634}}, "0.2": {"time": 0.03885316848754883, "reduction": 43.13725490196079, "validation": {"accuracy": 40.42232277526395}, "test": {"accuracy": 40.136054421768705}}, "0.3": {"time": 0.03833818435668945, "reduction": 51.96078431372548, "validation": {"accuracy": 39.81900452488688}, "test": {"accuracy": 44.21768707482993}}, "0.4": {"time": 0.03564906120300293, "reduction": 63.95173453996983, "validation": {"accuracy": 42.38310708898944}, "test": {"accuracy": 42.857142857142854}}, "0.5": {"time": 0.031980037689208984, "reduction": 77.90346907993967, "validation": {"accuracy": 44.19306184012066}, "test": {"accuracy": 43.53741496598639}}, "0.6": {"time": 0.028990983963012695, "reduction": 85.06787330316742, "validation": {"accuracy": 45.022624434389144}, "test": {"accuracy": 46.93877551020408}}, "0.7": {"time": 0.028161048889160156, "reduction": 89.51734539969834, "validation": {"accuracy": 41.17647058823529}, "test": {"accuracy": 34.69387755102041}}, "0.8": {"time": 0.0275881290435791, "reduction": 94.4947209653092, "validation": {"accuracy": 38.5369532428356}, "test": {"accuracy": 32.6530612244898}}, "0.9": {"time": 0.026388168334960938, "reduction": 98.19004524886877, "validation": {"accuracy": 35.97285067873303}, "test": {"accuracy": 36.054421768707485}}, "1.0": {"time": 0.025272130966186523, "reduction": 99.77375565610859, "validation": {"accuracy": 34.69079939668175}, "test": {"accuracy": 34.69387755102041}}}, "7": {"0.0": {"time": 0.04221510887145996, "reduction": 34.38914027149321, "validation": {"accuracy": 41.47812971342383}, "test": {"accuracy": 44.21768707482993}}, "0.1": {"time": 0.04317307472229004, "reduction": 37.85822021116139, "validation": {"accuracy": 41.40271493212669}, "test": {"accuracy": 45.57823129251701}}, "0.2": {"time": 0.041042327880859375, "reduction": 42.533936651583716, "validation": {"accuracy": 42.15686274509804}, "test": {"accuracy": 44.89795918367347}}, "0.3": {"time": 0.03925514221191406, "reduction": 51.65912518853695, "validation": {"accuracy": 42.91101055806938}, "test": {"accuracy": 42.857142857142854}}, "0.4": {"time": 0.03313302993774414, "reduction": 66.06334841628959, "validation": {"accuracy": 43.51432880844646}, "test": {"accuracy": 43.53741496598639}}, "0.5": {"time": 0.03090810775756836, "reduction": 79.33634992458522, "validation": {"accuracy": 47.737556561085974}, "test": {"accuracy": 42.857142857142854}},