{"3": {"0.0": {"time": 0.05082106590270996, "reduction": 13.558052434456924, "validation": {"accuracy": 28.764044943820227}, "test": {"accuracy": 28.859060402684566}}, "0.1": {"time": 0.05043792724609375, "reduction": 15.580524344569291, "validation": {"accuracy": 28.91385767790262}, "test": {"accuracy": 28.859060402684566}}, "0.2": {"time": 0.04962301254272461, "reduction": 17.228464419475653, "validation": {"accuracy": 28.91385767790262}, "test": {"accuracy": 28.859060402684566}}, "0.3": {"time": 0.04816293716430664, "reduction": 21.49812734082397, "validation": {"accuracy": 23.820224719101123}, "test": {"accuracy": 22.818791946308725}}, "0.4": {"time": 0.04564094543457031, "reduction": 29.288389513108616, "validation": {"accuracy": 17.752808988764045}, "test": {"accuracy": 14.093959731543624}}, "0.5": {"time": 0.045033931732177734, "reduction": 44.49438202247191, "validation": {"accuracy": 22.247191011235955}, "test": {"accuracy": 20.80536912751678}}, "0.6": {"time": 0.0368189811706543, "reduction": 61.94756554307116, "validation": {"accuracy": 23.295880149812735}, "test": {"accuracy": 20.13422818791946}}, "0.7": {"time": 0.03396296501159668, "reduction": 78.65168539325843, "validation": {"accuracy": 12.434456928838951}, "test": {"accuracy": 11.409395973154362}}, "0.8": {"time": 0.03231406211853027, "reduction": 93.10861423220975, "validation": {"accuracy": 12.134831460674157}, "test": {"accuracy": 11.409395973154362}}, "0.9": {"time": 0.03195309638977051, "reduction": 98.05243445692884, "validation": {"accuracy": 12.134831460674157}, "test": {"accuracy": 12.751677852348994}}, "1.0": {"time": 0.031867027282714844, "reduction": 99.25093632958801, "validation": {"accuracy": 26.29213483146067}, "test": {"accuracy": 29.53020134228188}}}, "4": {"0.0": {"time": 0.05076789855957031, "reduction": 13.63295880149813, "validation": {"accuracy": 28.46441947565543}, "test": {"accuracy": 28.859060402684566}}, "0.1": {"time": 0.049507856369018555, "reduction": 16.25468164794007, "validation": {"accuracy": 28.46441947565543}, "test": {"accuracy": 29.53020134228188}}, "0.2": {"time": 0.04867696762084961, "reduction": 19.999999999999996, "validation": {"accuracy": 27.94007490636704}, "test": {"accuracy": 27.516778523489933}}, "0.3": {"time": 0.047299861907958984, "reduction": 24.419475655430713, "validation": {"accuracy": 23.595505617977526}, "test": {"accuracy": 22.14765100671141}}, "0.4": {"time": 0.04427313804626465, "reduction": 33.55805243445693, "validation": {"accuracy": 11.835205992509364}, "test": {"accuracy": 17.449664429530202}}, "0.5": {"time": 0.03975200653076172, "reduction": 50.41198501872659, "validation": {"accuracy": 11.01123595505618}, "test": {"accuracy": 12.080536912751679}}, "0.6": {"time": 0.035620689392089844, "reduction": 71.38576779026218, "validation": {"accuracy": 11.310861423220974}, "test": {"accuracy": 10.738255033557047}}, "0.7": {"time": 0.032914161682128906, "reduction": 87.04119850187266, "validation": {"accuracy": 11.610486891385769}, "test": {"accuracy": 15.436241610738255}}, "0.8": {"time": 0.03204512596130371, "reduction": 94.9812734082397, "validation": {"accuracy": 18.05243445692884}, "test": {"accuracy": 24.161073825503358}}, "0.9": {"time": 0.03161907196044922, "reduction": 98.12734082397003, "validation": {"accuracy": 31.53558052434457}, "test": {"accuracy": 30.87248322147651}}, "1.0": {"time": 0.031497955322265625, "reduction": 99.25093632958801, "validation": {"accuracy": 31.61048689138577}, "test": {"accuracy": 34.22818791946309}}}, "5": {"0.0": {"time": 0.05115389823913574, "reduction": 14.595808383233532, "validation": {"accuracy": 23.952095808383234}, "test": {"accuracy": 19.594594594594593}}, "0.1": {"time": 0.050096750259399414, "reduction": 16.31736526946108, "validation": {"accuracy": 22.82934131736527}, "test": {"accuracy": 20.27027027027027}}, "0.2": {"time": 0.04976701736450195, "reduction": 18.113772455089816, "validation": {"accuracy": 22.604790419161677}, "test": {"accuracy": 20.27027027027027}}, "0.3": {"time": 0.04790687561035156, "reduction": 23.27844311377245, "validation": {"accuracy": 25.0}, "test": {"accuracy": 22.2972972972973}}, "0.4": {"time": 0.045136213302612305, "reduction": 31.73652694610778, "validation": {"accuracy": 12.20059880239521}, "test": {"accuracy": 14.864864864864865}}, "0.5": {"time": 0.04079270362854004, "reduction": 44.68562874251497, "validation": {"accuracy": 8.158682634730539}, "test": {"accuracy": 14.864864864864865}}, "0.6": {"time": 0.036623239517211914, "reduction": 64.22155688622755, "validation": {"accuracy": 8.158682634730539}, "test": {"accuracy": 13.513513513513514}}, "0.7": {"time": 0.0339350700378418, "reduction": 81.66167664670658, "validation": {"accuracy": 11.302395209580839}, "test": {"accuracy": 12.837837837837837}}, "0.8": {"time": 0.03242993354797363, "reduction": 92.81437125748504, "validation": {"accuracy": 11.077844311377245}, "test": {"accuracy": 12.837837837837837}}, "0.9": {"time": 0.03205704689025879, "reduction": 97.45508982035929, "validation": {"accuracy": 6.811377245508981}, "test": {"accuracy": 12.837837837837837}}, "1.0": {"time": 0.0316622257232666, "reduction": 99.25149700598801, "validation": {"accuracy": 7.260479041916168}, "test": {"accuracy": 13.513513513513514}}}, "6": {"0.0": {"time": 0.050881147384643555, "reduction": 15.568862275449103, "validation": {"accuracy": 21.407185628742514}, "test": {"accuracy": 21.62162162162162}}, "0.1": {"time": 0.05012822151184082, "reduction": 17.440119760479046, "validation": {"accuracy": 21.55688622754491}, "test": {"accuracy": 22.2972972972973}}, "0.2": {"time": 0.04917597770690918, "reduction": 20.43413173652695, "validation": {"accuracy": 21.482035928143713}, "test": {"accuracy": 22.972972972972975}}, "0.3": {"time": 0.046922922134399414, "reduction": 25.898203592814372, "validation": {"accuracy": 13.697604790419163}, "test": {"accuracy": 14.864864864864865}}, "0.4": {"time": 0.0443120002746582, "reduction": 35.02994011976048, "validation": {"accuracy": 12.425149700598801}, "test": {"accuracy": 13.513513513513514}}, "0.5": {"time": 0.03978896141052246, "reduction": 50.898203592814376, "validation": {"accuracy": 7.934131736526946}, "test": {"accuracy": 10.81081081081081}}, "0.6": {"time": 0.03584694862365723, "reduction": 68.8622754491018, "validation": {"accuracy": 13.697604790419163}, "test": {"accuracy": 13.513513513513514}}, "0.7": {"time": 0.03326225280761719, "reduction": 84.5059880239521, "validation": {"accuracy": 16.766467065868262}, "test": {"accuracy": 16.216216216216218}}, "0.8": {"time": 0.03200697898864746, "reduction": 94.23652694610777, "validation": {"accuracy": 11.152694610778443}, "test": {"accuracy": 10.81081081081081}}, "0.9": {"time": 0.031471967697143555, "reduction": 98.20359281437125, "validation": {"accuracy": 11.452095808383234}, "test": {"accuracy": 9.45945945945946}}, "1.0": {"time": 0.03187918663024902, "reduction": 99.25149700598801, "validation": {"accuracy": 10.853293413173652}, "test": {"accuracy": 9.45945945945946}}}, "7": {"0.0": {"time": 0.05052804946899414, "reduction": 14.67065868263473, "validation": {"accuracy": 28.967065868263475}, "test": {"accuracy": 29.054054054054053}}, "0.1": {"time": 0.05038785934448242, "reduction": 16.99101796407185, "validation": {"accuracy": 29.266467065868262}, "test": {"accuracy": 29.054054054054053}}, "0.2": {"time": 0.0496828556060791, "reduction": 19.23652694610778, "validation": {"accuracy": 29.11676646706587}, "test": {"accuracy": 28.37837837837838}}, "0.3": {"time": 0.0484929084777832, "reduction": 22.455089820359287, "validation": {"accuracy": 27.994011976047904}, "test": {"accuracy": 27.027027027027028}}, "0.4": {"time": 0.04520297050476074, "reduction": 30.613772455089816, "validation": {"accuracy": 23.12874251497006}, "test": {"accuracy": 20.27027027027027}}, "0.5": {"time": 0.04129290580749512, "reduction": 44.83532934131736, "validation": {"accuracy": 9.655688622754491}, "test": {"accuracy": 11.486486486486488}},