{"3": {"0.0": {"time": 0.0007491111755371094, "reduction": 83.15789473684211, "validation": {"accuracy": 85.26315789473684}, "test": {"accuracy": 81.81818181818183}}, "0.1": {"time": 0.0006949901580810547, "reduction": 88.42105263157895, "validation": {"accuracy": 81.05263157894737}, "test": {"accuracy": 81.81818181818183}}, "0.2": {"time": 0.0006737709045410156, "reduction": 92.63157894736842, "validation": {"accuracy": 62.10526315789474}, "test": {"accuracy": 81.81818181818183}}, "0.3": {"time": 0.0006530284881591797, "reduction": 95.78947368421052, "validation": {"accuracy": 81.05263157894737}, "test": {"accuracy": 81.81818181818183}}, "0.4": {"time": 0.0006341934204101562, "reduction": 97.89473684210527, "validation": {"accuracy": 82.10526315789474}, "test": {"accuracy": 81.81818181818183}}, "0.5": {"time": 0.00061798095703125, "reduction": 97.89473684210527, "validation": {"accuracy": 69.47368421052632}, "test": {"accuracy": 81.81818181818183}}, "0.6": {"time": 0.0006017684936523438, "reduction": 97.89473684210527, "validation": {"accuracy": 76.84210526315789}, "test": {"accuracy": 81.81818181818183}}, "0.7": {"time": 0.0005881786346435547, "reduction": 97.89473684210527, "validation": {"accuracy": 77.89473684210526}, "test": {"accuracy": 81.81818181818183}}, "0.8": {"time": 0.0005781650543212891, "reduction": 97.89473684210527, "validation": {"accuracy": 64.21052631578948}, "test": {"accuracy": 81.81818181818183}}, "0.9": {"time": 0.0005629062652587891, "reduction": 97.89473684210527, "validation": {"accuracy": 62.10526315789474}, "test": {"accuracy": 81.81818181818183}}, "1.0": {"time": 0.0005550384521484375, "reduction": 97.89473684210527, "validation": {"accuracy": 62.10526315789474}, "test": {"accuracy": 81.81818181818183}}}, "4": {"0.0": {"time": 0.0007698535919189453, "reduction": 89.47368421052632, "validation": {"accuracy": 92.63157894736842}, "test": {"accuracy": 54.54545454545454}}, "0.1": {"time": 0.0007219314575195312, "reduction": 93.6842105263158, "validation": {"accuracy": 92.63157894736842}, "test": {"accuracy": 54.54545454545454}}, "0.2": {"time": 0.0006990432739257812, "reduction": 94.73684210526316, "validation": {"accuracy": 81.05263157894737}, "test": {"accuracy": 81.81818181818183}}, "0.3": {"time": 0.0006837844848632812, "reduction": 96.84210526315789, "validation": {"accuracy": 80.0}, "test": {"accuracy": 81.81818181818183}}, "0.4": {"time": 0.0006768703460693359, "reduction": 96.84210526315789, "validation": {"accuracy": 80.0}, "test": {"accuracy": 81.81818181818183}}, "0.5": {"time": 0.0006580352783203125, "reduction": 96.84210526315789, "validation": {"accuracy": 80.0}, "test": {"accuracy": 81.81818181818183}}, "0.6": {"time": 0.0006241798400878906, "reduction": 97.89473684210527, "validation": {"accuracy": 88.42105263157895}, "test": {"accuracy": 36.36363636363637}}, "0.7": {"time": 0.0006768703460693359, "reduction": 97.89473684210527, "validation": {"accuracy": 85.26315789473684}, "test": {"accuracy": 36.36363636363637}}, "0.8": {"time": 0.0005917549133300781, "reduction": 97.89473684210527, "validation": {"accuracy": 92.63157894736842}, "test": {"accuracy": 36.36363636363637}}, "0.9": {"time": 0.0005807876586914062, "reduction": 97.89473684210527, "validation": {"accuracy": 90.52631578947368}, "test": {"accuracy": 36.36363636363637}}, "1.0": {"time": 0.0005772113800048828, "reduction": 97.89473684210527, "validation": {"accuracy": 85.26315789473684}, "test": {"accuracy": 45.45454545454545}}}, "5": {"0.0": {"time": 0.0007159709930419922, "reduction": 78.94736842105263, "validation": {"accuracy": 78.94736842105263}, "test": {"accuracy": 81.81818181818183}}, "0.1": {"time": 0.000701904296875, "reduction": 86.31578947368422, "validation": {"accuracy": 83.15789473684211}, "test": {"accuracy": 72.72727272727273}}, "0.2": {"time": 0.0006937980651855469, "reduction": 88.42105263157895, "validation": {"accuracy": 84.21052631578947}, "test": {"accuracy": 72.72727272727273}}, "0.3": {"time": 0.0006678104400634766, "reduction": 91.57894736842105, "validation": {"accuracy": 89.47368421052632}, "test": {"accuracy": 81.81818181818183}}, "0.4": {"time": 0.0006501674652099609, "reduction": 93.6842105263158, "validation": {"accuracy": 84.21052631578947}, "test": {"accuracy": 81.81818181818183}}, "0.5": {"time": 0.0006258487701416016, "reduction": 97.89473684210527, "validation": {"accuracy": 92.63157894736842}, "test": {"accuracy": 81.81818181818183}}, "0.6": {"time": 0.0006048679351806641, "reduction": 97.89473684210527, "validation": {"accuracy": 78.94736842105263}, "test": {"accuracy": 81.81818181818183}}, "0.7": {"time": 0.0005879402160644531, "reduction": 97.89473684210527, "validation": {"accuracy": 83.15789473684211}, "test": {"accuracy": 81.81818181818183}}, "0.8": {"time": 0.0005800724029541016, "reduction": 97.89473684210527, "validation": {"accuracy": 91.57894736842105}, "test": {"accuracy": 81.81818181818183}}, "0.9": {"time": 0.0005972385406494141, "reduction": 97.89473684210527, "validation": {"accuracy": 83.15789473684211}, "test": {"accuracy": 81.81818181818183}}, "1.0": {"time": 0.0005609989166259766, "reduction": 97.89473684210527, "validation": {"accuracy": 70.52631578947368}, "test": {"accuracy": 81.81818181818183}}}, "6": {"0.0": {"time": 0.0007262229919433594, "reduction": 80.0, "validation": {"accuracy": 24.210526315789473}, "test": {"accuracy": 27.27272727272727}}, "0.1": {"time": 0.0007059574127197266, "reduction": 86.31578947368422, "validation": {"accuracy": 31.57894736842105}, "test": {"accuracy": 54.54545454545454}}, "0.2": {"time": 0.0006878376007080078, "reduction": 91.57894736842105, "validation": {"accuracy": 51.578947368421055}, "test": {"accuracy": 45.45454545454545}}, "0.3": {"time": 0.0006678104400634766, "reduction": 92.63157894736842, "validation": {"accuracy": 58.94736842105262}, "test": {"accuracy": 81.81818181818183}}, "0.4": {"time": 0.0006501674652099609, "reduction": 96.84210526315789, "validation": {"accuracy": 92.63157894736842}, "test": {"accuracy": 81.81818181818183}}, "0.5": {"time": 0.0006330013275146484, "reduction": 97.89473684210527, "validation": {"accuracy": 90.52631578947368}, "test": {"accuracy": 81.81818181818183}}, "0.6": {"time": 0.0006079673767089844, "reduction": 97.89473684210527, "validation": {"accuracy": 87.36842105263159}, "test": {"accuracy": 81.81818181818183}}, "0.7": {"time": 0.0006039142608642578, "reduction": 97.89473684210527, "validation": {"accuracy": 86.31578947368422}, "test": {"accuracy": 81.81818181818183}}, "0.8": {"time": 0.0005869865417480469, "reduction": 97.89473684210527, "validation": {"accuracy": 86.31578947368422}, "test": {"accuracy": 81.81818181818183}}, "0.9": {"time": 0.0005600452423095703, "reduction": 97.89473684210527, "validation": {"accuracy": 88.42105263157895}, "test": {"accuracy": 81.81818181818183}}, "1.0": {"time": 0.0005412101745605469, "reduction": 97.89473684210527, "validation": {"accuracy": 83.15789473684211}, "test": {"accuracy": 81.81818181818183}}}, "7": {"0.0": {"time": 0.0007128715515136719, "reduction": 78.125, "validation": {"accuracy": 42.70833333333333}, "test": {"accuracy": 70.0}}, "0.1": {"time": 0.0007071495056152344, "reduction": 82.29166666666666, "validation": {"accuracy": 67.70833333333334}, "test": {"accuracy": 60.0}}, "0.2": {"time": 0.0006940364837646484, "reduction": 83.33333333333334, "validation": {"accuracy": 71.875}, "test": {"accuracy": 80.0}}, "0.3": {"time": 0.0006780624389648438, "reduction": 90.625, "validation": {"accuracy": 85.41666666666666}, "test": {"accuracy": 80.0}}, "0.4": {"time": 0.0006668567657470703, "reduction": 91.66666666666666, "validation": {"accuracy": 86.45833333333334}, "test": {"accuracy": 80.0}}, "0.5": {"time": 0.0006411075592041016, "reduction": 95.83333333333334, "validation": {"accuracy": 88.54166666666666}, "test": {"accuracy": 80.0}}, "0.6": {"time": 0.0006237030029296875, "reduction": 97.91666666666666, "validation": {"accuracy": 81.25}, "test": {"accuracy": 80.0}},