{"3": {"0.0": {"time": 8.523990154266357, "reduction": 21.86651583710407, "validation": {"accuracy": 92.57918552036199}, "test": {"accuracy": 92.76985743380855}}, "0.1": {"time": 7.90988302230835, "reduction": 29.37782805429864, "validation": {"accuracy": 83.9027149321267}, "test": {"accuracy": 86.35437881873727}}, "0.2": {"time": 7.77883768081665, "reduction": 30.780542986425342, "validation": {"accuracy": 83.789592760181}, "test": {"accuracy": 86.45621181262729}}, "0.3": {"time": 7.3807737827301025, "reduction": 40.588235294117645, "validation": {"accuracy": 82.46606334841628}, "test": {"accuracy": 85.13238289205702}}, "0.4": {"time": 7.039517164230347, "reduction": 68.42760180995475, "validation": {"accuracy": 22.30769230769231}, "test": {"accuracy": 24.43991853360489}}, "0.5": {"time": 6.4741199016571045, "reduction": 90.88235294117646, "validation": {"accuracy": 6.979638009049774}, "test": {"accuracy": 7.026476578411406}}, "0.6": {"time": 5.801875352859497, "reduction": 96.0972850678733, "validation": {"accuracy": 5.984162895927602}, "test": {"accuracy": 6.008146639511202}}, "0.7": {"time": 5.725226879119873, "reduction": 98.04298642533936, "validation": {"accuracy": 5.972850678733032}, "test": {"accuracy": 5.906313645621181}}, "0.8": {"time": 5.7240190505981445, "reduction": 99.07239819004525, "validation": {"accuracy": 5.972850678733032}, "test": {"accuracy": 5.906313645621181}}, "0.9": {"time": 5.714280843734741, "reduction": 99.73981900452489, "validation": {"accuracy": 6.006787330316742}, "test": {"accuracy": 5.906313645621181}}, "1.0": {"time": 5.6904990673065186, "reduction": 99.97737556561086, "validation": {"accuracy": 91.08597285067873}, "test": {"accuracy": 90.83503054989816}}}, "4": {"0.0": {"time": 7.844879865646362, "reduction": 23.303167420814475, "validation": {"accuracy": 93.04298642533936}, "test": {"accuracy": 93.17718940936864}}, "0.1": {"time": 7.517896890640259, "reduction": 30.5316742081448, "validation": {"accuracy": 85.26018099547511}, "test": {"accuracy": 86.15071283095723}}, "0.2": {"time": 7.350526809692383, "reduction": 33.585972850678736, "validation": {"accuracy": 85.26018099547511}, "test": {"accuracy": 86.15071283095723}}, "0.3": {"time": 6.931825160980225, "reduction": 44.63800904977375, "validation": {"accuracy": 36.074660633484164}, "test": {"accuracy": 35.84521384928717}}, "0.4": {"time": 6.233820915222168, "reduction": 68.40497737556561, "validation": {"accuracy": 22.839366515837103}, "test": {"accuracy": 23.319755600814666}}, "0.5": {"time": 5.8683390617370605, "reduction": 90.26018099547511, "validation": {"accuracy": 8.857466063348417}, "test": {"accuracy": 9.877800407331975}}, "0.6": {"time": 5.769994258880615, "reduction": 96.14253393665159, "validation": {"accuracy": 6.255656108597285}, "test": {"accuracy": 6.109979633401222}}, "0.7": {"time": 5.7213780879974365, "reduction": 98.20135746606334, "validation": {"accuracy": 5.972850678733032}, "test": {"accuracy": 5.906313645621181}}, "0.8": {"time": 5.715357065200806, "reduction": 99.28733031674209, "validation": {"accuracy": 5.972850678733032}, "test": {"accuracy": 5.906313645621181}}, "0.9": {"time": 5.69228196144104, "reduction": 99.84162895927602, "validation": {"accuracy": 5.995475113122172}, "test": {"accuracy": 6.008146639511202}}, "1.0": {"time": 5.69934606552124, "reduction": 99.97737556561086, "validation": {"accuracy": 90.82579185520362}, "test": {"accuracy": 91.75152749490834}}}, "5": {"0.0": {"time": 7.792757034301758, "reduction": 24.615384615384617, "validation": {"accuracy": 92.13800904977376}, "test": {"accuracy": 91.14052953156822}}, "0.1": {"time": 7.437168836593628, "reduction": 32.71493212669683, "validation": {"accuracy": 84.02714932126698}, "test": {"accuracy": 84.11405295315683}}, "0.2": {"time": 7.2316670417785645, "reduction": 38.06561085972851, "validation": {"accuracy": 83.98190045248869}, "test": {"accuracy": 84.11405295315683}}, "0.3": {"time": 6.618269920349121, "reduction": 54.97737556561086, "validation": {"accuracy": 27.42081447963801}, "test": {"accuracy": 28.411405295315685}}, "0.4": {"time": 6.009365081787109, "reduction": 79.02714932126696, "validation": {"accuracy": 11.074660633484163}, "test": {"accuracy": 13.54378818737271}}, "0.5": {"time": 5.810100078582764, "reduction": 94.26470588235294, "validation": {"accuracy": 6.493212669683259}, "test": {"accuracy": 6.415478615071284}}, "0.6": {"time": 5.751378774642944, "reduction": 96.6289592760181, "validation": {"accuracy": 6.006787330316742}, "test": {"accuracy": 6.008146639511202}}, "0.7": {"time": 5.730664968490601, "reduction": 97.55656108597285, "validation": {"accuracy": 5.984162895927602}, "test": {"accuracy": 6.008146639511202}}, "0.8": {"time": 5.7213850021362305, "reduction": 98.66515837104073, "validation": {"accuracy": 5.984162895927602}, "test": {"accuracy": 6.008146639511202}}, "0.9": {"time": 5.714958190917969, "reduction": 99.59276018099547, "validation": {"accuracy": 5.984162895927602}, "test": {"accuracy": 6.008146639511202}}, "1.0": {"time": 5.707803964614868, "reduction": 99.97737556561086, "validation": {"accuracy": 93.86877828054298}, "test": {"accuracy": 93.89002036659878}}}, "6": {"0.0": {"time": 7.870445013046265, "reduction": 23.69909502262444, "validation": {"accuracy": 91.91176470588235}, "test": {"accuracy": 92.87169042769857}}, "0.1": {"time": 7.515876054763794, "reduction": 31.561085972850677, "validation": {"accuracy": 83.93665158371041}, "test": {"accuracy": 90.22403258655804}}, "0.2": {"time": 7.400943994522095, "reduction": 33.665158371040725, "validation": {"accuracy": 83.84615384615385}, "test": {"accuracy": 90.12219959266803}}, "0.3": {"time": 7.008114337921143, "reduction": 43.24660633484163, "validation": {"accuracy": 29.468325791855204}, "test": {"accuracy": 33.91038696537678}}, "0.4": {"time": 6.273642063140869, "reduction": 69.96606334841628, "validation": {"accuracy": 20.475113122171944}, "test": {"accuracy": 24.643584521384927}}, "0.5": {"time": 5.8989949226379395, "reduction": 90.35067873303167, "validation": {"accuracy": 11.73076923076923}, "test": {"accuracy": 10.285132382892057}}, "0.6": {"time": 5.753036022186279, "reduction": 96.92307692307692, "validation": {"accuracy": 7.194570135746606}, "test": {"accuracy": 6.720977596741344}}, "0.7": {"time": 5.698544979095459, "reduction": 98.93665158371041, "validation": {"accuracy": 5.972850678733032}, "test": {"accuracy": 5.906313645621181}}, "0.8": {"time": 5.6925132274627686, "reduction": 99.64932126696833, "validation": {"accuracy": 5.972850678733032}, "test": {"accuracy": 5.906313645621181}}, "0.9": {"time": 5.686579942703247, "reduction": 99.92081447963801, "validation": {"accuracy": 5.984162895927602}, "test": {"accuracy": 5.906313645621181}}, "1.0": {"time": 5.684493780136108, "reduction": 99.97737556561086, "validation": {"accuracy": 11.78733031674208}, "test": {"accuracy": 13.64562118126273}}}, "7": {"0.0": {"time": 7.701994180679321, "reduction": 29.117647058823525, "validation": {"accuracy": 93.16742081447964}, "test": {"accuracy": 92.76985743380855}}, "0.1": {"time": 7.35508918762207, "reduction": 37.205882352941174, "validation": {"accuracy": 86.94570135746606}, "test": {"accuracy": 85.94704684317719}}, "0.2": {"time": 7.241756916046143, "reduction": 40.18099547511312, "validation": {"accuracy": 86.94570135746606}, "test": {"accuracy": 85.94704684317719}}, "0.3": {"time": 6.920217752456665, "reduction": 49.117647058823536, "validation": {"accuracy": 86.94570135746606}, "test": {"accuracy": 85.94704684317719}}, "0.4": {"time": 6.401104211807251, "reduction": 68.52941176470588, "validation": {"accuracy": 86.73076923076923}, "test": {"accuracy": 85.64154786150712}}, "0.5": {"time": 6.022970914840698, "reduction": 85.40723981900452, "validation": {"accuracy": 86.83257918552036}, "test": {"accuracy": 85.74338085539715}}, "0.6": {"time": 5.789012908935547, "reduction": 94.50226244343891, "validation": {"accuracy": 86.79864253393666},