{"3": {"0.0": {"time": 0.007673978805541992, "reduction": 3.3333333333333326, "validation": {"accuracy": 16.88888888888889}, "test": {"accuracy": 12.0}}, "0.1": {"time": 0.006415128707885742, "reduction": 8.888888888888891, "validation": {"accuracy": 16.666666666666664}, "test": {"accuracy": 12.0}}, "0.2": {"time": 0.005960941314697266, "reduction": 14.888888888888886, "validation": {"accuracy": 17.333333333333336}, "test": {"accuracy": 8.0}}, "0.3": {"time": 0.010016918182373047, "reduction": 24.888888888888893, "validation": {"accuracy": 17.333333333333336}, "test": {"accuracy": 14.000000000000002}}, "0.4": {"time": 0.006145000457763672, "reduction": 34.66666666666667, "validation": {"accuracy": 17.555555555555554}, "test": {"accuracy": 12.0}}, "0.5": {"time": 0.005514860153198242, "reduction": 48.22222222222222, "validation": {"accuracy": 18.0}, "test": {"accuracy": 12.0}}, "0.6": {"time": 0.007458925247192383, "reduction": 61.77777777777778, "validation": {"accuracy": 18.22222222222222}, "test": {"accuracy": 10.0}}, "0.7": {"time": 0.0051577091217041016, "reduction": 74.0, "validation": {"accuracy": 15.555555555555555}, "test": {"accuracy": 10.0}}, "0.8": {"time": 0.005835056304931641, "reduction": 79.77777777777779, "validation": {"accuracy": 11.555555555555555}, "test": {"accuracy": 10.0}}, "0.9": {"time": 0.004461050033569336, "reduction": 84.0, "validation": {"accuracy": 13.333333333333334}, "test": {"accuracy": 10.0}}, "1.0": {"time": 0.005341053009033203, "reduction": 86.66666666666667, "validation": {"accuracy": 16.0}, "test": {"accuracy": 8.0}}}, "4": {"0.0": {"time": 0.009208917617797852, "reduction": 3.77777777777778, "validation": {"accuracy": 15.777777777777777}, "test": {"accuracy": 16.0}}, "0.1": {"time": 0.007032155990600586, "reduction": 9.999999999999998, "validation": {"accuracy": 15.777777777777777}, "test": {"accuracy": 16.0}}, "0.2": {"time": 0.006612062454223633, "reduction": 13.33333333333333, "validation": {"accuracy": 15.333333333333332}, "test": {"accuracy": 16.0}}, "0.3": {"time": 0.007630825042724609, "reduction": 23.777777777777775, "validation": {"accuracy": 17.333333333333336}, "test": {"accuracy": 16.0}}, "0.4": {"time": 0.006531715393066406, "reduction": 32.88888888888889, "validation": {"accuracy": 15.777777777777777}, "test": {"accuracy": 16.0}}, "0.5": {"time": 0.005537986755371094, "reduction": 42.888888888888886, "validation": {"accuracy": 15.333333333333332}, "test": {"accuracy": 16.0}}, "0.6": {"time": 0.0071070194244384766, "reduction": 52.222222222222214, "validation": {"accuracy": 18.0}, "test": {"accuracy": 18.0}}, "0.7": {"time": 0.005474090576171875, "reduction": 60.66666666666667, "validation": {"accuracy": 16.88888888888889}, "test": {"accuracy": 16.0}}, "0.8": {"time": 0.005262851715087891, "reduction": 76.22222222222223, "validation": {"accuracy": 14.222222222222221}, "test": {"accuracy": 16.0}}, "0.9": {"time": 0.004852294921875, "reduction": 86.0, "validation": {"accuracy": 17.11111111111111}, "test": {"accuracy": 14.000000000000002}}, "1.0": {"time": 0.004744768142700195, "reduction": 95.11111111111111, "validation": {"accuracy": 16.0}, "test": {"accuracy": 18.0}}}, "5": {"0.0": {"time": 0.008385181427001953, "reduction": 4.222222222222227, "validation": {"accuracy": 12.88888888888889}, "test": {"accuracy": 12.0}}, "0.1": {"time": 0.0067331790924072266, "reduction": 10.666666666666668, "validation": {"accuracy": 12.88888888888889}, "test": {"accuracy": 12.0}}, "0.2": {"time": 0.006600141525268555, "reduction": 15.777777777777779, "validation": {"accuracy": 11.555555555555555}, "test": {"accuracy": 12.0}}, "0.3": {"time": 0.006623029708862305, "reduction": 26.66666666666667, "validation": {"accuracy": 12.0}, "test": {"accuracy": 10.0}}, "0.4": {"time": 0.006443023681640625, "reduction": 35.111111111111114, "validation": {"accuracy": 12.222222222222221}, "test": {"accuracy": 10.0}}, "0.5": {"time": 0.00568389892578125, "reduction": 47.333333333333336, "validation": {"accuracy": 12.444444444444445}, "test": {"accuracy": 10.0}}, "0.6": {"time": 0.006183147430419922, "reduction": 61.111111111111114, "validation": {"accuracy": 13.333333333333334}, "test": {"accuracy": 10.0}}, "0.7": {"time": 0.004616975784301758, "reduction": 68.88888888888889, "validation": {"accuracy": 14.000000000000002}, "test": {"accuracy": 10.0}}, "0.8": {"time": 0.005897998809814453, "reduction": 76.8888888888889, "validation": {"accuracy": 13.333333333333334}, "test": {"accuracy": 14.000000000000002}}, "0.9": {"time": 0.004589080810546875, "reduction": 83.33333333333334, "validation": {"accuracy": 12.88888888888889}, "test": {"accuracy": 10.0}}, "1.0": {"time": 0.005095958709716797, "reduction": 86.88888888888889, "validation": {"accuracy": 16.0}, "test": {"accuracy": 8.0}}}, "6": {"0.0": {"time": 0.009567022323608398, "reduction": 2.0000000000000018, "validation": {"accuracy": 13.333333333333334}, "test": {"accuracy": 12.0}}, "0.1": {"time": 0.006670951843261719, "reduction": 9.777777777777775, "validation": {"accuracy": 14.222222222222221}, "test": {"accuracy": 10.0}}, "0.2": {"time": 0.006429910659790039, "reduction": 17.777777777777782, "validation": {"accuracy": 14.222222222222221}, "test": {"accuracy": 12.0}}, "0.3": {"time": 0.007505893707275391, "reduction": 25.555555555555554, "validation": {"accuracy": 13.333333333333334}, "test": {"accuracy": 10.0}}, "0.4": {"time": 0.006148099899291992, "reduction": 35.111111111111114, "validation": {"accuracy": 13.111111111111112}, "test": {"accuracy": 10.0}}, "0.5": {"time": 0.005488872528076172, "reduction": 50.88888888888889, "validation": {"accuracy": 12.222222222222221}, "test": {"accuracy": 14.000000000000002}}, "0.6": {"time": 0.008414983749389648, "reduction": 60.22222222222222, "validation": {"accuracy": 13.111111111111112}, "test": {"accuracy": 14.000000000000002}}, "0.7": {"time": 0.004990100860595703, "reduction": 68.44444444444444, "validation": {"accuracy": 13.777777777777779}, "test": {"accuracy": 14.000000000000002}}, "0.8": {"time": 0.005255937576293945, "reduction": 79.11111111111111, "validation": {"accuracy": 14.888888888888888}, "test": {"accuracy": 12.0}}, "0.9": {"time": 0.004651069641113281, "reduction": 82.44444444444444, "validation": {"accuracy": 15.777777777777777}, "test": {"accuracy": 14.000000000000002}}, "1.0": {"time": 0.0052490234375, "reduction": 85.11111111111111, "validation": {"accuracy": 15.777777777777777}, "test": {"accuracy": 10.0}}}, "7": {"0.0": {"time": 0.0065877437591552734, "reduction": 1.3333333333333308, "validation": {"accuracy": 14.222222222222221}, "test": {"accuracy": 10.0}}, "0.1": {"time": 0.006783246994018555, "reduction": 7.9999999999999964, "validation": {"accuracy": 14.666666666666666}, "test": {"accuracy": 10.0}}, "0.2": {"time": 0.006553173065185547, "reduction": 12.888888888888895, "validation": {"accuracy": 14.666666666666666}, "test": {"accuracy": 10.0}}, "0.3": {"time": 0.006310939788818359, "reduction": 21.999999999999996, "validation": {"accuracy": 14.666666666666666}, "test": {"accuracy": 10.0}}, "0.4": {"time": 0.005943775177001953, "reduction": 30.88888888888889, "validation": {"accuracy": 16.0}, "test": {"accuracy": 12.0}}, "0.5": {"time": 0.005414247512817383, "reduction": 46.88888888888889, "validation": {"accuracy": 16.0}, "test": {"accuracy": 12.0}}, "0.6": {"time": 0.0052471160888671875, "reduction": 57.33333333333333, "validation": {"accuracy": 16.88888888888889}, "test": {"accuracy": 14.000000000000002}}, "0.7": {"time": 0.005145072937011719, "reduction": 66.22222222222223, "validation": {"accuracy": 17.333333333333336}, "test": {"accuracy": 12.0}}, "0.8": {"time": 0.004961252212524414, "reduction": 73.77777777777777, "validation": {"accuracy": 17.555555555555554}, "test": {"accuracy": 16.0}}, "0.9": {"time": 0.00442814826965332, "reduction": 86.66666666666667, "validation": {"accuracy": 20.88888888888889}, "test": {"accuracy": 18.0}}, "1.0": {"time": 0.0049626827239990234,