{"3": {"0.0": {"time": 0.003763914108276367, "reduction": 3.084832904884316, "validation": {"accuracy": 53.470437017994854}, "test": {"accuracy": 51.162790697674424}}, "0.1": {"time": 0.0026068687438964844, "reduction": 67.86632390745501, "validation": {"accuracy": 46.27249357326478}, "test": {"accuracy": 48.837209302325576}}, "0.2": {"time": 0.0032529830932617188, "reduction": 67.86632390745501, "validation": {"accuracy": 46.27249357326478}, "test": {"accuracy": 48.837209302325576}}, "0.3": {"time": 0.004181861877441406, "reduction": 67.86632390745501, "validation": {"accuracy": 46.27249357326478}, "test": {"accuracy": 48.837209302325576}}, "0.4": {"time": 0.0035681724548339844, "reduction": 99.22879177377892, "validation": {"accuracy": 47.30077120822622}, "test": {"accuracy": 46.51162790697674}}, "0.5": {"time": 0.002465963363647461, "reduction": 99.22879177377892, "validation": {"accuracy": 52.95629820051414}, "test": {"accuracy": 46.51162790697674}}, "0.6": {"time": 0.0021419525146484375, "reduction": 99.22879177377892, "validation": {"accuracy": 52.95629820051414}, "test": {"accuracy": 46.51162790697674}}, "0.7": {"time": 0.0023081302642822266, "reduction": 99.22879177377892, "validation": {"accuracy": 52.95629820051414}, "test": {"accuracy": 46.51162790697674}}, "0.8": {"time": 0.0026302337646484375, "reduction": 99.48586118251927, "validation": {"accuracy": 52.44215938303341}, "test": {"accuracy": 46.51162790697674}}, "0.9": {"time": 0.0024220943450927734, "reduction": 99.48586118251927, "validation": {"accuracy": 52.44215938303341}, "test": {"accuracy": 46.51162790697674}}, "1.0": {"time": 0.002122163772583008, "reduction": 99.48586118251927, "validation": {"accuracy": 51.41388174807198}, "test": {"accuracy": 41.86046511627907}}}, "4": {"0.0": {"time": 0.0035321712493896484, "reduction": 3.3419023136246784, "validation": {"accuracy": 51.9280205655527}, "test": {"accuracy": 60.46511627906976}}, "0.1": {"time": 0.0039789676666259766, "reduction": 33.67609254498715, "validation": {"accuracy": 52.44215938303341}, "test": {"accuracy": 62.7906976744186}}, "0.2": {"time": 0.002656698226928711, "reduction": 98.20051413881748, "validation": {"accuracy": 52.44215938303341}, "test": {"accuracy": 62.7906976744186}}, "0.3": {"time": 0.0021753311157226562, "reduction": 98.97172236503856, "validation": {"accuracy": 52.44215938303341}, "test": {"accuracy": 62.7906976744186}}, "0.4": {"time": 0.002866029739379883, "reduction": 98.97172236503856, "validation": {"accuracy": 52.44215938303341}, "test": {"accuracy": 62.7906976744186}}, "0.5": {"time": 0.0024101734161376953, "reduction": 98.97172236503856, "validation": {"accuracy": 52.44215938303341}, "test": {"accuracy": 62.7906976744186}}, "0.6": {"time": 0.0023517608642578125, "reduction": 98.97172236503856, "validation": {"accuracy": 52.44215938303341}, "test": {"accuracy": 62.7906976744186}}, "0.7": {"time": 0.002176046371459961, "reduction": 98.97172236503856, "validation": {"accuracy": 51.9280205655527}, "test": {"accuracy": 60.46511627906976}}, "0.8": {"time": 0.0026619434356689453, "reduction": 98.97172236503856, "validation": {"accuracy": 51.41388174807198}, "test": {"accuracy": 58.139534883720934}}, "0.9": {"time": 0.0023779869079589844, "reduction": 99.22879177377892, "validation": {"accuracy": 51.41388174807198}, "test": {"accuracy": 58.139534883720934}}, "1.0": {"time": 0.0025060176849365234, "reduction": 99.48586118251927, "validation": {"accuracy": 50.899742930591266}, "test": {"accuracy": 55.81395348837209}}}, "5": {"0.0": {"time": 0.0035390853881835938, "reduction": 3.084832904884316, "validation": {"accuracy": 53.470437017994854}, "test": {"accuracy": 46.51162790697674}}, "0.1": {"time": 0.0028548240661621094, "reduction": 68.38046272493573, "validation": {"accuracy": 53.470437017994854}, "test": {"accuracy": 46.51162790697674}}, "0.2": {"time": 0.0027179718017578125, "reduction": 68.38046272493573, "validation": {"accuracy": 53.470437017994854}, "test": {"accuracy": 46.51162790697674}}, "0.3": {"time": 0.0028340816497802734, "reduction": 68.38046272493573, "validation": {"accuracy": 53.470437017994854}, "test": {"accuracy": 46.51162790697674}}, "0.4": {"time": 0.0022478103637695312, "reduction": 99.22879177377892, "validation": {"accuracy": 53.98457583547558}, "test": {"accuracy": 48.837209302325576}}, "0.5": {"time": 0.0023539066314697266, "reduction": 99.22879177377892, "validation": {"accuracy": 52.44215938303341}, "test": {"accuracy": 48.837209302325576}}, "0.6": {"time": 0.0024497509002685547, "reduction": 99.22879177377892, "validation": {"accuracy": 52.44215938303341}, "test": {"accuracy": 48.837209302325576}}, "0.7": {"time": 0.0021886825561523438, "reduction": 99.22879177377892, "validation": {"accuracy": 52.44215938303341}, "test": {"accuracy": 48.837209302325576}}, "0.8": {"time": 0.002170085906982422, "reduction": 99.48586118251927, "validation": {"accuracy": 52.44215938303341}, "test": {"accuracy": 48.837209302325576}}, "0.9": {"time": 0.0024368762969970703, "reduction": 99.48586118251927, "validation": {"accuracy": 52.44215938303341}, "test": {"accuracy": 48.837209302325576}}, "1.0": {"time": 0.0022678375244140625, "reduction": 99.48586118251927, "validation": {"accuracy": 51.41388174807198}, "test": {"accuracy": 41.86046511627907}}}, "6": {"0.0": {"time": 0.00341796875, "reduction": 1.5424164524421635, "validation": {"accuracy": 53.470437017994854}, "test": {"accuracy": 44.18604651162791}}, "0.1": {"time": 0.00261688232421875, "reduction": 66.83804627249357, "validation": {"accuracy": 52.95629820051414}, "test": {"accuracy": 48.837209302325576}}, "0.2": {"time": 0.0023620128631591797, "reduction": 97.94344473007712, "validation": {"accuracy": 53.470437017994854}, "test": {"accuracy": 41.86046511627907}}, "0.3": {"time": 0.002763032913208008, "reduction": 98.97172236503856, "validation": {"accuracy": 52.95629820051414}, "test": {"accuracy": 37.2093023255814}}, "0.4": {"time": 0.002614736557006836, "reduction": 98.97172236503856, "validation": {"accuracy": 52.95629820051414}, "test": {"accuracy": 37.2093023255814}}, "0.5": {"time": 0.0023860931396484375, "reduction": 99.22879177377892, "validation": {"accuracy": 47.30077120822622}, "test": {"accuracy": 41.86046511627907}}, "0.6": {"time": 0.0023360252380371094, "reduction": 99.22879177377892, "validation": {"accuracy": 47.30077120822622}, "test": {"accuracy": 41.86046511627907}}, "0.7": {"time": 0.0024750232696533203, "reduction": 99.48586118251927, "validation": {"accuracy": 53.98457583547558}, "test": {"accuracy": 46.51162790697674}}, "0.8": {"time": 0.002500295639038086, "reduction": 99.48586118251927, "validation": {"accuracy": 53.98457583547558}, "test": {"accuracy": 46.51162790697674}}, "0.9": {"time": 0.0025751590728759766, "reduction": 99.48586118251927, "validation": {"accuracy": 53.470437017994854}, "test": {"accuracy": 46.51162790697674}}, "1.0": {"time": 0.0021581649780273438, "reduction": 99.48586118251927, "validation": {"accuracy": 51.9280205655527}, "test": {"accuracy": 37.2093023255814}}}, "7": {"0.0": {"time": 0.0034270286560058594, "reduction": 2.3136246786632397, "validation": {"accuracy": 50.899742930591266}, "test": {"accuracy": 60.46511627906976}}, "0.1": {"time": 0.0029478073120117188, "reduction": 34.70437017994858, "validation": {"accuracy": 51.9280205655527}, "test": {"accuracy": 65.11627906976744}}, "0.2": {"time": 0.003045797348022461, "reduction": 34.96143958868895, "validation": {"accuracy": 51.9280205655527}, "test": {"accuracy": 65.11627906976744}}, "0.3": {"time": 0.003233194351196289, "reduction": 34.96143958868895, "validation": {"accuracy": 51.9280205655527}, "test": {"accuracy": 65.11627906976744}}, "0.4": {"time": 0.002588987350463867, "reduction": 99.22879177377892, "validation": {"accuracy": 47.30077120822622}, "test": {"accuracy": 46.51162790697674}}, "0.5": {"time": 0.0022280216217041016, "reduction": 99.22879177377892, "validation": {"accuracy": 47.30077120822622},