{"3": {"0.0": {"time": 0.0012629032135009766, "reduction": 3.472222222222221, "validation": {"accuracy": 29.166666666666668}, "test": {"accuracy": 18.75}}, "0.1": {"time": 0.001310110092163086, "reduction": 9.027777777777779, "validation": {"accuracy": 31.25}, "test": {"accuracy": 18.75}}, "0.2": {"time": 0.0012440681457519531, "reduction": 14.583333333333337, "validation": {"accuracy": 30.555555555555557}, "test": {"accuracy": 18.75}}, "0.3": {"time": 0.0012259483337402344, "reduction": 17.361111111111114, "validation": {"accuracy": 30.555555555555557}, "test": {"accuracy": 18.75}}, "0.4": {"time": 0.0013899803161621094, "reduction": 25.694444444444443, "validation": {"accuracy": 35.41666666666667}, "test": {"accuracy": 18.75}}, "0.5": {"time": 0.0014460086822509766, "reduction": 38.888888888888886, "validation": {"accuracy": 33.33333333333333}, "test": {"accuracy": 18.75}}, "0.6": {"time": 0.0013527870178222656, "reduction": 55.55555555555556, "validation": {"accuracy": 33.33333333333333}, "test": {"accuracy": 18.75}}, "0.7": {"time": 0.0014681816101074219, "reduction": 69.44444444444444, "validation": {"accuracy": 32.63888888888889}, "test": {"accuracy": 25.0}}, "0.8": {"time": 0.0011589527130126953, "reduction": 75.69444444444444, "validation": {"accuracy": 40.97222222222222}, "test": {"accuracy": 43.75}}, "0.9": {"time": 0.0014140605926513672, "reduction": 95.83333333333334, "validation": {"accuracy": 34.72222222222222}, "test": {"accuracy": 18.75}}, "1.0": {"time": 0.0013871192932128906, "reduction": 97.91666666666666, "validation": {"accuracy": 38.88888888888889}, "test": {"accuracy": 50.0}}}, "4": {"0.0": {"time": 0.002192974090576172, "reduction": 4.1666666666666625, "validation": {"accuracy": 36.80555555555556}, "test": {"accuracy": 31.25}}, "0.1": {"time": 0.0013420581817626953, "reduction": 10.416666666666663, "validation": {"accuracy": 35.41666666666667}, "test": {"accuracy": 25.0}}, "0.2": {"time": 0.0010590553283691406, "reduction": 15.277777777777779, "validation": {"accuracy": 35.41666666666667}, "test": {"accuracy": 25.0}}, "0.3": {"time": 0.0012340545654296875, "reduction": 25.694444444444443, "validation": {"accuracy": 36.11111111111111}, "test": {"accuracy": 25.0}}, "0.4": {"time": 0.0010442733764648438, "reduction": 41.666666666666664, "validation": {"accuracy": 33.33333333333333}, "test": {"accuracy": 31.25}}, "0.5": {"time": 0.0012018680572509766, "reduction": 59.02777777777778, "validation": {"accuracy": 32.63888888888889}, "test": {"accuracy": 18.75}}, "0.6": {"time": 0.0013968944549560547, "reduction": 73.61111111111111, "validation": {"accuracy": 38.88888888888889}, "test": {"accuracy": 25.0}}, "0.7": {"time": 0.0008270740509033203, "reduction": 93.75, "validation": {"accuracy": 34.72222222222222}, "test": {"accuracy": 31.25}}, "0.8": {"time": 0.0008540153503417969, "reduction": 97.22222222222221, "validation": {"accuracy": 31.944444444444443}, "test": {"accuracy": 25.0}}, "0.9": {"time": 0.0007901191711425781, "reduction": 97.22222222222221, "validation": {"accuracy": 37.5}, "test": {"accuracy": 31.25}}, "1.0": {"time": 0.0009300708770751953, "reduction": 97.91666666666666, "validation": {"accuracy": 38.19444444444444}, "test": {"accuracy": 31.25}}}, "5": {"0.0": {"time": 0.0012221336364746094, "reduction": 2.777777777777779, "validation": {"accuracy": 30.555555555555557}, "test": {"accuracy": 18.75}}, "0.1": {"time": 0.0012969970703125, "reduction": 9.722222222222221, "validation": {"accuracy": 31.944444444444443}, "test": {"accuracy": 18.75}}, "0.2": {"time": 0.001367807388305664, "reduction": 15.277777777777779, "validation": {"accuracy": 34.72222222222222}, "test": {"accuracy": 18.75}}, "0.3": {"time": 0.001130819320678711, "reduction": 17.361111111111114, "validation": {"accuracy": 35.41666666666667}, "test": {"accuracy": 18.75}}, "0.4": {"time": 0.0018630027770996094, "reduction": 23.611111111111114, "validation": {"accuracy": 33.33333333333333}, "test": {"accuracy": 31.25}}, "0.5": {"time": 0.0021219253540039062, "reduction": 30.555555555555557, "validation": {"accuracy": 31.944444444444443}, "test": {"accuracy": 31.25}}, "0.6": {"time": 0.0013248920440673828, "reduction": 47.916666666666664, "validation": {"accuracy": 36.11111111111111}, "test": {"accuracy": 31.25}}, "0.7": {"time": 0.001055002212524414, "reduction": 77.77777777777779, "validation": {"accuracy": 36.11111111111111}, "test": {"accuracy": 31.25}}, "0.8": {"time": 0.00096893310546875, "reduction": 87.5, "validation": {"accuracy": 35.41666666666667}, "test": {"accuracy": 31.25}}, "0.9": {"time": 0.0009388923645019531, "reduction": 95.83333333333334, "validation": {"accuracy": 36.11111111111111}, "test": {"accuracy": 25.0}}, "1.0": {"time": 0.0008809566497802734, "reduction": 97.91666666666666, "validation": {"accuracy": 38.19444444444444}, "test": {"accuracy": 37.5}}}, "6": {"0.0": {"time": 0.0013191699981689453, "reduction": 6.25, "validation": {"accuracy": 29.86111111111111}, "test": {"accuracy": 31.25}}, "0.1": {"time": 0.0012841224670410156, "reduction": 12.5, "validation": {"accuracy": 31.25}, "test": {"accuracy": 31.25}}, "0.2": {"time": 0.001238107681274414, "reduction": 16.666666666666664, "validation": {"accuracy": 30.555555555555557}, "test": {"accuracy": 31.25}}, "0.3": {"time": 0.0010929107666015625, "reduction": 37.5, "validation": {"accuracy": 32.63888888888889}, "test": {"accuracy": 37.5}}, "0.4": {"time": 0.0015289783477783203, "reduction": 49.30555555555556, "validation": {"accuracy": 32.63888888888889}, "test": {"accuracy": 37.5}}, "0.5": {"time": 0.0011217594146728516, "reduction": 66.66666666666667, "validation": {"accuracy": 31.944444444444443}, "test": {"accuracy": 43.75}}, "0.6": {"time": 0.0008859634399414062, "reduction": 81.94444444444444, "validation": {"accuracy": 34.02777777777778}, "test": {"accuracy": 50.0}}, "0.7": {"time": 0.0009930133819580078, "reduction": 91.66666666666666, "validation": {"accuracy": 34.02777777777778}, "test": {"accuracy": 43.75}}, "0.8": {"time": 0.0009140968322753906, "reduction": 95.83333333333334, "validation": {"accuracy": 33.33333333333333}, "test": {"accuracy": 50.0}}, "0.9": {"time": 0.000804901123046875, "reduction": 97.22222222222221, "validation": {"accuracy": 36.80555555555556}, "test": {"accuracy": 50.0}}, "1.0": {"time": 0.0008351802825927734, "reduction": 97.91666666666666, "validation": {"accuracy": 36.80555555555556}, "test": {"accuracy": 25.0}}}, "7": {"0.0": {"time": 0.0012161731719970703, "reduction": 5.555555555555558, "validation": {"accuracy": 33.33333333333333}, "test": {"accuracy": 43.75}}, "0.1": {"time": 0.001856088638305664, "reduction": 11.805555555555557, "validation": {"accuracy": 34.02777777777778}, "test": {"accuracy": 43.75}}, "0.2": {"time": 0.0018680095672607422, "reduction": 13.194444444444443, "validation": {"accuracy": 35.41666666666667}, "test": {"accuracy": 43.75}}, "0.3": {"time": 0.0012531280517578125, "reduction": 23.611111111111114, "validation": {"accuracy": 35.41666666666667}, "test": {"accuracy": 43.75}}, "0.4": {"time": 0.001135110855102539, "reduction": 36.80555555555556, "validation": {"accuracy": 29.86111111111111}, "test": {"accuracy": 37.5}}, "0.5": {"time": 0.0009849071502685547, "reduction": 48.611111111111114, "validation": {"accuracy": 36.11111111111111}, "test": {"accuracy": 25.0}}, "0.6": {"time": 0.0012240409851074219, "reduction": 57.638888888888886, "validation": {"accuracy": 37.5}, "test": {"accuracy": 25.0}}, "0.7": {"time": 0.0011098384857177734, "reduction": 86.80555555555556, "validation": {"accuracy": 28.47222222222222}, "test": {"accuracy": 18.75}}, "0.8": {"time": 0.0011391639709472656, "reduction": 94.44444444444444, "validation": {"accuracy": 36.80555555555556}, "test": {"accuracy": 12.5}}, "0.9": {"time": 0.0009882450103759766, "reduction": 96.52777777777779, "validation": {"accuracy": 38.19444444444444}, "test": {"accuracy": 25.0}}, "1.0": {"time": 0.0010390281677246094, "reduction": 97.91666666666666,