{"3": {"0.0": {"time": 0.007182121276855469, "reduction": 2.135231316725983, "validation": {"accuracy": 11.921708185053381}, "test": {"accuracy": 17.46031746031746}}, "0.1": {"time": 0.006499767303466797, "reduction": 24.733096085409258, "validation": {"accuracy": 23.131672597864767}, "test": {"accuracy": 19.047619047619047}}, "0.2": {"time": 0.0060138702392578125, "reduction": 42.88256227758007, "validation": {"accuracy": 23.487544483985765}, "test": {"accuracy": 22.22222222222222}}, "0.3": {"time": 0.005930900573730469, "reduction": 49.822064056939496, "validation": {"accuracy": 23.487544483985765}, "test": {"accuracy": 22.22222222222222}}, "0.4": {"time": 0.005884885787963867, "reduction": 51.067615658362996, "validation": {"accuracy": 12.099644128113878}, "test": {"accuracy": 17.46031746031746}}, "0.5": {"time": 0.0056078433990478516, "reduction": 70.46263345195729, "validation": {"accuracy": 20.106761565836297}, "test": {"accuracy": 26.984126984126984}}, "0.6": {"time": 0.00520014762878418, "reduction": 87.01067615658363, "validation": {"accuracy": 19.217081850533805}, "test": {"accuracy": 25.396825396825395}}, "0.7": {"time": 0.005189180374145508, "reduction": 87.18861209964413, "validation": {"accuracy": 19.217081850533805}, "test": {"accuracy": 25.396825396825395}}, "0.8": {"time": 0.005012035369873047, "reduction": 99.4661921708185, "validation": {"accuracy": 53.91459074733096}, "test": {"accuracy": 53.96825396825397}}, "0.9": {"time": 0.004811763763427734, "reduction": 99.4661921708185, "validation": {"accuracy": 53.91459074733096}, "test": {"accuracy": 52.38095238095239}}, "1.0": {"time": 0.004804134368896484, "reduction": 99.4661921708185, "validation": {"accuracy": 53.91459074733096}, "test": {"accuracy": 52.38095238095239}}}, "4": {"0.0": {"time": 0.007131099700927734, "reduction": 1.9572953736654797, "validation": {"accuracy": 9.9644128113879}, "test": {"accuracy": 22.22222222222222}}, "0.1": {"time": 0.006529092788696289, "reduction": 24.199288256227756, "validation": {"accuracy": 9.9644128113879}, "test": {"accuracy": 23.809523809523807}}, "0.2": {"time": 0.006280183792114258, "reduction": 30.071174377224196, "validation": {"accuracy": 10.320284697508896}, "test": {"accuracy": 26.984126984126984}}, "0.3": {"time": 0.005822181701660156, "reduction": 49.4661921708185, "validation": {"accuracy": 20.462633451957295}, "test": {"accuracy": 36.507936507936506}}, "0.4": {"time": 0.0058362483978271484, "reduction": 51.779359430604984, "validation": {"accuracy": 29.537366548042705}, "test": {"accuracy": 31.746031746031743}}, "0.5": {"time": 0.005519866943359375, "reduction": 70.10676156583631, "validation": {"accuracy": 29.537366548042705}, "test": {"accuracy": 28.57142857142857}}, "0.6": {"time": 0.0054149627685546875, "reduction": 70.46263345195729, "validation": {"accuracy": 19.03914590747331}, "test": {"accuracy": 15.873015873015872}}, "0.7": {"time": 0.005074977874755859, "reduction": 81.85053380782918, "validation": {"accuracy": 22.597864768683273}, "test": {"accuracy": 23.809523809523807}}, "0.8": {"time": 0.004943132400512695, "reduction": 82.02846975088967, "validation": {"accuracy": 22.597864768683273}, "test": {"accuracy": 23.809523809523807}}, "0.9": {"time": 0.005009889602661133, "reduction": 82.56227758007117, "validation": {"accuracy": 46.08540925266904}, "test": {"accuracy": 44.44444444444444}}, "1.0": {"time": 0.0047760009765625, "reduction": 99.4661921708185, "validation": {"accuracy": 46.08540925266904}, "test": {"accuracy": 46.03174603174603}}}, "5": {"0.0": {"time": 0.007256984710693359, "reduction": 1.4234875444839812, "validation": {"accuracy": 10.676156583629894}, "test": {"accuracy": 19.047619047619047}}, "0.1": {"time": 0.0064280033111572266, "reduction": 37.36654804270463, "validation": {"accuracy": 11.209964412811388}, "test": {"accuracy": 19.047619047619047}}, "0.2": {"time": 0.0061571598052978516, "reduction": 43.41637010676157, "validation": {"accuracy": 11.387900355871885}, "test": {"accuracy": 20.634920634920633}}, "0.3": {"time": 0.005751132965087891, "reduction": 63.52313167259786, "validation": {"accuracy": 11.387900355871885}, "test": {"accuracy": 20.634920634920633}}, "0.4": {"time": 0.0057489871978759766, "reduction": 64.05693950177935, "validation": {"accuracy": 11.209964412811388}, "test": {"accuracy": 17.46031746031746}}, "0.5": {"time": 0.00550389289855957, "reduction": 85.58718861209964, "validation": {"accuracy": 30.427046263345197}, "test": {"accuracy": 25.396825396825395}}, "0.6": {"time": 0.0056610107421875, "reduction": 85.94306049822065, "validation": {"accuracy": 30.427046263345197}, "test": {"accuracy": 23.809523809523807}}, "0.7": {"time": 0.005341053009033203, "reduction": 86.65480427046263, "validation": {"accuracy": 30.427046263345197}, "test": {"accuracy": 25.396825396825395}}, "0.8": {"time": 0.004934787750244141, "reduction": 99.4661921708185, "validation": {"accuracy": 46.08540925266904}, "test": {"accuracy": 47.61904761904761}}, "0.9": {"time": 0.004805803298950195, "reduction": 99.4661921708185, "validation": {"accuracy": 46.08540925266904}, "test": {"accuracy": 47.61904761904761}}, "1.0": {"time": 0.004784107208251953, "reduction": 99.4661921708185, "validation": {"accuracy": 46.08540925266904}, "test": {"accuracy": 47.61904761904761}}}, "6": {"0.0": {"time": 0.0073299407958984375, "reduction": 2.131438721136769, "validation": {"accuracy": 22.912966252220247}, "test": {"accuracy": 30.64516129032258}}, "0.1": {"time": 0.006566047668457031, "reduction": 23.97868561278863, "validation": {"accuracy": 22.912966252220247}, "test": {"accuracy": 32.25806451612903}}, "0.2": {"time": 0.006369113922119141, "reduction": 30.017761989342805, "validation": {"accuracy": 22.912966252220247}, "test": {"accuracy": 33.87096774193548}}, "0.3": {"time": 0.005977153778076172, "reduction": 49.91119005328597, "validation": {"accuracy": 33.214920071047956}, "test": {"accuracy": 40.32258064516129}}, "0.4": {"time": 0.0058689117431640625, "reduction": 51.86500888099468, "validation": {"accuracy": 41.56305506216697}, "test": {"accuracy": 45.16129032258064}}, "0.5": {"time": 0.005465030670166016, "reduction": 70.15985790408526, "validation": {"accuracy": 41.740674955595026}, "test": {"accuracy": 45.16129032258064}}, "0.6": {"time": 0.00541377067565918, "reduction": 70.51509769094139, "validation": {"accuracy": 41.740674955595026}, "test": {"accuracy": 45.16129032258064}}, "0.7": {"time": 0.005340099334716797, "reduction": 70.69271758436945, "validation": {"accuracy": 41.740674955595026}, "test": {"accuracy": 45.16129032258064}}, "0.8": {"time": 0.005149126052856445, "reduction": 83.48134991119005, "validation": {"accuracy": 45.825932504440495}, "test": {"accuracy": 48.38709677419355}}, "0.9": {"time": 0.004881858825683594, "reduction": 99.46714031971581, "validation": {"accuracy": 46.181172291296626}, "test": {"accuracy": 43.54838709677419}}, "1.0": {"time": 0.0048902034759521484, "reduction": 99.46714031971581, "validation": {"accuracy": 46.181172291296626}, "test": {"accuracy": 46.774193548387096}}}, "7": {"0.0": {"time": 0.007231950759887695, "reduction": 1.243339253996445, "validation": {"accuracy": 9.769094138543517}, "test": {"accuracy": 20.967741935483872}}, "0.1": {"time": 0.0065610408782958984, "reduction": 23.80106571936057, "validation": {"accuracy": 9.769094138543517}, "test": {"accuracy": 20.967741935483872}}, "0.2": {"time": 0.006190776824951172, "reduction": 29.840142095914747, "validation": {"accuracy": 10.301953818827709}, "test": {"accuracy": 24.193548387096776}}, "0.3": {"time": 0.00609588623046875, "reduction": 36.41207815275311, "validation": {"accuracy": 10.301953818827709}, "test": {"accuracy": 24.193548387096776}}, "0.4": {"time": 0.005934953689575195, "reduction": 49.55595026642984, "validation": {"accuracy": 20.24866785079929}, "test": {"accuracy": 33.87096774193548}}, "0.5": {"time": 0.005676746368408203, "reduction": 58.259325044404974,