{"3": {"0.0": {"time": 0.01747417449951172, "reduction": 64.19753086419753, "validation": {"accuracy": 10.185185185185185}, "test": {"accuracy": 8.333333333333332}}, "0.1": {"time": 0.01639103889465332, "reduction": 66.0493827160494, "validation": {"accuracy": 9.876543209876543}, "test": {"accuracy": 8.333333333333332}}, "0.2": {"time": 0.017789125442504883, "reduction": 67.90123456790124, "validation": {"accuracy": 10.185185185185185}, "test": {"accuracy": 8.333333333333332}}, "0.3": {"time": 0.016060352325439453, "reduction": 70.67901234567901, "validation": {"accuracy": 10.185185185185185}, "test": {"accuracy": 8.333333333333332}}, "0.4": {"time": 0.014854907989501953, "reduction": 72.8395061728395, "validation": {"accuracy": 11.728395061728394}, "test": {"accuracy": 8.333333333333332}}, "0.5": {"time": 0.013783693313598633, "reduction": 76.23456790123457, "validation": {"accuracy": 3.3950617283950617}, "test": {"accuracy": 8.333333333333332}}, "0.6": {"time": 0.013070106506347656, "reduction": 79.93827160493827, "validation": {"accuracy": 9.876543209876543}, "test": {"accuracy": 8.333333333333332}}, "0.7": {"time": 0.01209115982055664, "reduction": 83.0246913580247, "validation": {"accuracy": 3.3950617283950617}, "test": {"accuracy": 8.333333333333332}}, "0.8": {"time": 0.010905981063842773, "reduction": 89.81481481481481, "validation": {"accuracy": 8.950617283950617}, "test": {"accuracy": 8.333333333333332}}, "0.9": {"time": 0.010747909545898438, "reduction": 92.90123456790124, "validation": {"accuracy": 9.5679012345679}, "test": {"accuracy": 5.555555555555555}}, "1.0": {"time": 0.010426998138427734, "reduction": 95.37037037037037, "validation": {"accuracy": 12.654320987654321}, "test": {"accuracy": 2.7777777777777777}}}, "4": {"0.0": {"time": 0.021991968154907227, "reduction": 64.50617283950618, "validation": {"accuracy": 6.172839506172839}, "test": {"accuracy": 8.333333333333332}}, "0.1": {"time": 0.016215085983276367, "reduction": 68.20987654320987, "validation": {"accuracy": 6.172839506172839}, "test": {"accuracy": 16.666666666666664}}, "0.2": {"time": 0.015836238861083984, "reduction": 70.06172839506173, "validation": {"accuracy": 6.172839506172839}, "test": {"accuracy": 11.11111111111111}}, "0.3": {"time": 0.015817880630493164, "reduction": 71.91358024691358, "validation": {"accuracy": 6.790123456790123}, "test": {"accuracy": 5.555555555555555}}, "0.4": {"time": 0.015083074569702148, "reduction": 74.07407407407408, "validation": {"accuracy": 6.172839506172839}, "test": {"accuracy": 5.555555555555555}}, "0.5": {"time": 0.013530969619750977, "reduction": 76.23456790123457, "validation": {"accuracy": 4.938271604938271}, "test": {"accuracy": 5.555555555555555}}, "0.6": {"time": 0.013828039169311523, "reduction": 80.55555555555556, "validation": {"accuracy": 5.246913580246913}, "test": {"accuracy": 5.555555555555555}}, "0.7": {"time": 0.012035846710205078, "reduction": 82.71604938271605, "validation": {"accuracy": 9.5679012345679}, "test": {"accuracy": 5.555555555555555}}, "0.8": {"time": 0.011220932006835938, "reduction": 88.27160493827161, "validation": {"accuracy": 13.580246913580247}, "test": {"accuracy": 5.555555555555555}}, "0.9": {"time": 0.011146068572998047, "reduction": 92.5925925925926, "validation": {"accuracy": 12.654320987654321}, "test": {"accuracy": 5.555555555555555}}, "1.0": {"time": 0.009958982467651367, "reduction": 95.37037037037037, "validation": {"accuracy": 14.506172839506174}, "test": {"accuracy": 5.555555555555555}}}, "5": {"0.0": {"time": 0.018910884857177734, "reduction": 66.0493827160494, "validation": {"accuracy": 7.716049382716049}, "test": {"accuracy": 5.555555555555555}}, "0.1": {"time": 0.0155792236328125, "reduction": 68.5185185185185, "validation": {"accuracy": 7.716049382716049}, "test": {"accuracy": 5.555555555555555}}, "0.2": {"time": 0.015748023986816406, "reduction": 69.1358024691358, "validation": {"accuracy": 7.716049382716049}, "test": {"accuracy": 5.555555555555555}}, "0.3": {"time": 0.015878915786743164, "reduction": 72.22222222222221, "validation": {"accuracy": 5.555555555555555}, "test": {"accuracy": 5.555555555555555}}, "0.4": {"time": 0.014673948287963867, "reduction": 74.07407407407408, "validation": {"accuracy": 5.555555555555555}, "test": {"accuracy": 5.555555555555555}}, "0.5": {"time": 0.014267921447753906, "reduction": 76.23456790123457, "validation": {"accuracy": 5.246913580246913}, "test": {"accuracy": 5.555555555555555}}, "0.6": {"time": 0.014467954635620117, "reduction": 79.93827160493827, "validation": {"accuracy": 8.333333333333332}, "test": {"accuracy": 5.555555555555555}}, "0.7": {"time": 0.012308835983276367, "reduction": 84.5679012345679, "validation": {"accuracy": 7.716049382716049}, "test": {"accuracy": 5.555555555555555}}, "0.8": {"time": 0.011919021606445312, "reduction": 88.58024691358025, "validation": {"accuracy": 6.481481481481481}, "test": {"accuracy": 5.555555555555555}}, "0.9": {"time": 0.014520883560180664, "reduction": 92.5925925925926, "validation": {"accuracy": 8.641975308641975}, "test": {"accuracy": 5.555555555555555}}, "1.0": {"time": 0.010282039642333984, "reduction": 95.37037037037037, "validation": {"accuracy": 7.4074074074074066}, "test": {"accuracy": 5.555555555555555}}}, "6": {"0.0": {"time": 0.017899036407470703, "reduction": 65.12345679012346, "validation": {"accuracy": 4.320987654320987}, "test": {"accuracy": 5.555555555555555}}, "0.1": {"time": 0.01671600341796875, "reduction": 68.82716049382715, "validation": {"accuracy": 3.7037037037037033}, "test": {"accuracy": 5.555555555555555}}, "0.2": {"time": 0.01596975326538086, "reduction": 70.67901234567901, "validation": {"accuracy": 3.7037037037037033}, "test": {"accuracy": 5.555555555555555}}, "0.3": {"time": 0.015436887741088867, "reduction": 71.60493827160495, "validation": {"accuracy": 3.7037037037037033}, "test": {"accuracy": 5.555555555555555}}, "0.4": {"time": 0.014603853225708008, "reduction": 74.69135802469135, "validation": {"accuracy": 6.172839506172839}, "test": {"accuracy": 5.555555555555555}}, "0.5": {"time": 0.013625860214233398, "reduction": 77.46913580246914, "validation": {"accuracy": 6.172839506172839}, "test": {"accuracy": 5.555555555555555}}, "0.6": {"time": 0.01253199577331543, "reduction": 81.79012345679013, "validation": {"accuracy": 10.493827160493826}, "test": {"accuracy": 5.555555555555555}}, "0.7": {"time": 0.011920928955078125, "reduction": 84.5679012345679, "validation": {"accuracy": 4.62962962962963}, "test": {"accuracy": 5.555555555555555}}, "0.8": {"time": 0.011250972747802734, "reduction": 89.19753086419753, "validation": {"accuracy": 4.012345679012346}, "test": {"accuracy": 5.555555555555555}}, "0.9": {"time": 0.013669252395629883, "reduction": 92.90123456790124, "validation": {"accuracy": 7.098765432098765}, "test": {"accuracy": 5.555555555555555}}, "1.0": {"time": 0.010167121887207031, "reduction": 95.37037037037037, "validation": {"accuracy": 19.753086419753085}, "test": {"accuracy": 5.555555555555555}}}, "7": {"0.0": {"time": 0.017562150955200195, "reduction": 63.888888888888886, "validation": {"accuracy": 8.641975308641975}, "test": {"accuracy": 11.11111111111111}}, "0.1": {"time": 0.019006967544555664, "reduction": 68.20987654320987, "validation": {"accuracy": 9.876543209876543}, "test": {"accuracy": 11.11111111111111}}, "0.2": {"time": 0.0204620361328125, "reduction": 69.75308641975309, "validation": {"accuracy": 10.493827160493826}, "test": {"accuracy": 11.11111111111111}}, "0.3": {"time": 0.0152587890625, "reduction": 71.91358024691358, "validation": {"accuracy": 10.493827160493826}, "test": {"accuracy": 11.11111111111111}}, "0.4": {"time": 0.014703035354614258, "reduction": 73.76543209876543, "validation": {"accuracy": 8.950617283950617}, "test": {"accuracy": 11.11111111111111}}, "0.5": {"time": 0.014260053634643555, "reduction": 76.54320987654322, "validation": {"accuracy": 5.864197530864197}, "test": {"accuracy": 11.11111111111111}},