{"3": {"0.0": {"time": 58.09091925621033, "reduction": 47.35380835380836, "validation": {"accuracy": 75.08599508599508}, "test": {"accuracy": 75.23219814241486}}, "0.1": {"time": 58.07847285270691, "reduction": 48.47174447174447, "validation": {"accuracy": 75.08108108108108}, "test": {"accuracy": 75.23219814241486}}, "0.2": {"time": 54.86785316467285, "reduction": 54.22850122850122, "validation": {"accuracy": 75.03439803439804}, "test": {"accuracy": 75.1437417072092}}, "0.3": {"time": 49.988378047943115, "reduction": 66.12285012285012, "validation": {"accuracy": 75.007371007371}, "test": {"accuracy": 75.05528527200353}}, "0.4": {"time": 44.02881836891174, "reduction": 80.96314496314496, "validation": {"accuracy": 74.75675675675676}, "test": {"accuracy": 74.87837240159222}}, "0.5": {"time": 40.115001916885376, "reduction": 94.08845208845209, "validation": {"accuracy": 75.08108108108108}, "test": {"accuracy": 75.1437417072092}}, "0.6": {"time": 37.13298726081848, "reduction": 98.72481572481573, "validation": {"accuracy": 74.69778869778871}, "test": {"accuracy": 74.8562582927908}}, "0.7": {"time": 36.41466999053955, "reduction": 99.71990171990171, "validation": {"accuracy": 75.02457002457002}, "test": {"accuracy": 75.03317116320213}}, "0.8": {"time": 36.22521901130676, "reduction": 99.93857493857494, "validation": {"accuracy": 74.80343980343982}, "test": {"accuracy": 74.98894294559929}}, "0.9": {"time": 36.243626832962036, "reduction": 99.992628992629, "validation": {"accuracy": 75.21375921375922}, "test": {"accuracy": 75.23219814241486}}, "1.0": {"time": 34.98354506492615, "reduction": 99.995085995086, "validation": {"accuracy": 74.53808353808353}, "test": {"accuracy": 74.52454666076957}}}, "4": {"0.0": {"time": 56.888514041900635, "reduction": 47.11793611793612, "validation": {"accuracy": 74.82309582309583}, "test": {"accuracy": 74.67934542237947}}, "0.1": {"time": 56.63132977485657, "reduction": 47.74692874692875, "validation": {"accuracy": 74.81818181818181}, "test": {"accuracy": 74.65723131357807}}, "0.2": {"time": 54.16495704650879, "reduction": 53.06633906633906, "validation": {"accuracy": 74.91154791154791}, "test": {"accuracy": 74.67934542237947}}, "0.3": {"time": 48.3878128528595, "reduction": 65.28009828009829, "validation": {"accuracy": 74.94840294840294}, "test": {"accuracy": 74.7235736399823}}, "0.4": {"time": 42.707797050476074, "reduction": 80.97297297297297, "validation": {"accuracy": 74.21621621621621}, "test": {"accuracy": 73.83900928792569}}, "0.5": {"time": 38.59366798400879, "reduction": 93.94103194103194, "validation": {"accuracy": 74.50614250614251}, "test": {"accuracy": 73.97169394073418}}, "0.6": {"time": 35.715855836868286, "reduction": 98.71253071253071, "validation": {"accuracy": 74.73955773955774}, "test": {"accuracy": 74.281291463954}}, "0.7": {"time": 35.043490171432495, "reduction": 99.73464373464374, "validation": {"accuracy": 74.89189189189189}, "test": {"accuracy": 74.48031844316674}}, "0.8": {"time": 35.81321096420288, "reduction": 99.93857493857494, "validation": {"accuracy": 74.06388206388208}, "test": {"accuracy": 73.59575409111014}}, "0.9": {"time": 34.83527493476868, "reduction": 99.990171990172, "validation": {"accuracy": 75.19656019656018}, "test": {"accuracy": 75.21008403361344}}, "1.0": {"time": 34.84931683540344, "reduction": 99.995085995086, "validation": {"accuracy": 73.987714987715}, "test": {"accuracy": 73.46306943830163}}}, "5": {"0.0": {"time": 57.203145265579224, "reduction": 47.221130221130224, "validation": {"accuracy": 74.9041769041769}, "test": {"accuracy": 75.03317116320213}}, "0.1": {"time": 57.160547971725464, "reduction": 47.57493857493857, "validation": {"accuracy": 74.8968058968059}, "test": {"accuracy": 75.05528527200353}}, "0.2": {"time": 54.9386100769043, "reduction": 51.714987714987714, "validation": {"accuracy": 74.89189189189189}, "test": {"accuracy": 75.09951348960638}}, "0.3": {"time": 49.23826599121094, "reduction": 63.12530712530713, "validation": {"accuracy": 74.9066339066339}, "test": {"accuracy": 74.96682883679787}}, "0.4": {"time": 43.46622109413147, "reduction": 78.92383292383293, "validation": {"accuracy": 73.45208845208845}, "test": {"accuracy": 73.41884122069881}}, "0.5": {"time": 39.958746910095215, "reduction": 93.07371007371007, "validation": {"accuracy": 74.86486486486487}, "test": {"accuracy": 74.76780185758514}}, "0.6": {"time": 37.42729878425598, "reduction": 98.6068796068796, "validation": {"accuracy": 74.53562653562653}, "test": {"accuracy": 74.4139761167625}}, "0.7": {"time": 35.55421304702759, "reduction": 99.71253071253071, "validation": {"accuracy": 74.62653562653563}, "test": {"accuracy": 74.52454666076957}}, "0.8": {"time": 36.948216915130615, "reduction": 99.94594594594595, "validation": {"accuracy": 74.42751842751842}, "test": {"accuracy": 73.90535161432994}}, "0.9": {"time": 35.03878116607666, "reduction": 99.992628992629, "validation": {"accuracy": 75.21867321867322}, "test": {"accuracy": 75.16585581601062}}, "1.0": {"time": 35.088371992111206, "reduction": 99.995085995086, "validation": {"accuracy": 74.4864864864865}, "test": {"accuracy": 74.25917735515259}}}, "6": {"0.0": {"time": 58.03380227088928, "reduction": 47.65356265356265, "validation": {"accuracy": 75.14987714987716}, "test": {"accuracy": 75.09951348960638}}, "0.1": {"time": 56.636210918426514, "reduction": 48.235872235872236, "validation": {"accuracy": 75.13022113022113}, "test": {"accuracy": 75.09951348960638}}, "0.2": {"time": 53.58521008491516, "reduction": 53.34643734643735, "validation": {"accuracy": 75.1031941031941}, "test": {"accuracy": 75.03317116320213}}, "0.3": {"time": 49.17600893974304, "reduction": 64.27272727272727, "validation": {"accuracy": 74.64864864864865}, "test": {"accuracy": 74.67934542237947}}, "0.4": {"time": 42.96584892272949, "reduction": 79.93857493857493, "validation": {"accuracy": 74.64373464373463}, "test": {"accuracy": 74.48031844316674}}, "0.5": {"time": 39.07074308395386, "reduction": 93.56265356265357, "validation": {"accuracy": 74.96068796068796}, "test": {"accuracy": 74.54666076957098}}, "0.6": {"time": 35.91268467903137, "reduction": 98.71253071253071, "validation": {"accuracy": 74.4029484029484}, "test": {"accuracy": 73.94957983193278}}, "0.7": {"time": 34.94018316268921, "reduction": 99.74938574938574, "validation": {"accuracy": 74.7002457002457}, "test": {"accuracy": 74.65723131357807}}, "0.8": {"time": 35.84846019744873, "reduction": 99.94348894348894, "validation": {"accuracy": 74.77149877149877}, "test": {"accuracy": 74.5687748783724}}, "0.9": {"time": 35.39331007003784, "reduction": 99.990171990172, "validation": {"accuracy": 74.64127764127764}, "test": {"accuracy": 74.45820433436533}}, "1.0": {"time": 34.46052384376526, "reduction": 99.995085995086, "validation": {"accuracy": 69.77886977886978}, "test": {"accuracy": 69.57098628925255}}}, "7": {"0.0": {"time": 57.0428569316864, "reduction": 47.4987714987715, "validation": {"accuracy": 74.42260442260442}, "test": {"accuracy": 74.7235736399823}}, "0.1": {"time": 57.60804986953735, "reduction": 48.03439803439803, "validation": {"accuracy": 74.37592137592137}, "test": {"accuracy": 74.67934542237947}}, "0.2": {"time": 54.62146806716919, "reduction": 52.76904176904177, "validation": {"accuracy": 74.52825552825553}, "test": {"accuracy": 74.70145953118089}}, "0.3": {"time": 48.5249969959259, "reduction": 64.5945945945946, "validation": {"accuracy": 75.04668304668304}, "test": {"accuracy": 74.96682883679787}}, "0.4": {"time": 43.29320216178894, "reduction": 80.42506142506143, "validation": {"accuracy": 75.05159705159706}, "test": {"accuracy": 75.07739938080495}}, "0.5": {"time": 38.66263508796692, "reduction": 93.85503685503686, "validation": {"accuracy": 74.88697788697789}, "test": {"accuracy": 74.98894294559929}}, "0.6": {"time": 36.326850175857544, "reduction": 98.84766584766584, "validation": {"accuracy": 74.8845208845209}, "test": {"accuracy": 75.07739938080495}}, "0.7": {"time": 35.394638776779175,