{"3": {"0.0": {"time": 0.003059864044189453, "reduction": 30.645161290322577, "validation": {"accuracy": 53.87096774193548}, "test": {"accuracy": 54.285714285714285}}, "0.1": {"time": 0.0029172897338867188, "reduction": 37.74193548387097, "validation": {"accuracy": 53.87096774193548}, "test": {"accuracy": 54.285714285714285}}, "0.2": {"time": 0.002792835235595703, "reduction": 50.32258064516129, "validation": {"accuracy": 53.5483870967742}, "test": {"accuracy": 54.285714285714285}}, "0.3": {"time": 0.0026121139526367188, "reduction": 64.51612903225806, "validation": {"accuracy": 53.87096774193548}, "test": {"accuracy": 57.14285714285714}}, "0.4": {"time": 0.0024940967559814453, "reduction": 80.0, "validation": {"accuracy": 55.16129032258065}, "test": {"accuracy": 65.71428571428571}}, "0.5": {"time": 0.002357006072998047, "reduction": 92.58064516129032, "validation": {"accuracy": 55.483870967741936}, "test": {"accuracy": 65.71428571428571}}, "0.6": {"time": 0.002128124237060547, "reduction": 96.45161290322581, "validation": {"accuracy": 47.41935483870968}, "test": {"accuracy": 60.0}}, "0.7": {"time": 0.0020208358764648438, "reduction": 98.38709677419355, "validation": {"accuracy": 45.16129032258064}, "test": {"accuracy": 42.857142857142854}}, "0.8": {"time": 0.0020051002502441406, "reduction": 99.03225806451613, "validation": {"accuracy": 58.06451612903226}, "test": {"accuracy": 57.14285714285714}}, "0.9": {"time": 0.002031087875366211, "reduction": 99.03225806451613, "validation": {"accuracy": 47.096774193548384}, "test": {"accuracy": 54.285714285714285}}, "1.0": {"time": 0.0019359588623046875, "reduction": 99.35483870967742, "validation": {"accuracy": 57.41935483870968}, "test": {"accuracy": 60.0}}}, "4": {"0.0": {"time": 0.003034830093383789, "reduction": 29.354838709677423, "validation": {"accuracy": 44.193548387096776}, "test": {"accuracy": 48.57142857142857}}, "0.1": {"time": 0.003033161163330078, "reduction": 38.70967741935484, "validation": {"accuracy": 44.193548387096776}, "test": {"accuracy": 48.57142857142857}}, "0.2": {"time": 0.0028541088104248047, "reduction": 48.064516129032256, "validation": {"accuracy": 44.193548387096776}, "test": {"accuracy": 48.57142857142857}}, "0.3": {"time": 0.0026290416717529297, "reduction": 67.09677419354838, "validation": {"accuracy": 43.54838709677419}, "test": {"accuracy": 48.57142857142857}}, "0.4": {"time": 0.0023920536041259766, "reduction": 81.93548387096774, "validation": {"accuracy": 43.87096774193549}, "test": {"accuracy": 48.57142857142857}}, "0.5": {"time": 0.0022258758544921875, "reduction": 90.64516129032259, "validation": {"accuracy": 59.03225806451613}, "test": {"accuracy": 60.0}}, "0.6": {"time": 0.0021309852600097656, "reduction": 95.48387096774194, "validation": {"accuracy": 45.16129032258064}, "test": {"accuracy": 42.857142857142854}}, "0.7": {"time": 0.0020520687103271484, "reduction": 97.41935483870968, "validation": {"accuracy": 42.90322580645161}, "test": {"accuracy": 57.14285714285714}}, "0.8": {"time": 0.0019271373748779297, "reduction": 98.70967741935483, "validation": {"accuracy": 58.06451612903226}, "test": {"accuracy": 54.285714285714285}}, "0.9": {"time": 0.0018858909606933594, "reduction": 99.35483870967742, "validation": {"accuracy": 53.87096774193548}, "test": {"accuracy": 57.14285714285714}}, "1.0": {"time": 0.0019299983978271484, "reduction": 99.35483870967742, "validation": {"accuracy": 42.25806451612903}, "test": {"accuracy": 54.285714285714285}}}, "5": {"0.0": {"time": 0.003122091293334961, "reduction": 27.09677419354839, "validation": {"accuracy": 57.096774193548384}, "test": {"accuracy": 57.14285714285714}}, "0.1": {"time": 0.0029850006103515625, "reduction": 30.645161290322577, "validation": {"accuracy": 57.096774193548384}, "test": {"accuracy": 57.14285714285714}}, "0.2": {"time": 0.002927064895629883, "reduction": 40.96774193548387, "validation": {"accuracy": 53.2258064516129}, "test": {"accuracy": 57.14285714285714}}, "0.3": {"time": 0.002624034881591797, "reduction": 56.774193548387096, "validation": {"accuracy": 52.903225806451616}, "test": {"accuracy": 45.714285714285715}}, "0.4": {"time": 0.002424955368041992, "reduction": 77.41935483870968, "validation": {"accuracy": 43.87096774193549}, "test": {"accuracy": 45.714285714285715}}, "0.5": {"time": 0.0022211074829101562, "reduction": 91.61290322580645, "validation": {"accuracy": 42.90322580645161}, "test": {"accuracy": 40.0}}, "0.6": {"time": 0.002087116241455078, "reduction": 96.7741935483871, "validation": {"accuracy": 43.225806451612904}, "test": {"accuracy": 37.142857142857146}}, "0.7": {"time": 0.002012014389038086, "reduction": 98.38709677419355, "validation": {"accuracy": 58.06451612903226}, "test": {"accuracy": 54.285714285714285}}, "0.8": {"time": 0.002094745635986328, "reduction": 99.35483870967742, "validation": {"accuracy": 42.25806451612903}, "test": {"accuracy": 45.714285714285715}}, "0.9": {"time": 0.0019788742065429688, "reduction": 99.35483870967742, "validation": {"accuracy": 42.25806451612903}, "test": {"accuracy": 45.714285714285715}}, "1.0": {"time": 0.001928091049194336, "reduction": 99.35483870967742, "validation": {"accuracy": 41.935483870967744}, "test": {"accuracy": 51.42857142857142}}}, "6": {"0.0": {"time": 0.003057718276977539, "reduction": 25.080385852090036, "validation": {"accuracy": 57.556270096463024}, "test": {"accuracy": 58.82352941176471}}, "0.1": {"time": 0.003091096878051758, "reduction": 26.36655948553055, "validation": {"accuracy": 57.234726688102896}, "test": {"accuracy": 58.82352941176471}}, "0.2": {"time": 0.0028600692749023438, "reduction": 37.942122186495176, "validation": {"accuracy": 49.839228295819936}, "test": {"accuracy": 52.94117647058824}}, "0.3": {"time": 0.002691030502319336, "reduction": 56.59163987138264, "validation": {"accuracy": 51.76848874598071}, "test": {"accuracy": 52.94117647058824}}, "0.4": {"time": 0.0025000572204589844, "reduction": 72.66881028938907, "validation": {"accuracy": 53.37620578778135}, "test": {"accuracy": 41.17647058823529}}, "0.5": {"time": 0.002342700958251953, "reduction": 91.96141479099678, "validation": {"accuracy": 44.69453376205787}, "test": {"accuracy": 47.05882352941176}}, "0.6": {"time": 0.002048969268798828, "reduction": 97.7491961414791, "validation": {"accuracy": 42.765273311897104}, "test": {"accuracy": 47.05882352941176}}, "0.7": {"time": 0.0019998550415039062, "reduction": 99.03536977491962, "validation": {"accuracy": 42.443729903536976}, "test": {"accuracy": 44.11764705882353}}, "0.8": {"time": 0.0019500255584716797, "reduction": 99.35691318327974, "validation": {"accuracy": 43.08681672025724}, "test": {"accuracy": 44.11764705882353}}, "0.9": {"time": 0.001979827880859375, "reduction": 99.35691318327974, "validation": {"accuracy": 42.443729903536976}, "test": {"accuracy": 41.17647058823529}}, "1.0": {"time": 0.0019330978393554688, "reduction": 99.35691318327974, "validation": {"accuracy": 42.765273311897104}, "test": {"accuracy": 41.17647058823529}}}, "7": {"0.0": {"time": 0.0030820369720458984, "reduction": 27.974276527331188, "validation": {"accuracy": 57.556270096463024}, "test": {"accuracy": 55.88235294117647}}, "0.1": {"time": 0.003094196319580078, "reduction": 29.903536977491964, "validation": {"accuracy": 57.556270096463024}, "test": {"accuracy": 55.88235294117647}}, "0.2": {"time": 0.0029256343841552734, "reduction": 38.2636655948553, "validation": {"accuracy": 56.91318327974276}, "test": {"accuracy": 55.88235294117647}}, "0.3": {"time": 0.002731800079345703, "reduction": 54.0192926045016, "validation": {"accuracy": 52.41157556270096}, "test": {"accuracy": 55.88235294117647}}, "0.4": {"time": 0.002541780471801758, "reduction": 71.70418006430867, "validation": {"accuracy": 47.58842443729904}, "test": {"accuracy": 61.76470588235294}}, "0.5": {"time": 0.0023221969604492188, "reduction": 88.10289389067523, "validation": {"accuracy": 50.160771704180064}, "test": {"accuracy": 52.94117647058824}},