{"3": {"0.0": {"time": 0.0015151500701904297, "reduction": 57.49999999999999, "validation": {"accuracy": 65.625}, "test": {"accuracy": 55.55555555555556}}, "0.1": {"time": 0.001544952392578125, "reduction": 65.0, "validation": {"accuracy": 65.0}, "test": {"accuracy": 50.0}}, "0.2": {"time": 0.0017020702362060547, "reduction": 69.375, "validation": {"accuracy": 63.74999999999999}, "test": {"accuracy": 50.0}}, "0.3": {"time": 0.0013322830200195312, "reduction": 75.0, "validation": {"accuracy": 45.625}, "test": {"accuracy": 44.44444444444444}}, "0.4": {"time": 0.0013020038604736328, "reduction": 76.875, "validation": {"accuracy": 45.625}, "test": {"accuracy": 44.44444444444444}}, "0.5": {"time": 0.0012860298156738281, "reduction": 77.5, "validation": {"accuracy": 45.625}, "test": {"accuracy": 44.44444444444444}}, "0.6": {"time": 0.0014748573303222656, "reduction": 81.875, "validation": {"accuracy": 43.75}, "test": {"accuracy": 44.44444444444444}}, "0.7": {"time": 0.0019130706787109375, "reduction": 92.5, "validation": {"accuracy": 42.5}, "test": {"accuracy": 44.44444444444444}}, "0.8": {"time": 0.00164794921875, "reduction": 95.625, "validation": {"accuracy": 36.25}, "test": {"accuracy": 50.0}}, "0.9": {"time": 0.0015339851379394531, "reduction": 97.5, "validation": {"accuracy": 40.625}, "test": {"accuracy": 50.0}}, "1.0": {"time": 0.0011408329010009766, "reduction": 98.125, "validation": {"accuracy": 40.0}, "test": {"accuracy": 44.44444444444444}}}, "4": {"0.0": {"time": 0.001421213150024414, "reduction": 56.25, "validation": {"accuracy": 67.5}, "test": {"accuracy": 44.44444444444444}}, "0.1": {"time": 0.0013871192932128906, "reduction": 60.62499999999999, "validation": {"accuracy": 64.375}, "test": {"accuracy": 38.88888888888889}}, "0.2": {"time": 0.0014908313751220703, "reduction": 71.25, "validation": {"accuracy": 39.375}, "test": {"accuracy": 44.44444444444444}}, "0.3": {"time": 0.0017468929290771484, "reduction": 71.875, "validation": {"accuracy": 38.75}, "test": {"accuracy": 44.44444444444444}}, "0.4": {"time": 0.0015270709991455078, "reduction": 73.75, "validation": {"accuracy": 38.75}, "test": {"accuracy": 50.0}}, "0.5": {"time": 0.0013551712036132812, "reduction": 75.0, "validation": {"accuracy": 38.75}, "test": {"accuracy": 44.44444444444444}}, "0.6": {"time": 0.0012669563293457031, "reduction": 77.5, "validation": {"accuracy": 38.125}, "test": {"accuracy": 44.44444444444444}}, "0.7": {"time": 0.0011949539184570312, "reduction": 87.5, "validation": {"accuracy": 38.75}, "test": {"accuracy": 38.88888888888889}}, "0.8": {"time": 0.001355886459350586, "reduction": 93.125, "validation": {"accuracy": 33.125}, "test": {"accuracy": 44.44444444444444}}, "0.9": {"time": 0.0017452239990234375, "reduction": 96.25, "validation": {"accuracy": 39.375}, "test": {"accuracy": 44.44444444444444}}, "1.0": {"time": 0.001653909683227539, "reduction": 98.125, "validation": {"accuracy": 40.0}, "test": {"accuracy": 38.88888888888889}}}, "5": {"0.0": {"time": 0.001873016357421875, "reduction": 64.375, "validation": {"accuracy": 57.49999999999999}, "test": {"accuracy": 50.0}}, "0.1": {"time": 0.0016291141510009766, "reduction": 74.375, "validation": {"accuracy": 65.625}, "test": {"accuracy": 55.55555555555556}}, "0.2": {"time": 0.0016362667083740234, "reduction": 83.125, "validation": {"accuracy": 62.5}, "test": {"accuracy": 61.111111111111114}}, "0.3": {"time": 0.0013260841369628906, "reduction": 84.375, "validation": {"accuracy": 62.5}, "test": {"accuracy": 61.111111111111114}}, "0.4": {"time": 0.0015878677368164062, "reduction": 86.25, "validation": {"accuracy": 62.5}, "test": {"accuracy": 66.66666666666666}}, "0.5": {"time": 0.0016431808471679688, "reduction": 87.5, "validation": {"accuracy": 61.875}, "test": {"accuracy": 61.111111111111114}}, "0.6": {"time": 0.0012888908386230469, "reduction": 90.625, "validation": {"accuracy": 60.0}, "test": {"accuracy": 66.66666666666666}}, "0.7": {"time": 0.0014848709106445312, "reduction": 95.0, "validation": {"accuracy": 60.0}, "test": {"accuracy": 66.66666666666666}}, "0.8": {"time": 0.0011467933654785156, "reduction": 97.5, "validation": {"accuracy": 56.875}, "test": {"accuracy": 61.111111111111114}}, "0.9": {"time": 0.0011887550354003906, "reduction": 98.125, "validation": {"accuracy": 50.0}, "test": {"accuracy": 38.88888888888889}}, "1.0": {"time": 0.0011320114135742188, "reduction": 98.125, "validation": {"accuracy": 44.375}, "test": {"accuracy": 38.88888888888889}}}, "6": {"0.0": {"time": 0.0018157958984375, "reduction": 61.875, "validation": {"accuracy": 61.875}, "test": {"accuracy": 55.55555555555556}}, "0.1": {"time": 0.0018422603607177734, "reduction": 68.125, "validation": {"accuracy": 60.0}, "test": {"accuracy": 50.0}}, "0.2": {"time": 0.001863241195678711, "reduction": 73.125, "validation": {"accuracy": 41.875}, "test": {"accuracy": 50.0}}, "0.3": {"time": 0.0021619796752929688, "reduction": 76.25, "validation": {"accuracy": 38.75}, "test": {"accuracy": 50.0}}, "0.4": {"time": 0.001519918441772461, "reduction": 76.25, "validation": {"accuracy": 38.75}, "test": {"accuracy": 50.0}}, "0.5": {"time": 0.0013229846954345703, "reduction": 78.125, "validation": {"accuracy": 38.75}, "test": {"accuracy": 50.0}}, "0.6": {"time": 0.0013592243194580078, "reduction": 78.125, "validation": {"accuracy": 38.75}, "test": {"accuracy": 50.0}}, "0.7": {"time": 0.0014531612396240234, "reduction": 80.0, "validation": {"accuracy": 38.125}, "test": {"accuracy": 50.0}}, "0.8": {"time": 0.0011818408966064453, "reduction": 91.875, "validation": {"accuracy": 40.625}, "test": {"accuracy": 50.0}}, "0.9": {"time": 0.001220703125, "reduction": 96.25, "validation": {"accuracy": 40.0}, "test": {"accuracy": 44.44444444444444}}, "1.0": {"time": 0.0010039806365966797, "reduction": 98.125, "validation": {"accuracy": 40.0}, "test": {"accuracy": 44.44444444444444}}}, "7": {"0.0": {"time": 0.0015559196472167969, "reduction": 57.49999999999999, "validation": {"accuracy": 56.25}, "test": {"accuracy": 72.22222222222221}}, "0.1": {"time": 0.0015139579772949219, "reduction": 61.875, "validation": {"accuracy": 60.62499999999999}, "test": {"accuracy": 77.77777777777779}}, "0.2": {"time": 0.0017347335815429688, "reduction": 69.375, "validation": {"accuracy": 53.125}, "test": {"accuracy": 88.88888888888889}}, "0.3": {"time": 0.0014259815216064453, "reduction": 75.0, "validation": {"accuracy": 58.12500000000001}, "test": {"accuracy": 44.44444444444444}}, "0.4": {"time": 0.001750946044921875, "reduction": 75.625, "validation": {"accuracy": 58.12500000000001}, "test": {"accuracy": 44.44444444444444}}, "0.5": {"time": 0.0016880035400390625, "reduction": 76.875, "validation": {"accuracy": 58.12500000000001}, "test": {"accuracy": 50.0}}, "0.6": {"time": 0.001264810562133789, "reduction": 77.5, "validation": {"accuracy": 51.24999999999999}, "test": {"accuracy": 55.55555555555556}}, "0.7": {"time": 0.0013811588287353516, "reduction": 85.625, "validation": {"accuracy": 55.00000000000001}, "test": {"accuracy": 55.55555555555556}}, "0.8": {"time": 0.0011401176452636719, "reduction": 95.625, "validation": {"accuracy": 51.87500000000001}, "test": {"accuracy": 44.44444444444444}}, "0.9": {"time": 0.001299142837524414, "reduction": 96.875, "validation": {"accuracy": 41.875}, "test": {"accuracy": 50.0}}, "1.0": {"time": 0.0013701915740966797, "reduction": 98.125, "validation": {"accuracy": 39.375}, "test": {"accuracy": 38.88888888888889}}}, "8": {"0.0": {"time": 0.001741170883178711, "reduction": 65.0, "validation": {"accuracy": 64.375}, "test": {"accuracy": 72.22222222222221}}, "0.1": {"time": 0.0013689994812011719, "reduction": 71.875, "validation": {"accuracy": 66.875}, "test": {"accuracy": 72.22222222222221}}, "0.2": {"time": 0.0013430118560791016, "reduction": 74.375, "validation": {"accuracy": 66.25}, "test": {"accuracy": 72.22222222222221}}, "0.3": {"time": 0.0013871192932128906, "reduction": 80.625, "validation": {"accuracy": 63.74999999999999},