{"3": {"0.0": {"time": 0.07084226608276367, "reduction": 0.2019182231196348, "validation": {"accuracy": 38.71781928319031}, "test": {"accuracy": 37.27272727272727}}, "0.1": {"time": 0.06060504913330078, "reduction": 41.54467440686523, "validation": {"accuracy": 63.149924280666326}, "test": {"accuracy": 65.0}}, "0.2": {"time": 0.06716108322143555, "reduction": 59.111559818273605, "validation": {"accuracy": 66.73397274103988}, "test": {"accuracy": 74.0909090909091}}, "0.3": {"time": 0.055912017822265625, "reduction": 77.43563856638062, "validation": {"accuracy": 67.44068652195861}, "test": {"accuracy": 72.27272727272728}}, "0.4": {"time": 0.055793046951293945, "reduction": 91.01463907117618, "validation": {"accuracy": 68.14740030287734}, "test": {"accuracy": 70.9090909090909}}, "0.5": {"time": 0.05251598358154297, "reduction": 99.59616355376073, "validation": {"accuracy": 46.34023220595659}, "test": {"accuracy": 43.18181818181818}}, "0.6": {"time": 0.05198812484741211, "reduction": 99.59616355376073, "validation": {"accuracy": 65.87582029278143}, "test": {"accuracy": 68.18181818181817}}, "0.7": {"time": 0.05054903030395508, "reduction": 99.79808177688037, "validation": {"accuracy": 65.7243816254417}, "test": {"accuracy": 69.54545454545455}}, "0.8": {"time": 0.0497438907623291, "reduction": 99.79808177688037, "validation": {"accuracy": 68.65219586067643}, "test": {"accuracy": 70.0}}, "0.9": {"time": 0.0494379997253418, "reduction": 99.89904088844018, "validation": {"accuracy": 68.65219586067643}, "test": {"accuracy": 70.0}}, "1.0": {"time": 0.04952716827392578, "reduction": 99.89904088844018, "validation": {"accuracy": 68.65219586067643}, "test": {"accuracy": 70.0}}}, "4": {"0.0": {"time": 0.06727290153503418, "reduction": 0.0, "validation": {"accuracy": 69.51034830893488}, "test": {"accuracy": 65.9090909090909}}, "0.1": {"time": 0.06464004516601562, "reduction": 47.248864209994956, "validation": {"accuracy": 63.70519939424533}, "test": {"accuracy": 55.45454545454545}}, "0.2": {"time": 0.05771183967590332, "reduction": 68.50075719333671, "validation": {"accuracy": 69.81322564361435}, "test": {"accuracy": 67.27272727272727}}, "0.3": {"time": 0.05820298194885254, "reduction": 79.25290257445734, "validation": {"accuracy": 69.81322564361435}, "test": {"accuracy": 67.27272727272727}}, "0.4": {"time": 0.05394887924194336, "reduction": 93.28621908127208, "validation": {"accuracy": 63.25088339222616}, "test": {"accuracy": 55.45454545454545}}, "0.5": {"time": 0.05886387825012207, "reduction": 99.59616355376073, "validation": {"accuracy": 63.80615850580514}, "test": {"accuracy": 55.90909090909091}}, "0.6": {"time": 0.052324771881103516, "reduction": 99.59616355376073, "validation": {"accuracy": 67.9454820797577}, "test": {"accuracy": 62.272727272727266}}, "0.7": {"time": 0.05502891540527344, "reduction": 99.79808177688037, "validation": {"accuracy": 68.19787985865725}, "test": {"accuracy": 61.81818181818181}}, "0.8": {"time": 0.05136728286743164, "reduction": 99.79808177688037, "validation": {"accuracy": 68.90459363957598}, "test": {"accuracy": 65.45454545454545}}, "0.9": {"time": 0.050566911697387695, "reduction": 99.89904088844018, "validation": {"accuracy": 67.9454820797577}, "test": {"accuracy": 62.272727272727266}}, "1.0": {"time": 0.04833197593688965, "reduction": 99.89904088844018, "validation": {"accuracy": 67.9454820797577}, "test": {"accuracy": 62.272727272727266}}}, "5": {"0.0": {"time": 0.07184410095214844, "reduction": 0.5552751135790013, "validation": {"accuracy": 70.26754164563351}, "test": {"accuracy": 72.27272727272728}}, "0.1": {"time": 0.06025981903076172, "reduction": 41.4437152953054, "validation": {"accuracy": 64.41191317516406}, "test": {"accuracy": 67.27272727272727}}, "0.2": {"time": 0.05699729919433594, "reduction": 59.41443715295305, "validation": {"accuracy": 66.58253407370015}, "test": {"accuracy": 68.18181818181817}}, "0.3": {"time": 0.056636810302734375, "reduction": 77.53659767794043, "validation": {"accuracy": 69.05603230691571}, "test": {"accuracy": 70.9090909090909}}, "0.4": {"time": 0.05274319648742676, "reduction": 94.19485108531045, "validation": {"accuracy": 45.73447753659768}, "test": {"accuracy": 51.36363636363637}}, "0.5": {"time": 0.053623199462890625, "reduction": 99.59616355376073, "validation": {"accuracy": 45.78495709237759}, "test": {"accuracy": 51.81818181818182}}, "0.6": {"time": 0.052748918533325195, "reduction": 99.59616355376073, "validation": {"accuracy": 45.78495709237759}, "test": {"accuracy": 51.81818181818182}}, "0.7": {"time": 0.05122113227844238, "reduction": 99.79808177688037, "validation": {"accuracy": 68.39979808177688}, "test": {"accuracy": 67.27272727272727}}, "0.8": {"time": 0.050228118896484375, "reduction": 99.84856133266027, "validation": {"accuracy": 60.7269056032307}, "test": {"accuracy": 65.0}}, "0.9": {"time": 0.05324196815490723, "reduction": 99.89904088844018, "validation": {"accuracy": 68.19787985865725}, "test": {"accuracy": 66.36363636363637}}, "1.0": {"time": 0.049124717712402344, "reduction": 99.89904088844018, "validation": {"accuracy": 68.19787985865725}, "test": {"accuracy": 66.36363636363637}}}, "6": {"0.0": {"time": 0.06943416595458984, "reduction": 0.1009591115598174, "validation": {"accuracy": 59.51539626451287}, "test": {"accuracy": 59.54545454545455}}, "0.1": {"time": 0.06606411933898926, "reduction": 43.41241797072186, "validation": {"accuracy": 64.76527006562343}, "test": {"accuracy": 61.81818181818181}}, "0.2": {"time": 0.0637810230255127, "reduction": 53.50832912670369, "validation": {"accuracy": 49.11660777385159}, "test": {"accuracy": 49.54545454545455}}, "0.3": {"time": 0.056292057037353516, "reduction": 81.32256436143362, "validation": {"accuracy": 68.65219586067643}, "test": {"accuracy": 68.18181818181817}}, "0.4": {"time": 0.05379080772399902, "reduction": 91.56991418475518, "validation": {"accuracy": 64.26047450782433}, "test": {"accuracy": 62.272727272727266}}, "0.5": {"time": 0.05600309371948242, "reduction": 99.59616355376073, "validation": {"accuracy": 63.25088339222616}, "test": {"accuracy": 62.272727272727266}}, "0.6": {"time": 0.05473184585571289, "reduction": 99.59616355376073, "validation": {"accuracy": 67.8950025239778}, "test": {"accuracy": 64.54545454545455}}, "0.7": {"time": 0.0573878288269043, "reduction": 99.69712266532055, "validation": {"accuracy": 68.19787985865725}, "test": {"accuracy": 67.72727272727272}}, "0.8": {"time": 0.05239295959472656, "reduction": 99.79808177688037, "validation": {"accuracy": 65.7748611812216}, "test": {"accuracy": 64.54545454545455}}, "0.9": {"time": 0.051267147064208984, "reduction": 99.89904088844018, "validation": {"accuracy": 65.7748611812216}, "test": {"accuracy": 64.54545454545455}}, "1.0": {"time": 0.05067300796508789, "reduction": 99.89904088844018, "validation": {"accuracy": 65.7748611812216}, "test": {"accuracy": 64.54545454545455}}}, "7": {"0.0": {"time": 0.07144999504089355, "reduction": 0.2019182231196348, "validation": {"accuracy": 66.98637051993941}, "test": {"accuracy": 68.18181818181817}}, "0.1": {"time": 0.06185317039489746, "reduction": 42.35234729934376, "validation": {"accuracy": 64.00807672892479}, "test": {"accuracy": 66.36363636363637}}, "0.2": {"time": 0.05812716484069824, "reduction": 59.41443715295305, "validation": {"accuracy": 69.05603230691571}, "test": {"accuracy": 70.0}}, "0.3": {"time": 0.06602001190185547, "reduction": 78.74810701665825, "validation": {"accuracy": 67.8950025239778}, "test": {"accuracy": 67.72727272727272}}, "0.4": {"time": 0.05768132209777832, "reduction": 92.47854618879354, "validation": {"accuracy": 61.43361938414942}, "test": {"accuracy": 68.18181818181817}}, "0.5": {"time": 0.053550004959106445, "reduction": 99.59616355376073, "validation": {"accuracy": 61.43361938414942}, "test": {"accuracy": 68.18181818181817}}, "0.6": {"time": 0.05628609657287598, "reduction": 99.59616355376073, "validation": {"accuracy": 68.34931852599698},