{"3": {"0.0": {"time": 0.06290483474731445, "reduction": 21.056289089645585, "validation": {"accuracy": 42.46004169562196}, "test": {"accuracy": 40.0}}, "0.1": {"time": 0.05989408493041992, "reduction": 26.129256428075053, "validation": {"accuracy": 42.46004169562196}, "test": {"accuracy": 40.0}}, "0.2": {"time": 0.05259299278259277, "reduction": 37.31758165392633, "validation": {"accuracy": 42.18207088255733}, "test": {"accuracy": 41.25}}, "0.3": {"time": 0.04767584800720215, "reduction": 51.702571230020844, "validation": {"accuracy": 42.11257817929118}, "test": {"accuracy": 43.125}}, "0.4": {"time": 0.04677700996398926, "reduction": 62.75191104933982, "validation": {"accuracy": 39.61084086170953}, "test": {"accuracy": 39.375}}, "0.5": {"time": 0.04235506057739258, "reduction": 70.25712300208478, "validation": {"accuracy": 39.054899235580265}, "test": {"accuracy": 38.75}}, "0.6": {"time": 0.04149889945983887, "reduction": 76.65045170257123, "validation": {"accuracy": 37.178596247394026}, "test": {"accuracy": 39.375}}, "0.7": {"time": 0.039103031158447266, "reduction": 83.32175121612231, "validation": {"accuracy": 36.414176511466295}, "test": {"accuracy": 39.375}}, "0.8": {"time": 0.03848075866699219, "reduction": 90.41000694927033, "validation": {"accuracy": 37.80403057678944}, "test": {"accuracy": 37.5}}, "0.9": {"time": 0.04073524475097656, "reduction": 97.49826268241834, "validation": {"accuracy": 38.429464906184855}, "test": {"accuracy": 40.0}}, "1.0": {"time": 0.03655600547790527, "reduction": 99.58304378040306, "validation": {"accuracy": 34.954829742876996}, "test": {"accuracy": 36.25}}}, "4": {"0.0": {"time": 0.06503009796142578, "reduction": 20.15288394718554, "validation": {"accuracy": 39.888811674774146}, "test": {"accuracy": 41.25}}, "0.1": {"time": 0.06060314178466797, "reduction": 24.947880472550377, "validation": {"accuracy": 39.40236275191105}, "test": {"accuracy": 41.25}}, "0.2": {"time": 0.05353093147277832, "reduction": 35.64975677553856, "validation": {"accuracy": 39.33287004864489}, "test": {"accuracy": 41.25}}, "0.3": {"time": 0.07197213172912598, "reduction": 50.243224461431545, "validation": {"accuracy": 40.097289784572624}, "test": {"accuracy": 40.625}}, "0.4": {"time": 0.053550004959106445, "reduction": 61.43154968728284, "validation": {"accuracy": 39.819318971508}, "test": {"accuracy": 40.0}}, "0.5": {"time": 0.04422783851623535, "reduction": 69.63168867268936, "validation": {"accuracy": 39.888811674774146}, "test": {"accuracy": 40.0}}, "0.6": {"time": 0.0646200180053711, "reduction": 78.04030576789437, "validation": {"accuracy": 39.819318971508}, "test": {"accuracy": 40.0}}, "0.7": {"time": 0.051137685775756836, "reduction": 83.87769284225156, "validation": {"accuracy": 39.74982626824183}, "test": {"accuracy": 40.0}}, "0.8": {"time": 0.04579496383666992, "reduction": 91.93884642112579, "validation": {"accuracy": 39.888811674774146}, "test": {"accuracy": 40.0}}, "0.9": {"time": 0.05163908004760742, "reduction": 97.91521890201528, "validation": {"accuracy": 34.746351633078525}, "test": {"accuracy": 34.375}}, "1.0": {"time": 0.04899406433105469, "reduction": 99.58304378040306, "validation": {"accuracy": 38.498957609451004}, "test": {"accuracy": 41.25}}}, "5": {"0.0": {"time": 0.07291793823242188, "reduction": 21.056289089645585, "validation": {"accuracy": 38.56845031271717}, "test": {"accuracy": 40.0}}, "0.1": {"time": 0.05900096893310547, "reduction": 24.252953439888813, "validation": {"accuracy": 38.56845031271717}, "test": {"accuracy": 39.375}}, "0.2": {"time": 0.08794093132019043, "reduction": 34.60736622654621, "validation": {"accuracy": 39.680333564975676}, "test": {"accuracy": 39.375}}, "0.3": {"time": 0.05988883972167969, "reduction": 47.53300903405142, "validation": {"accuracy": 39.74982626824183}, "test": {"accuracy": 40.0}}, "0.4": {"time": 0.05671191215515137, "reduction": 58.443363446838084, "validation": {"accuracy": 39.819318971508}, "test": {"accuracy": 40.0}}, "0.5": {"time": 0.06886100769042969, "reduction": 67.19944405837387, "validation": {"accuracy": 39.819318971508}, "test": {"accuracy": 40.0}}, "0.6": {"time": 0.04778790473937988, "reduction": 76.5114662960389, "validation": {"accuracy": 39.819318971508}, "test": {"accuracy": 40.0}}, "0.7": {"time": 0.04162001609802246, "reduction": 83.18276580958998, "validation": {"accuracy": 39.819318971508}, "test": {"accuracy": 40.0}}, "0.8": {"time": 0.03990888595581055, "reduction": 89.78457261987491, "validation": {"accuracy": 39.888811674774146}, "test": {"accuracy": 40.0}}, "0.9": {"time": 0.0392611026763916, "reduction": 96.5948575399583, "validation": {"accuracy": 39.888811674774146}, "test": {"accuracy": 40.0}}, "1.0": {"time": 0.046449899673461914, "reduction": 99.58304378040306, "validation": {"accuracy": 37.595552466990966}, "test": {"accuracy": 35.0}}}, "6": {"0.0": {"time": 0.06679201126098633, "reduction": 20.847810979847115, "validation": {"accuracy": 39.54134815844336}, "test": {"accuracy": 36.875}}, "0.1": {"time": 0.05719399452209473, "reduction": 25.295343988881168, "validation": {"accuracy": 39.54134815844336}, "test": {"accuracy": 37.5}}, "0.2": {"time": 0.05099606513977051, "reduction": 37.387074357192496, "validation": {"accuracy": 40.23627519110494}, "test": {"accuracy": 38.125}}, "0.3": {"time": 0.04960370063781738, "reduction": 50.382209867963866, "validation": {"accuracy": 39.471855455177206}, "test": {"accuracy": 41.875}}, "0.4": {"time": 0.044209957122802734, "reduction": 62.75191104933982, "validation": {"accuracy": 39.74982626824183}, "test": {"accuracy": 40.625}}, "0.5": {"time": 0.04115796089172363, "reduction": 70.53509381514941, "validation": {"accuracy": 39.54134815844336}, "test": {"accuracy": 41.25}}, "0.6": {"time": 0.04243302345275879, "reduction": 78.10979847116053, "validation": {"accuracy": 39.819318971508}, "test": {"accuracy": 40.0}}, "0.7": {"time": 0.038562774658203125, "reduction": 83.8082001389854, "validation": {"accuracy": 39.680333564975676}, "test": {"accuracy": 39.375}}, "0.8": {"time": 0.036971092224121094, "reduction": 93.81514940931203, "validation": {"accuracy": 39.680333564975676}, "test": {"accuracy": 40.0}}, "0.9": {"time": 0.03731513023376465, "reduction": 98.47116052814454, "validation": {"accuracy": 39.888811674774146}, "test": {"accuracy": 40.0}}, "1.0": {"time": 0.038316965103149414, "reduction": 99.58304378040306, "validation": {"accuracy": 32.661570535093816}, "test": {"accuracy": 24.375}}}, "7": {"0.0": {"time": 0.05741000175476074, "reduction": 20.36136205698401, "validation": {"accuracy": 38.56845031271717}, "test": {"accuracy": 37.5}}, "0.1": {"time": 0.05649399757385254, "reduction": 25.36483669214733, "validation": {"accuracy": 38.429464906184855}, "test": {"accuracy": 37.5}}, "0.2": {"time": 0.05591917037963867, "reduction": 38.429464906184855, "validation": {"accuracy": 39.19388464211258}, "test": {"accuracy": 36.875}}, "0.3": {"time": 0.04902791976928711, "reduction": 52.119527449617784, "validation": {"accuracy": 39.40236275191105}, "test": {"accuracy": 38.125}}, "0.4": {"time": 0.04281210899353027, "reduction": 64.62821403752605, "validation": {"accuracy": 39.74982626824183}, "test": {"accuracy": 39.375}}, "0.5": {"time": 0.04067397117614746, "reduction": 71.8554551772064, "validation": {"accuracy": 39.680333564975676}, "test": {"accuracy": 39.375}}, "0.6": {"time": 0.03967404365539551, "reduction": 79.01320361362056, "validation": {"accuracy": 39.680333564975676}, "test": {"accuracy": 38.125}}, "0.7": {"time": 0.039010047912597656, "reduction": 84.01667824878388, "validation": {"accuracy": 39.74982626824183}, "test": {"accuracy": 39.375}}, "0.8": {"time": 0.03747987747192383, "reduction": 90.27102154273801, "validation": {"accuracy": 39.471855455177206}, "test": {"accuracy": 40.0}}, "0.9": {"time": 0.03716611862182617, "reduction": 98.12369701181376, "validation": {"accuracy": 38.77692842251564}, "test": {"accuracy": 40.0}}, "1.0": {"time": 0.03683209419250488,