{"3": {"0.0": {"time": 0.00694584846496582, "reduction": 1.6014234875444844, "validation": {"accuracy": 22.597864768683273}, "test": {"accuracy": 22.22222222222222}}, "0.1": {"time": 0.007585048675537109, "reduction": 22.064056939501775, "validation": {"accuracy": 22.419928825622776}, "test": {"accuracy": 23.809523809523807}}, "0.2": {"time": 0.006369113922119141, "reduction": 27.935943060498225, "validation": {"accuracy": 22.597864768683273}, "test": {"accuracy": 26.984126984126984}}, "0.3": {"time": 0.005743980407714844, "reduction": 35.053380782918154, "validation": {"accuracy": 22.597864768683273}, "test": {"accuracy": 26.984126984126984}}, "0.4": {"time": 0.005696773529052734, "reduction": 35.58718861209964, "validation": {"accuracy": 22.597864768683273}, "test": {"accuracy": 26.984126984126984}}, "0.5": {"time": 0.005680084228515625, "reduction": 56.939501779359425, "validation": {"accuracy": 33.096085409252666}, "test": {"accuracy": 38.095238095238095}}, "0.6": {"time": 0.0055658817291259766, "reduction": 69.03914590747331, "validation": {"accuracy": 41.45907473309609}, "test": {"accuracy": 41.269841269841265}}, "0.7": {"time": 0.00581812858581543, "reduction": 86.83274021352312, "validation": {"accuracy": 41.99288256227758}, "test": {"accuracy": 41.269841269841265}}, "0.8": {"time": 0.004533052444458008, "reduction": 98.93238434163702, "validation": {"accuracy": 46.08540925266904}, "test": {"accuracy": 46.03174603174603}}, "0.9": {"time": 0.004808902740478516, "reduction": 99.4661921708185, "validation": {"accuracy": 46.08540925266904}, "test": {"accuracy": 46.03174603174603}}, "1.0": {"time": 0.004945993423461914, "reduction": 99.4661921708185, "validation": {"accuracy": 46.08540925266904}, "test": {"accuracy": 46.03174603174603}}}, "4": {"0.0": {"time": 0.0069408416748046875, "reduction": 1.7793594306049876, "validation": {"accuracy": 18.683274021352315}, "test": {"accuracy": 31.746031746031743}}, "0.1": {"time": 0.006975889205932617, "reduction": 23.843416370106763, "validation": {"accuracy": 18.683274021352315}, "test": {"accuracy": 33.33333333333333}}, "0.2": {"time": 0.006363868713378906, "reduction": 29.715302491103202, "validation": {"accuracy": 19.03914590747331}, "test": {"accuracy": 34.92063492063492}}, "0.3": {"time": 0.005619049072265625, "reduction": 49.4661921708185, "validation": {"accuracy": 29.8932384341637}, "test": {"accuracy": 34.92063492063492}}, "0.4": {"time": 0.00575709342956543, "reduction": 50.533807829181484, "validation": {"accuracy": 30.071174377224196}, "test": {"accuracy": 31.746031746031743}}, "0.5": {"time": 0.005841970443725586, "reduction": 59.07473309608541, "validation": {"accuracy": 29.8932384341637}, "test": {"accuracy": 33.33333333333333}}, "0.6": {"time": 0.005009889602661133, "reduction": 70.64056939501779, "validation": {"accuracy": 29.8932384341637}, "test": {"accuracy": 33.33333333333333}}, "0.7": {"time": 0.0049591064453125, "reduction": 70.8185053380783, "validation": {"accuracy": 29.8932384341637}, "test": {"accuracy": 33.33333333333333}}, "0.8": {"time": 0.0050847530364990234, "reduction": 83.80782918149467, "validation": {"accuracy": 33.629893238434164}, "test": {"accuracy": 42.857142857142854}}, "0.9": {"time": 0.004560947418212891, "reduction": 84.34163701067617, "validation": {"accuracy": 45.90747330960854}, "test": {"accuracy": 49.2063492063492}}, "1.0": {"time": 0.004907131195068359, "reduction": 99.4661921708185, "validation": {"accuracy": 46.08540925266904}, "test": {"accuracy": 46.03174603174603}}}, "5": {"0.0": {"time": 0.006913900375366211, "reduction": 1.9572953736654797, "validation": {"accuracy": 10.498220640569395}, "test": {"accuracy": 25.396825396825395}}, "0.1": {"time": 0.006817817687988281, "reduction": 23.843416370106763, "validation": {"accuracy": 10.498220640569395}, "test": {"accuracy": 26.984126984126984}}, "0.2": {"time": 0.006200075149536133, "reduction": 30.2491103202847, "validation": {"accuracy": 10.498220640569395}, "test": {"accuracy": 28.57142857142857}}, "0.3": {"time": 0.005881786346435547, "reduction": 49.28825622775801, "validation": {"accuracy": 20.462633451957295}, "test": {"accuracy": 38.095238095238095}}, "0.4": {"time": 0.0064449310302734375, "reduction": 50.88967971530249, "validation": {"accuracy": 29.00355871886121}, "test": {"accuracy": 38.095238095238095}}, "0.5": {"time": 0.005965232849121094, "reduction": 68.86120996441281, "validation": {"accuracy": 19.217081850533805}, "test": {"accuracy": 26.984126984126984}}, "0.6": {"time": 0.004981040954589844, "reduction": 69.9288256227758, "validation": {"accuracy": 29.181494661921707}, "test": {"accuracy": 36.507936507936506}}, "0.7": {"time": 0.005057096481323242, "reduction": 70.10676156583631, "validation": {"accuracy": 29.181494661921707}, "test": {"accuracy": 36.507936507936506}}, "0.8": {"time": 0.005151987075805664, "reduction": 82.56227758007117, "validation": {"accuracy": 33.096085409252666}, "test": {"accuracy": 41.269841269841265}}, "0.9": {"time": 0.004785060882568359, "reduction": 99.11032028469751, "validation": {"accuracy": 32.38434163701068}, "test": {"accuracy": 34.92063492063492}}, "1.0": {"time": 0.004755973815917969, "reduction": 99.4661921708185, "validation": {"accuracy": 46.08540925266904}, "test": {"accuracy": 46.03174603174603}}}, "6": {"0.0": {"time": 0.006597995758056641, "reduction": 1.243339253996445, "validation": {"accuracy": 11.012433392539965}, "test": {"accuracy": 16.129032258064516}}, "0.1": {"time": 0.0067539215087890625, "reduction": 23.97868561278863, "validation": {"accuracy": 11.012433392539965}, "test": {"accuracy": 16.129032258064516}}, "0.2": {"time": 0.006257295608520508, "reduction": 42.80639431616341, "validation": {"accuracy": 21.49200710479574}, "test": {"accuracy": 30.64516129032258}}, "0.3": {"time": 0.006300210952758789, "reduction": 50.08880994671403, "validation": {"accuracy": 21.49200710479574}, "test": {"accuracy": 30.64516129032258}}, "0.4": {"time": 0.006591796875, "reduction": 52.39786856127886, "validation": {"accuracy": 30.017761989342805}, "test": {"accuracy": 30.64516129032258}}, "0.5": {"time": 0.006036043167114258, "reduction": 70.51509769094139, "validation": {"accuracy": 29.84014209591474}, "test": {"accuracy": 29.03225806451613}}, "0.6": {"time": 0.004895925521850586, "reduction": 70.87033747779752, "validation": {"accuracy": 29.84014209591474}, "test": {"accuracy": 27.419354838709676}}, "0.7": {"time": 0.005764961242675781, "reduction": 71.04795737122558, "validation": {"accuracy": 29.84014209591474}, "test": {"accuracy": 27.419354838709676}}, "0.8": {"time": 0.006484031677246094, "reduction": 83.30373001776199, "validation": {"accuracy": 23.80106571936057}, "test": {"accuracy": 22.58064516129032}}, "0.9": {"time": 0.004488229751586914, "reduction": 99.28952042628775, "validation": {"accuracy": 58.43694493783303}, "test": {"accuracy": 59.67741935483871}}, "1.0": {"time": 0.004987955093383789, "reduction": 99.46714031971581, "validation": {"accuracy": 46.53641207815276}, "test": {"accuracy": 43.54838709677419}}}, "7": {"0.0": {"time": 0.006710052490234375, "reduction": 1.9538188277087087, "validation": {"accuracy": 10.657193605683837}, "test": {"accuracy": 19.35483870967742}}, "0.1": {"time": 0.006994962692260742, "reduction": 24.51154529307282, "validation": {"accuracy": 10.657193605683837}, "test": {"accuracy": 22.58064516129032}}, "0.2": {"time": 0.006738185882568359, "reduction": 30.550621669627, "validation": {"accuracy": 11.012433392539965}, "test": {"accuracy": 25.806451612903224}}, "0.3": {"time": 0.0063130855560302734, "reduction": 50.44404973357016, "validation": {"accuracy": 21.314387211367674}, "test": {"accuracy": 32.25806451612903}}, "0.4": {"time": 0.006078004837036133, "reduction": 50.97690941385436, "validation": {"accuracy": 21.136767317939608}, "test": {"accuracy": 27.419354838709676}}, "0.5": {"time": 0.005590915679931641, "reduction": 69.80461811722914, "validation": {"accuracy": 18.650088809946713},