{"3": {"0.0": {"time": 0.0015747547149658203, "reduction": 60.62499999999999, "validation": {"accuracy": 55.625}, "test": {"accuracy": 77.77777777777779}}, "0.1": {"time": 0.0016841888427734375, "reduction": 67.5, "validation": {"accuracy": 61.875}, "test": {"accuracy": 77.77777777777779}}, "0.2": {"time": 0.0016329288482666016, "reduction": 73.75, "validation": {"accuracy": 60.0}, "test": {"accuracy": 38.88888888888889}}, "0.3": {"time": 0.001489877700805664, "reduction": 75.0, "validation": {"accuracy": 60.0}, "test": {"accuracy": 38.88888888888889}}, "0.4": {"time": 0.0014719963073730469, "reduction": 75.625, "validation": {"accuracy": 60.0}, "test": {"accuracy": 38.88888888888889}}, "0.5": {"time": 0.0014500617980957031, "reduction": 76.875, "validation": {"accuracy": 60.0}, "test": {"accuracy": 38.88888888888889}}, "0.6": {"time": 0.0014307498931884766, "reduction": 78.125, "validation": {"accuracy": 60.0}, "test": {"accuracy": 38.88888888888889}}, "0.7": {"time": 0.001360177993774414, "reduction": 85.0, "validation": {"accuracy": 61.25000000000001}, "test": {"accuracy": 38.88888888888889}}, "0.8": {"time": 0.0012791156768798828, "reduction": 96.25, "validation": {"accuracy": 58.75}, "test": {"accuracy": 50.0}}, "0.9": {"time": 0.0012030601501464844, "reduction": 96.875, "validation": {"accuracy": 45.625}, "test": {"accuracy": 38.88888888888889}}, "1.0": {"time": 0.0011229515075683594, "reduction": 98.125, "validation": {"accuracy": 43.75}, "test": {"accuracy": 38.88888888888889}}}, "4": {"0.0": {"time": 0.0016162395477294922, "reduction": 60.0, "validation": {"accuracy": 65.0}, "test": {"accuracy": 50.0}}, "0.1": {"time": 0.0015578269958496094, "reduction": 66.875, "validation": {"accuracy": 58.12500000000001}, "test": {"accuracy": 50.0}}, "0.2": {"time": 0.0014948844909667969, "reduction": 71.25, "validation": {"accuracy": 61.25000000000001}, "test": {"accuracy": 44.44444444444444}}, "0.3": {"time": 0.0014700889587402344, "reduction": 74.375, "validation": {"accuracy": 45.0}, "test": {"accuracy": 44.44444444444444}}, "0.4": {"time": 0.0014569759368896484, "reduction": 75.625, "validation": {"accuracy": 43.75}, "test": {"accuracy": 44.44444444444444}}, "0.5": {"time": 0.0014410018920898438, "reduction": 76.25, "validation": {"accuracy": 43.75}, "test": {"accuracy": 44.44444444444444}}, "0.6": {"time": 0.0013930797576904297, "reduction": 78.125, "validation": {"accuracy": 43.75}, "test": {"accuracy": 44.44444444444444}}, "0.7": {"time": 0.001316070556640625, "reduction": 89.375, "validation": {"accuracy": 39.375}, "test": {"accuracy": 38.88888888888889}}, "0.8": {"time": 0.0012767314910888672, "reduction": 95.625, "validation": {"accuracy": 40.0}, "test": {"accuracy": 44.44444444444444}}, "0.9": {"time": 0.0012629032135009766, "reduction": 97.5, "validation": {"accuracy": 40.0}, "test": {"accuracy": 38.88888888888889}}, "1.0": {"time": 0.001107931137084961, "reduction": 98.125, "validation": {"accuracy": 40.0}, "test": {"accuracy": 38.88888888888889}}}, "5": {"0.0": {"time": 0.001566171646118164, "reduction": 60.0, "validation": {"accuracy": 56.875}, "test": {"accuracy": 61.111111111111114}}, "0.1": {"time": 0.001531839370727539, "reduction": 69.375, "validation": {"accuracy": 50.625}, "test": {"accuracy": 50.0}}, "0.2": {"time": 0.0015358924865722656, "reduction": 71.875, "validation": {"accuracy": 60.62499999999999}, "test": {"accuracy": 38.88888888888889}}, "0.3": {"time": 0.0015189647674560547, "reduction": 73.125, "validation": {"accuracy": 53.75}, "test": {"accuracy": 38.88888888888889}}, "0.4": {"time": 0.0014600753784179688, "reduction": 74.375, "validation": {"accuracy": 53.75}, "test": {"accuracy": 38.88888888888889}}, "0.5": {"time": 0.0014526844024658203, "reduction": 75.0, "validation": {"accuracy": 53.75}, "test": {"accuracy": 38.88888888888889}}, "0.6": {"time": 0.0014128684997558594, "reduction": 75.625, "validation": {"accuracy": 53.75}, "test": {"accuracy": 38.88888888888889}}, "0.7": {"time": 0.001461029052734375, "reduction": 84.375, "validation": {"accuracy": 55.00000000000001}, "test": {"accuracy": 50.0}}, "0.8": {"time": 0.0012891292572021484, "reduction": 88.75, "validation": {"accuracy": 48.125}, "test": {"accuracy": 50.0}}, "0.9": {"time": 0.0011980533599853516, "reduction": 96.25, "validation": {"accuracy": 45.0}, "test": {"accuracy": 44.44444444444444}}, "1.0": {"time": 0.0011699199676513672, "reduction": 98.125, "validation": {"accuracy": 41.875}, "test": {"accuracy": 44.44444444444444}}}, "6": {"0.0": {"time": 0.001583099365234375, "reduction": 63.74999999999999, "validation": {"accuracy": 67.5}, "test": {"accuracy": 66.66666666666666}}, "0.1": {"time": 0.0015799999237060547, "reduction": 67.5, "validation": {"accuracy": 68.75}, "test": {"accuracy": 55.55555555555556}}, "0.2": {"time": 0.0015039443969726562, "reduction": 71.875, "validation": {"accuracy": 63.74999999999999}, "test": {"accuracy": 77.77777777777779}}, "0.3": {"time": 0.0014650821685791016, "reduction": 76.875, "validation": {"accuracy": 51.24999999999999}, "test": {"accuracy": 44.44444444444444}}, "0.4": {"time": 0.0017170906066894531, "reduction": 78.125, "validation": {"accuracy": 51.24999999999999}, "test": {"accuracy": 44.44444444444444}}, "0.5": {"time": 0.0014929771423339844, "reduction": 78.75, "validation": {"accuracy": 51.24999999999999}, "test": {"accuracy": 44.44444444444444}}, "0.6": {"time": 0.0013990402221679688, "reduction": 82.5, "validation": {"accuracy": 50.0}, "test": {"accuracy": 50.0}}, "0.7": {"time": 0.0013401508331298828, "reduction": 88.125, "validation": {"accuracy": 43.125}, "test": {"accuracy": 55.55555555555556}}, "0.8": {"time": 0.0013670921325683594, "reduction": 96.25, "validation": {"accuracy": 47.5}, "test": {"accuracy": 55.55555555555556}}, "0.9": {"time": 0.001188039779663086, "reduction": 95.625, "validation": {"accuracy": 38.75}, "test": {"accuracy": 50.0}}, "1.0": {"time": 0.001178741455078125, "reduction": 98.125, "validation": {"accuracy": 36.25}, "test": {"accuracy": 44.44444444444444}}}, "7": {"0.0": {"time": 0.0015490055084228516, "reduction": 60.62499999999999, "validation": {"accuracy": 66.875}, "test": {"accuracy": 55.55555555555556}}, "0.1": {"time": 0.0015072822570800781, "reduction": 68.75, "validation": {"accuracy": 67.5}, "test": {"accuracy": 50.0}}, "0.2": {"time": 0.0014791488647460938, "reduction": 75.0, "validation": {"accuracy": 65.0}, "test": {"accuracy": 44.44444444444444}}, "0.3": {"time": 0.0014739036560058594, "reduction": 75.625, "validation": {"accuracy": 63.74999999999999}, "test": {"accuracy": 50.0}}, "0.4": {"time": 0.0014519691467285156, "reduction": 76.875, "validation": {"accuracy": 63.74999999999999}, "test": {"accuracy": 50.0}}, "0.5": {"time": 0.0014190673828125, "reduction": 77.5, "validation": {"accuracy": 63.125}, "test": {"accuracy": 44.44444444444444}}, "0.6": {"time": 0.0014030933380126953, "reduction": 80.0, "validation": {"accuracy": 65.0}, "test": {"accuracy": 38.88888888888889}}, "0.7": {"time": 0.001373291015625, "reduction": 86.25, "validation": {"accuracy": 63.125}, "test": {"accuracy": 44.44444444444444}}, "0.8": {"time": 0.0014748573303222656, "reduction": 95.0, "validation": {"accuracy": 58.75}, "test": {"accuracy": 50.0}}, "0.9": {"time": 0.001302957534790039, "reduction": 97.5, "validation": {"accuracy": 53.75}, "test": {"accuracy": 50.0}}, "1.0": {"time": 0.001107931137084961, "reduction": 98.125, "validation": {"accuracy": 40.0}, "test": {"accuracy": 38.88888888888889}}}, "8": {"0.0": {"time": 0.0015659332275390625, "reduction": 60.62499999999999, "validation": {"accuracy": 55.625}, "test": {"accuracy": 55.55555555555556}}, "0.1": {"time": 0.0016028881072998047, "reduction": 69.375, "validation": {"accuracy": 45.0}, "test": {"accuracy": 61.111111111111114}}, "0.2": {"time": 0.0015132427215576172, "reduction": 75.625, "validation": {"accuracy": 41.25}, "test": {"accuracy": 38.88888888888889}}, "0.3": {"time": 0.0014829635620117188, "reduction": 76.875,