{"3": {"0.0": {"time": 0.010864019393920898, "reduction": 64.19753086419753, "validation": {"accuracy": 10.185185185185185}, "test": {"accuracy": 8.333333333333332}}, "0.1": {"time": 0.01164102554321289, "reduction": 64.19753086419753, "validation": {"accuracy": 10.185185185185185}, "test": {"accuracy": 8.333333333333332}}, "0.2": {"time": 0.009387016296386719, "reduction": 68.82716049382715, "validation": {"accuracy": 10.185185185185185}, "test": {"accuracy": 8.333333333333332}}, "0.3": {"time": 0.009038925170898438, "reduction": 80.55555555555556, "validation": {"accuracy": 9.5679012345679}, "test": {"accuracy": 8.333333333333332}}, "0.4": {"time": 0.009022951126098633, "reduction": 86.11111111111111, "validation": {"accuracy": 4.62962962962963}, "test": {"accuracy": 8.333333333333332}}, "0.5": {"time": 0.010404109954833984, "reduction": 90.12345679012346, "validation": {"accuracy": 4.62962962962963}, "test": {"accuracy": 8.333333333333332}}, "0.6": {"time": 0.008701086044311523, "reduction": 92.28395061728395, "validation": {"accuracy": 5.246913580246913}, "test": {"accuracy": 8.333333333333332}}, "0.7": {"time": 0.011467933654785156, "reduction": 95.98765432098766, "validation": {"accuracy": 12.654320987654321}, "test": {"accuracy": 13.88888888888889}}, "0.8": {"time": 0.010261058807373047, "reduction": 98.76543209876543, "validation": {"accuracy": 1.8518518518518516}, "test": {"accuracy": 5.555555555555555}}, "0.9": {"time": 0.009747982025146484, "reduction": 99.69135802469135, "validation": {"accuracy": 6.790123456790123}, "test": {"accuracy": 5.555555555555555}}, "1.0": {"time": 0.010100126266479492, "reduction": 99.69135802469135, "validation": {"accuracy": 6.790123456790123}, "test": {"accuracy": 5.555555555555555}}}, "4": {"0.0": {"time": 0.011201143264770508, "reduction": 64.50617283950618, "validation": {"accuracy": 6.172839506172839}, "test": {"accuracy": 8.333333333333332}}, "0.1": {"time": 0.009139776229858398, "reduction": 65.12345679012346, "validation": {"accuracy": 6.172839506172839}, "test": {"accuracy": 8.333333333333332}}, "0.2": {"time": 0.009104251861572266, "reduction": 70.37037037037037, "validation": {"accuracy": 6.172839506172839}, "test": {"accuracy": 8.333333333333332}}, "0.3": {"time": 0.009745121002197266, "reduction": 79.32098765432099, "validation": {"accuracy": 4.320987654320987}, "test": {"accuracy": 13.88888888888889}}, "0.4": {"time": 0.009148359298706055, "reduction": 85.49382716049382, "validation": {"accuracy": 8.641975308641975}, "test": {"accuracy": 8.333333333333332}}, "0.5": {"time": 0.013313055038452148, "reduction": 89.19753086419753, "validation": {"accuracy": 6.172839506172839}, "test": {"accuracy": 8.333333333333332}}, "0.6": {"time": 0.009589910507202148, "reduction": 92.28395061728395, "validation": {"accuracy": 6.172839506172839}, "test": {"accuracy": 8.333333333333332}}, "0.7": {"time": 0.008574962615966797, "reduction": 95.98765432098766, "validation": {"accuracy": 8.641975308641975}, "test": {"accuracy": 8.333333333333332}}, "0.8": {"time": 0.008575916290283203, "reduction": 98.76543209876543, "validation": {"accuracy": 6.481481481481481}, "test": {"accuracy": 8.333333333333332}}, "0.9": {"time": 0.009070634841918945, "reduction": 99.38271604938271, "validation": {"accuracy": 6.790123456790123}, "test": {"accuracy": 5.555555555555555}}, "1.0": {"time": 0.00966024398803711, "reduction": 99.69135802469135, "validation": {"accuracy": 6.790123456790123}, "test": {"accuracy": 5.555555555555555}}}, "5": {"0.0": {"time": 0.009185075759887695, "reduction": 66.0493827160494, "validation": {"accuracy": 7.716049382716049}, "test": {"accuracy": 5.555555555555555}}, "0.1": {"time": 0.012169122695922852, "reduction": 68.5185185185185, "validation": {"accuracy": 8.024691358024691}, "test": {"accuracy": 5.555555555555555}}, "0.2": {"time": 0.009125232696533203, "reduction": 72.22222222222221, "validation": {"accuracy": 8.024691358024691}, "test": {"accuracy": 5.555555555555555}}, "0.3": {"time": 0.009179830551147461, "reduction": 78.7037037037037, "validation": {"accuracy": 8.333333333333332}, "test": {"accuracy": 5.555555555555555}}, "0.4": {"time": 0.009126901626586914, "reduction": 84.87654320987654, "validation": {"accuracy": 8.333333333333332}, "test": {"accuracy": 5.555555555555555}}, "0.5": {"time": 0.009430885314941406, "reduction": 88.88888888888889, "validation": {"accuracy": 12.037037037037036}, "test": {"accuracy": 8.333333333333332}}, "0.6": {"time": 0.009350061416625977, "reduction": 92.90123456790124, "validation": {"accuracy": 6.481481481481481}, "test": {"accuracy": 8.333333333333332}}, "0.7": {"time": 0.008985042572021484, "reduction": 96.2962962962963, "validation": {"accuracy": 5.864197530864197}, "test": {"accuracy": 5.555555555555555}}, "0.8": {"time": 0.009279966354370117, "reduction": 98.14814814814815, "validation": {"accuracy": 6.790123456790123}, "test": {"accuracy": 5.555555555555555}}, "0.9": {"time": 0.009015083312988281, "reduction": 98.4567901234568, "validation": {"accuracy": 6.790123456790123}, "test": {"accuracy": 5.555555555555555}}, "1.0": {"time": 0.009709835052490234, "reduction": 99.69135802469135, "validation": {"accuracy": 6.790123456790123}, "test": {"accuracy": 5.555555555555555}}}, "6": {"0.0": {"time": 0.009345054626464844, "reduction": 65.12345679012346, "validation": {"accuracy": 4.320987654320987}, "test": {"accuracy": 5.555555555555555}}, "0.1": {"time": 0.009086132049560547, "reduction": 67.28395061728395, "validation": {"accuracy": 4.320987654320987}, "test": {"accuracy": 5.555555555555555}}, "0.2": {"time": 0.008887052536010742, "reduction": 70.67901234567901, "validation": {"accuracy": 4.320987654320987}, "test": {"accuracy": 5.555555555555555}}, "0.3": {"time": 0.008862972259521484, "reduction": 79.32098765432099, "validation": {"accuracy": 4.62962962962963}, "test": {"accuracy": 5.555555555555555}}, "0.4": {"time": 0.00894784927368164, "reduction": 86.72839506172839, "validation": {"accuracy": 8.024691358024691}, "test": {"accuracy": 5.555555555555555}}, "0.5": {"time": 0.00883626937866211, "reduction": 90.4320987654321, "validation": {"accuracy": 6.172839506172839}, "test": {"accuracy": 5.555555555555555}}, "0.6": {"time": 0.009247064590454102, "reduction": 94.44444444444444, "validation": {"accuracy": 6.790123456790123}, "test": {"accuracy": 5.555555555555555}}, "0.7": {"time": 0.008792877197265625, "reduction": 96.91358024691358, "validation": {"accuracy": 6.790123456790123}, "test": {"accuracy": 5.555555555555555}}, "0.8": {"time": 0.008599042892456055, "reduction": 99.07407407407408, "validation": {"accuracy": 12.345679012345679}, "test": {"accuracy": 2.7777777777777777}}, "0.9": {"time": 0.00851297378540039, "reduction": 99.69135802469135, "validation": {"accuracy": 6.790123456790123}, "test": {"accuracy": 5.555555555555555}}, "1.0": {"time": 0.008520364761352539, "reduction": 99.69135802469135, "validation": {"accuracy": 6.790123456790123}, "test": {"accuracy": 5.555555555555555}}}, "7": {"0.0": {"time": 0.008767127990722656, "reduction": 63.888888888888886, "validation": {"accuracy": 8.641975308641975}, "test": {"accuracy": 11.11111111111111}}, "0.1": {"time": 0.009212970733642578, "reduction": 66.35802469135803, "validation": {"accuracy": 8.641975308641975}, "test": {"accuracy": 11.11111111111111}}, "0.2": {"time": 0.00867009162902832, "reduction": 70.06172839506173, "validation": {"accuracy": 8.641975308641975}, "test": {"accuracy": 11.11111111111111}}, "0.3": {"time": 0.008600950241088867, "reduction": 79.62962962962963, "validation": {"accuracy": 8.641975308641975}, "test": {"accuracy": 11.11111111111111}}, "0.4": {"time": 0.0084381103515625, "reduction": 83.33333333333334, "validation": {"accuracy": 8.641975308641975}, "test": {"accuracy": 11.11111111111111}}, "0.5": {"time": 0.008498907089233398, "reduction": 87.34567901234568, "validation": {"accuracy": 10.493827160493826}, "test": {"accuracy": 11.11111111111111}},