{"3": {"0.0": {"time": 0.002071857452392578, "reduction": 30.645161290322577, "validation": {"accuracy": 53.87096774193548}, "test": {"accuracy": 54.285714285714285}}, "0.1": {"time": 0.0019037723541259766, "reduction": 62.903225806451616, "validation": {"accuracy": 58.06451612903226}, "test": {"accuracy": 57.14285714285714}}, "0.2": {"time": 0.0020401477813720703, "reduction": 62.903225806451616, "validation": {"accuracy": 58.06451612903226}, "test": {"accuracy": 57.14285714285714}}, "0.3": {"time": 0.0018641948699951172, "reduction": 62.903225806451616, "validation": {"accuracy": 58.06451612903226}, "test": {"accuracy": 57.14285714285714}}, "0.4": {"time": 0.0018658638000488281, "reduction": 62.903225806451616, "validation": {"accuracy": 58.06451612903226}, "test": {"accuracy": 57.14285714285714}}, "0.5": {"time": 0.0019919872283935547, "reduction": 62.903225806451616, "validation": {"accuracy": 58.06451612903226}, "test": {"accuracy": 57.14285714285714}}, "0.6": {"time": 0.0019881725311279297, "reduction": 62.903225806451616, "validation": {"accuracy": 58.06451612903226}, "test": {"accuracy": 57.14285714285714}}, "0.7": {"time": 0.0020809173583984375, "reduction": 62.903225806451616, "validation": {"accuracy": 58.06451612903226}, "test": {"accuracy": 57.14285714285714}}, "0.8": {"time": 0.0018990039825439453, "reduction": 62.903225806451616, "validation": {"accuracy": 58.06451612903226}, "test": {"accuracy": 57.14285714285714}}, "0.9": {"time": 0.0018382072448730469, "reduction": 62.903225806451616, "validation": {"accuracy": 58.06451612903226}, "test": {"accuracy": 57.14285714285714}}, "1.0": {"time": 0.0017368793487548828, "reduction": 99.67741935483872, "validation": {"accuracy": 58.06451612903226}, "test": {"accuracy": 57.14285714285714}}}, "4": {"0.0": {"time": 0.002090930938720703, "reduction": 29.354838709677423, "validation": {"accuracy": 44.193548387096776}, "test": {"accuracy": 48.57142857142857}}, "0.1": {"time": 0.0018711090087890625, "reduction": 61.29032258064516, "validation": {"accuracy": 58.06451612903226}, "test": {"accuracy": 57.14285714285714}}, "0.2": {"time": 0.0018897056579589844, "reduction": 61.29032258064516, "validation": {"accuracy": 58.06451612903226}, "test": {"accuracy": 57.14285714285714}}, "0.3": {"time": 0.0026438236236572266, "reduction": 61.29032258064516, "validation": {"accuracy": 58.06451612903226}, "test": {"accuracy": 57.14285714285714}}, "0.4": {"time": 0.0019981861114501953, "reduction": 61.29032258064516, "validation": {"accuracy": 58.06451612903226}, "test": {"accuracy": 57.14285714285714}}, "0.5": {"time": 0.002012968063354492, "reduction": 61.29032258064516, "validation": {"accuracy": 58.06451612903226}, "test": {"accuracy": 57.14285714285714}}, "0.6": {"time": 0.001867055892944336, "reduction": 61.29032258064516, "validation": {"accuracy": 58.06451612903226}, "test": {"accuracy": 57.14285714285714}}, "0.7": {"time": 0.001837015151977539, "reduction": 61.29032258064516, "validation": {"accuracy": 58.06451612903226}, "test": {"accuracy": 57.14285714285714}}, "0.8": {"time": 0.001985788345336914, "reduction": 61.29032258064516, "validation": {"accuracy": 58.06451612903226}, "test": {"accuracy": 57.14285714285714}}, "0.9": {"time": 0.001867055892944336, "reduction": 61.29032258064516, "validation": {"accuracy": 58.06451612903226}, "test": {"accuracy": 57.14285714285714}}, "1.0": {"time": 0.0017399787902832031, "reduction": 99.67741935483872, "validation": {"accuracy": 58.06451612903226}, "test": {"accuracy": 57.14285714285714}}}, "5": {"0.0": {"time": 0.0020279884338378906, "reduction": 27.09677419354839, "validation": {"accuracy": 57.096774193548384}, "test": {"accuracy": 57.14285714285714}}, "0.1": {"time": 0.0019147396087646484, "reduction": 62.58064516129031, "validation": {"accuracy": 58.06451612903226}, "test": {"accuracy": 57.14285714285714}}, "0.2": {"time": 0.0018880367279052734, "reduction": 62.58064516129031, "validation": {"accuracy": 58.06451612903226}, "test": {"accuracy": 57.14285714285714}}, "0.3": {"time": 0.0019290447235107422, "reduction": 62.58064516129031, "validation": {"accuracy": 58.06451612903226}, "test": {"accuracy": 57.14285714285714}}, "0.4": {"time": 0.0018470287322998047, "reduction": 62.58064516129031, "validation": {"accuracy": 58.06451612903226}, "test": {"accuracy": 57.14285714285714}}, "0.5": {"time": 0.0018391609191894531, "reduction": 62.58064516129031, "validation": {"accuracy": 58.06451612903226}, "test": {"accuracy": 57.14285714285714}}, "0.6": {"time": 0.001895904541015625, "reduction": 62.58064516129031, "validation": {"accuracy": 58.06451612903226}, "test": {"accuracy": 57.14285714285714}}, "0.7": {"time": 0.0019271373748779297, "reduction": 62.58064516129031, "validation": {"accuracy": 58.06451612903226}, "test": {"accuracy": 57.14285714285714}}, "0.8": {"time": 0.0018720626831054688, "reduction": 62.58064516129031, "validation": {"accuracy": 58.06451612903226}, "test": {"accuracy": 57.14285714285714}}, "0.9": {"time": 0.0019080638885498047, "reduction": 62.58064516129031, "validation": {"accuracy": 58.06451612903226}, "test": {"accuracy": 57.14285714285714}}, "1.0": {"time": 0.0017809867858886719, "reduction": 99.67741935483872, "validation": {"accuracy": 58.06451612903226}, "test": {"accuracy": 57.14285714285714}}}, "6": {"0.0": {"time": 0.002051830291748047, "reduction": 25.080385852090036, "validation": {"accuracy": 57.556270096463024}, "test": {"accuracy": 58.82352941176471}}, "0.1": {"time": 0.0018947124481201172, "reduction": 60.45016077170418, "validation": {"accuracy": 57.87781350482315}, "test": {"accuracy": 58.82352941176471}}, "0.2": {"time": 0.0018427371978759766, "reduction": 60.45016077170418, "validation": {"accuracy": 57.87781350482315}, "test": {"accuracy": 58.82352941176471}}, "0.3": {"time": 0.0018699169158935547, "reduction": 60.45016077170418, "validation": {"accuracy": 57.87781350482315}, "test": {"accuracy": 58.82352941176471}}, "0.4": {"time": 0.00186920166015625, "reduction": 60.45016077170418, "validation": {"accuracy": 57.87781350482315}, "test": {"accuracy": 58.82352941176471}}, "0.5": {"time": 0.0018582344055175781, "reduction": 60.45016077170418, "validation": {"accuracy": 57.87781350482315}, "test": {"accuracy": 58.82352941176471}}, "0.6": {"time": 0.0018799304962158203, "reduction": 60.45016077170418, "validation": {"accuracy": 57.87781350482315}, "test": {"accuracy": 58.82352941176471}}, "0.7": {"time": 0.0018110275268554688, "reduction": 60.45016077170418, "validation": {"accuracy": 57.87781350482315}, "test": {"accuracy": 58.82352941176471}}, "0.8": {"time": 0.0017888545989990234, "reduction": 60.45016077170418, "validation": {"accuracy": 57.87781350482315}, "test": {"accuracy": 58.82352941176471}}, "0.9": {"time": 0.0018608570098876953, "reduction": 60.45016077170418, "validation": {"accuracy": 57.87781350482315}, "test": {"accuracy": 58.82352941176471}}, "1.0": {"time": 0.0017442703247070312, "reduction": 99.67845659163987, "validation": {"accuracy": 57.87781350482315}, "test": {"accuracy": 58.82352941176471}}}, "7": {"0.0": {"time": 0.0020017623901367188, "reduction": 27.974276527331188, "validation": {"accuracy": 57.556270096463024}, "test": {"accuracy": 55.88235294117647}}, "0.1": {"time": 0.0018732547760009766, "reduction": 61.7363344051447, "validation": {"accuracy": 57.87781350482315}, "test": {"accuracy": 58.82352941176471}}, "0.2": {"time": 0.0018758773803710938, "reduction": 61.7363344051447, "validation": {"accuracy": 57.87781350482315}, "test": {"accuracy": 58.82352941176471}}, "0.3": {"time": 0.0018630027770996094, "reduction": 61.7363344051447, "validation": {"accuracy": 57.87781350482315}, "test": {"accuracy": 58.82352941176471}}, "0.4": {"time": 0.0018661022186279297, "reduction": 61.7363344051447, "validation": {"accuracy": 57.87781350482315}, "test": {"accuracy": 58.82352941176471}}, "0.5": {"time": 0.0018837451934814453, "reduction": 61.7363344051447, "validation": {"accuracy": 57.87781350482315},