{"3": {"0.0": {"time": 0.005008220672607422, "reduction": 8.227848101265822, "validation": {"accuracy": 65.50632911392405}, "test": {"accuracy": 68.57142857142857}}, "0.1": {"time": 0.004894256591796875, "reduction": 18.670886075949365, "validation": {"accuracy": 65.50632911392405}, "test": {"accuracy": 68.57142857142857}}, "0.2": {"time": 0.0044329166412353516, "reduction": 35.12658227848101, "validation": {"accuracy": 65.82278481012658}, "test": {"accuracy": 68.57142857142857}}, "0.3": {"time": 0.004167079925537109, "reduction": 37.65822784810127, "validation": {"accuracy": 63.92405063291139}, "test": {"accuracy": 65.71428571428571}}, "0.4": {"time": 0.0044291019439697266, "reduction": 37.65822784810127, "validation": {"accuracy": 63.92405063291139}, "test": {"accuracy": 65.71428571428571}}, "0.5": {"time": 0.0047152042388916016, "reduction": 37.65822784810127, "validation": {"accuracy": 63.92405063291139}, "test": {"accuracy": 65.71428571428571}}, "0.6": {"time": 0.00441288948059082, "reduction": 37.65822784810127, "validation": {"accuracy": 63.92405063291139}, "test": {"accuracy": 65.71428571428571}}, "0.7": {"time": 0.004690885543823242, "reduction": 37.65822784810127, "validation": {"accuracy": 63.92405063291139}, "test": {"accuracy": 65.71428571428571}}, "0.8": {"time": 0.00481104850769043, "reduction": 37.65822784810127, "validation": {"accuracy": 63.92405063291139}, "test": {"accuracy": 65.71428571428571}}, "0.9": {"time": 0.003820180892944336, "reduction": 66.13924050632912, "validation": {"accuracy": 63.92405063291139}, "test": {"accuracy": 65.71428571428571}}, "1.0": {"time": 0.004644870758056641, "reduction": 73.73417721518987, "validation": {"accuracy": 63.92405063291139}, "test": {"accuracy": 65.71428571428571}}}, "4": {"0.0": {"time": 0.005368947982788086, "reduction": 15.189873417721522, "validation": {"accuracy": 63.92405063291139}, "test": {"accuracy": 65.71428571428571}}, "0.1": {"time": 0.004590749740600586, "reduction": 24.68354430379747, "validation": {"accuracy": 63.92405063291139}, "test": {"accuracy": 65.71428571428571}}, "0.2": {"time": 0.0047817230224609375, "reduction": 39.55696202531646, "validation": {"accuracy": 63.92405063291139}, "test": {"accuracy": 65.71428571428571}}, "0.3": {"time": 0.004597187042236328, "reduction": 43.0379746835443, "validation": {"accuracy": 63.92405063291139}, "test": {"accuracy": 65.71428571428571}}, "0.4": {"time": 0.004293203353881836, "reduction": 43.0379746835443, "validation": {"accuracy": 63.92405063291139}, "test": {"accuracy": 65.71428571428571}}, "0.5": {"time": 0.004415988922119141, "reduction": 43.0379746835443, "validation": {"accuracy": 63.92405063291139}, "test": {"accuracy": 65.71428571428571}}, "0.6": {"time": 0.0047397613525390625, "reduction": 43.0379746835443, "validation": {"accuracy": 63.92405063291139}, "test": {"accuracy": 65.71428571428571}}, "0.7": {"time": 0.004428863525390625, "reduction": 43.0379746835443, "validation": {"accuracy": 63.92405063291139}, "test": {"accuracy": 65.71428571428571}}, "0.8": {"time": 0.004384040832519531, "reduction": 43.0379746835443, "validation": {"accuracy": 63.92405063291139}, "test": {"accuracy": 65.71428571428571}}, "0.9": {"time": 0.004333019256591797, "reduction": 64.24050632911393, "validation": {"accuracy": 63.92405063291139}, "test": {"accuracy": 65.71428571428571}}, "1.0": {"time": 0.00513005256652832, "reduction": 75.9493670886076, "validation": {"accuracy": 63.92405063291139}, "test": {"accuracy": 65.71428571428571}}}, "5": {"0.0": {"time": 0.0047991275787353516, "reduction": 11.708860759493668, "validation": {"accuracy": 64.87341772151899}, "test": {"accuracy": 71.42857142857143}}, "0.1": {"time": 0.005240201950073242, "reduction": 22.151898734177212, "validation": {"accuracy": 64.87341772151899}, "test": {"accuracy": 71.42857142857143}}, "0.2": {"time": 0.0053598880767822266, "reduction": 40.18987341772152, "validation": {"accuracy": 65.18987341772153}, "test": {"accuracy": 68.57142857142857}}, "0.3": {"time": 0.004712104797363281, "reduction": 41.77215189873418, "validation": {"accuracy": 63.92405063291139}, "test": {"accuracy": 65.71428571428571}}, "0.4": {"time": 0.0042798519134521484, "reduction": 41.77215189873418, "validation": {"accuracy": 63.92405063291139}, "test": {"accuracy": 65.71428571428571}}, "0.5": {"time": 0.005121946334838867, "reduction": 41.77215189873418, "validation": {"accuracy": 63.92405063291139}, "test": {"accuracy": 65.71428571428571}}, "0.6": {"time": 0.0042629241943359375, "reduction": 41.77215189873418, "validation": {"accuracy": 63.92405063291139}, "test": {"accuracy": 65.71428571428571}}, "0.7": {"time": 0.004569053649902344, "reduction": 41.77215189873418, "validation": {"accuracy": 63.92405063291139}, "test": {"accuracy": 65.71428571428571}}, "0.8": {"time": 0.0046100616455078125, "reduction": 41.77215189873418, "validation": {"accuracy": 63.92405063291139}, "test": {"accuracy": 65.71428571428571}}, "0.9": {"time": 0.004015922546386719, "reduction": 62.34177215189873, "validation": {"accuracy": 63.92405063291139}, "test": {"accuracy": 65.71428571428571}}, "1.0": {"time": 0.0039408206939697266, "reduction": 76.89873417721519, "validation": {"accuracy": 63.92405063291139}, "test": {"accuracy": 65.71428571428571}}}, "6": {"0.0": {"time": 0.0051839351654052734, "reduction": 11.075949367088612, "validation": {"accuracy": 64.55696202531645}, "test": {"accuracy": 62.857142857142854}}, "0.1": {"time": 0.005492210388183594, "reduction": 18.9873417721519, "validation": {"accuracy": 64.55696202531645}, "test": {"accuracy": 62.857142857142854}}, "0.2": {"time": 0.005094051361083984, "reduction": 37.0253164556962, "validation": {"accuracy": 64.55696202531645}, "test": {"accuracy": 62.857142857142854}}, "0.3": {"time": 0.004805088043212891, "reduction": 39.55696202531646, "validation": {"accuracy": 64.24050632911393}, "test": {"accuracy": 62.857142857142854}}, "0.4": {"time": 0.006310939788818359, "reduction": 39.55696202531646, "validation": {"accuracy": 64.24050632911393}, "test": {"accuracy": 62.857142857142854}}, "0.5": {"time": 0.004839897155761719, "reduction": 39.55696202531646, "validation": {"accuracy": 64.24050632911393}, "test": {"accuracy": 62.857142857142854}}, "0.6": {"time": 0.004414081573486328, "reduction": 39.55696202531646, "validation": {"accuracy": 64.24050632911393}, "test": {"accuracy": 62.857142857142854}}, "0.7": {"time": 0.006137847900390625, "reduction": 39.55696202531646, "validation": {"accuracy": 64.24050632911393}, "test": {"accuracy": 62.857142857142854}}, "0.8": {"time": 0.004660129547119141, "reduction": 39.55696202531646, "validation": {"accuracy": 64.24050632911393}, "test": {"accuracy": 62.857142857142854}}, "0.9": {"time": 0.0038678646087646484, "reduction": 62.65822784810127, "validation": {"accuracy": 64.24050632911393}, "test": {"accuracy": 62.857142857142854}}, "1.0": {"time": 0.004503011703491211, "reduction": 75.0, "validation": {"accuracy": 64.24050632911393}, "test": {"accuracy": 62.857142857142854}}}, "7": {"0.0": {"time": 0.004864931106567383, "reduction": 12.9746835443038, "validation": {"accuracy": 64.87341772151899}, "test": {"accuracy": 68.57142857142857}}, "0.1": {"time": 0.004331827163696289, "reduction": 20.88607594936709, "validation": {"accuracy": 64.87341772151899}, "test": {"accuracy": 68.57142857142857}}, "0.2": {"time": 0.005458831787109375, "reduction": 33.86075949367089, "validation": {"accuracy": 65.18987341772153}, "test": {"accuracy": 62.857142857142854}}, "0.3": {"time": 0.004755973815917969, "reduction": 39.55696202531646, "validation": {"accuracy": 64.24050632911393}, "test": {"accuracy": 62.857142857142854}}, "0.4": {"time": 0.00439906120300293, "reduction": 39.55696202531646, "validation": {"accuracy": 64.24050632911393}, "test": {"accuracy": 62.857142857142854}}, "0.5": {"time": 0.004683971405029297, "reduction": 39.55696202531646, "validation": {"accuracy": 64.24050632911393}, "test": {"accuracy": 62.857142857142854}},