{"3": {"0.0": {"time": 0.06722474098205566, "reduction": 0.2019182231196348, "validation": {"accuracy": 38.76829883897022}, "test": {"accuracy": 36.81818181818181}}, "0.1": {"time": 0.05836892127990723, "reduction": 22.867238768298837, "validation": {"accuracy": 68.4502776375568}, "test": {"accuracy": 66.81818181818183}}, "0.2": {"time": 0.058444976806640625, "reduction": 32.30691569914185, "validation": {"accuracy": 67.69308430085815}, "test": {"accuracy": 67.72727272727272}}, "0.3": {"time": 0.06013369560241699, "reduction": 32.30691569914185, "validation": {"accuracy": 67.69308430085815}, "test": {"accuracy": 67.72727272727272}}, "0.4": {"time": 0.05613517761230469, "reduction": 32.30691569914185, "validation": {"accuracy": 67.69308430085815}, "test": {"accuracy": 67.72727272727272}}, "0.5": {"time": 0.05763697624206543, "reduction": 32.30691569914185, "validation": {"accuracy": 67.69308430085815}, "test": {"accuracy": 67.72727272727272}}, "0.6": {"time": 0.055339813232421875, "reduction": 32.30691569914185, "validation": {"accuracy": 67.69308430085815}, "test": {"accuracy": 67.72727272727272}}, "0.7": {"time": 0.054306745529174805, "reduction": 32.30691569914185, "validation": {"accuracy": 67.69308430085815}, "test": {"accuracy": 67.72727272727272}}, "0.8": {"time": 0.062255859375, "reduction": 32.30691569914185, "validation": {"accuracy": 67.69308430085815}, "test": {"accuracy": 67.72727272727272}}, "0.9": {"time": 0.05733203887939453, "reduction": 38.16254416961131, "validation": {"accuracy": 67.69308430085815}, "test": {"accuracy": 67.72727272727272}}, "1.0": {"time": 0.05000782012939453, "reduction": 96.51691065118627, "validation": {"accuracy": 67.69308430085815}, "test": {"accuracy": 67.72727272727272}}}, "4": {"0.0": {"time": 0.05963492393493652, "reduction": 0.0, "validation": {"accuracy": 68.50075719333671}, "test": {"accuracy": 66.36363636363637}}, "0.1": {"time": 0.06392073631286621, "reduction": 23.170116102978287, "validation": {"accuracy": 70.62089853609288}, "test": {"accuracy": 70.0}}, "0.2": {"time": 0.05426502227783203, "reduction": 32.30691569914185, "validation": {"accuracy": 67.69308430085815}, "test": {"accuracy": 67.72727272727272}}, "0.3": {"time": 0.0679938793182373, "reduction": 32.30691569914185, "validation": {"accuracy": 67.69308430085815}, "test": {"accuracy": 67.72727272727272}}, "0.4": {"time": 0.05937314033508301, "reduction": 32.30691569914185, "validation": {"accuracy": 67.69308430085815}, "test": {"accuracy": 67.72727272727272}}, "0.5": {"time": 0.05675196647644043, "reduction": 32.30691569914185, "validation": {"accuracy": 67.69308430085815}, "test": {"accuracy": 67.72727272727272}}, "0.6": {"time": 0.06019401550292969, "reduction": 32.30691569914185, "validation": {"accuracy": 67.69308430085815}, "test": {"accuracy": 67.72727272727272}}, "0.7": {"time": 0.05736589431762695, "reduction": 32.30691569914185, "validation": {"accuracy": 67.69308430085815}, "test": {"accuracy": 67.72727272727272}}, "0.8": {"time": 0.05490589141845703, "reduction": 32.30691569914185, "validation": {"accuracy": 67.69308430085815}, "test": {"accuracy": 67.72727272727272}}, "0.9": {"time": 0.05375480651855469, "reduction": 37.5567895002524, "validation": {"accuracy": 67.69308430085815}, "test": {"accuracy": 67.72727272727272}}, "1.0": {"time": 0.0486299991607666, "reduction": 96.51691065118627, "validation": {"accuracy": 67.69308430085815}, "test": {"accuracy": 67.72727272727272}}}, "5": {"0.0": {"time": 0.05939316749572754, "reduction": 0.5552751135790013, "validation": {"accuracy": 70.36850075719335}, "test": {"accuracy": 70.9090909090909}}, "0.1": {"time": 0.058753013610839844, "reduction": 23.674911660777386, "validation": {"accuracy": 71.37809187279152}, "test": {"accuracy": 70.45454545454545}}, "0.2": {"time": 0.05582690238952637, "reduction": 32.559313478041396, "validation": {"accuracy": 67.69308430085815}, "test": {"accuracy": 67.72727272727272}}, "0.3": {"time": 0.056774139404296875, "reduction": 32.559313478041396, "validation": {"accuracy": 67.69308430085815}, "test": {"accuracy": 67.72727272727272}}, "0.4": {"time": 0.05850696563720703, "reduction": 32.559313478041396, "validation": {"accuracy": 67.69308430085815}, "test": {"accuracy": 67.72727272727272}}, "0.5": {"time": 0.05748772621154785, "reduction": 32.559313478041396, "validation": {"accuracy": 67.69308430085815}, "test": {"accuracy": 67.72727272727272}}, "0.6": {"time": 0.05751204490661621, "reduction": 32.559313478041396, "validation": {"accuracy": 67.69308430085815}, "test": {"accuracy": 67.72727272727272}}, "0.7": {"time": 0.05664801597595215, "reduction": 32.559313478041396, "validation": {"accuracy": 67.69308430085815}, "test": {"accuracy": 67.72727272727272}}, "0.8": {"time": 0.05547499656677246, "reduction": 32.559313478041396, "validation": {"accuracy": 67.69308430085815}, "test": {"accuracy": 67.72727272727272}}, "0.9": {"time": 0.05536007881164551, "reduction": 38.1120646138314, "validation": {"accuracy": 67.69308430085815}, "test": {"accuracy": 67.72727272727272}}, "1.0": {"time": 0.059686899185180664, "reduction": 96.1635537607269, "validation": {"accuracy": 67.69308430085815}, "test": {"accuracy": 67.72727272727272}}}, "6": {"0.0": {"time": 0.07105684280395508, "reduction": 0.1009591115598174, "validation": {"accuracy": 59.51539626451287}, "test": {"accuracy": 60.909090909090914}}, "0.1": {"time": 0.06086587905883789, "reduction": 23.472993437657752, "validation": {"accuracy": 67.8950025239778}, "test": {"accuracy": 69.54545454545455}}, "0.2": {"time": 0.058100223541259766, "reduction": 32.407874810701664, "validation": {"accuracy": 67.69308430085815}, "test": {"accuracy": 67.72727272727272}}, "0.3": {"time": 0.06484031677246094, "reduction": 32.407874810701664, "validation": {"accuracy": 67.69308430085815}, "test": {"accuracy": 67.72727272727272}}, "0.4": {"time": 0.059060096740722656, "reduction": 32.407874810701664, "validation": {"accuracy": 67.69308430085815}, "test": {"accuracy": 67.72727272727272}}, "0.5": {"time": 0.05919790267944336, "reduction": 32.407874810701664, "validation": {"accuracy": 67.69308430085815}, "test": {"accuracy": 67.72727272727272}}, "0.6": {"time": 0.060050010681152344, "reduction": 32.407874810701664, "validation": {"accuracy": 67.69308430085815}, "test": {"accuracy": 67.72727272727272}}, "0.7": {"time": 0.05887007713317871, "reduction": 32.407874810701664, "validation": {"accuracy": 67.69308430085815}, "test": {"accuracy": 67.72727272727272}}, "0.8": {"time": 0.05507302284240723, "reduction": 32.407874810701664, "validation": {"accuracy": 67.69308430085815}, "test": {"accuracy": 67.72727272727272}}, "0.9": {"time": 0.05458807945251465, "reduction": 37.758707723372034, "validation": {"accuracy": 67.69308430085815}, "test": {"accuracy": 67.72727272727272}}, "1.0": {"time": 0.0492098331451416, "reduction": 96.06259464916708, "validation": {"accuracy": 67.69308430085815}, "test": {"accuracy": 67.72727272727272}}}, "7": {"0.0": {"time": 0.06324100494384766, "reduction": 0.2019182231196348, "validation": {"accuracy": 66.93589096415951}, "test": {"accuracy": 68.18181818181817}}, "0.1": {"time": 0.05656886100769043, "reduction": 23.119636547198386, "validation": {"accuracy": 67.79404341241798}, "test": {"accuracy": 68.18181818181817}}, "0.2": {"time": 0.05807089805603027, "reduction": 32.50883392226148, "validation": {"accuracy": 67.69308430085815}, "test": {"accuracy": 67.72727272727272}}, "0.3": {"time": 0.061228036880493164, "reduction": 32.50883392226148, "validation": {"accuracy": 67.69308430085815}, "test": {"accuracy": 67.72727272727272}}, "0.4": {"time": 0.05719184875488281, "reduction": 32.50883392226148, "validation": {"accuracy": 67.69308430085815}, "test": {"accuracy": 67.72727272727272}}, "0.5": {"time": 0.05611395835876465, "reduction": 32.50883392226148, "validation": {"accuracy": 67.69308430085815}, "test": {"accuracy": 67.72727272727272}}, "0.6": {"time": 0.05702567100524902, "reduction": 32.50883392226148,