{"3": {"0.0": {"time": 0.0013399124145507812, "reduction": 0.0, "validation": {"accuracy": 56.37860082304527}, "test": {"accuracy": 59.25925925925925}}, "0.1": {"time": 0.001096963882446289, "reduction": 44.44444444444444, "validation": {"accuracy": 55.55555555555556}, "test": {"accuracy": 55.55555555555556}}, "0.2": {"time": 0.002213001251220703, "reduction": 44.44444444444444, "validation": {"accuracy": 55.55555555555556}, "test": {"accuracy": 55.55555555555556}}, "0.3": {"time": 0.0013871192932128906, "reduction": 44.44444444444444, "validation": {"accuracy": 55.55555555555556}, "test": {"accuracy": 55.55555555555556}}, "0.4": {"time": 0.001447916030883789, "reduction": 44.44444444444444, "validation": {"accuracy": 55.55555555555556}, "test": {"accuracy": 55.55555555555556}}, "0.5": {"time": 0.0014121532440185547, "reduction": 44.44444444444444, "validation": {"accuracy": 55.55555555555556}, "test": {"accuracy": 55.55555555555556}}, "0.6": {"time": 0.00125885009765625, "reduction": 44.44444444444444, "validation": {"accuracy": 55.55555555555556}, "test": {"accuracy": 55.55555555555556}}, "0.7": {"time": 0.0013670921325683594, "reduction": 44.44444444444444, "validation": {"accuracy": 55.55555555555556}, "test": {"accuracy": 55.55555555555556}}, "0.8": {"time": 0.0013470649719238281, "reduction": 44.44444444444444, "validation": {"accuracy": 55.55555555555556}, "test": {"accuracy": 55.55555555555556}}, "0.9": {"time": 0.0012841224670410156, "reduction": 44.44444444444444, "validation": {"accuracy": 55.55555555555556}, "test": {"accuracy": 55.55555555555556}}, "1.0": {"time": 0.0018000602722167969, "reduction": 99.58847736625515, "validation": {"accuracy": 55.55555555555556}, "test": {"accuracy": 55.55555555555556}}}, "4": {"0.0": {"time": 0.0015070438385009766, "reduction": 1.2345679012345734, "validation": {"accuracy": 55.55555555555556}, "test": {"accuracy": 59.25925925925925}}, "0.1": {"time": 0.0011699199676513672, "reduction": 45.26748971193416, "validation": {"accuracy": 55.55555555555556}, "test": {"accuracy": 55.55555555555556}}, "0.2": {"time": 0.0013699531555175781, "reduction": 45.26748971193416, "validation": {"accuracy": 55.55555555555556}, "test": {"accuracy": 55.55555555555556}}, "0.3": {"time": 0.0012736320495605469, "reduction": 45.26748971193416, "validation": {"accuracy": 55.55555555555556}, "test": {"accuracy": 55.55555555555556}}, "0.4": {"time": 0.0011463165283203125, "reduction": 45.26748971193416, "validation": {"accuracy": 55.55555555555556}, "test": {"accuracy": 55.55555555555556}}, "0.5": {"time": 0.0011248588562011719, "reduction": 45.26748971193416, "validation": {"accuracy": 55.55555555555556}, "test": {"accuracy": 55.55555555555556}}, "0.6": {"time": 0.0013480186462402344, "reduction": 45.26748971193416, "validation": {"accuracy": 55.55555555555556}, "test": {"accuracy": 55.55555555555556}}, "0.7": {"time": 0.002173900604248047, "reduction": 45.26748971193416, "validation": {"accuracy": 55.55555555555556}, "test": {"accuracy": 55.55555555555556}}, "0.8": {"time": 0.0014698505401611328, "reduction": 45.26748971193416, "validation": {"accuracy": 55.55555555555556}, "test": {"accuracy": 55.55555555555556}}, "0.9": {"time": 0.0010828971862792969, "reduction": 45.26748971193416, "validation": {"accuracy": 55.55555555555556}, "test": {"accuracy": 55.55555555555556}}, "1.0": {"time": 0.0009801387786865234, "reduction": 99.58847736625515, "validation": {"accuracy": 55.55555555555556}, "test": {"accuracy": 55.55555555555556}}}, "5": {"0.0": {"time": 0.0015621185302734375, "reduction": 1.2345679012345734, "validation": {"accuracy": 55.55555555555556}, "test": {"accuracy": 51.85185185185185}}, "0.1": {"time": 0.0011441707611083984, "reduction": 45.26748971193416, "validation": {"accuracy": 55.55555555555556}, "test": {"accuracy": 55.55555555555556}}, "0.2": {"time": 0.0011281967163085938, "reduction": 45.26748971193416, "validation": {"accuracy": 55.55555555555556}, "test": {"accuracy": 55.55555555555556}}, "0.3": {"time": 0.0013818740844726562, "reduction": 45.26748971193416, "validation": {"accuracy": 55.55555555555556}, "test": {"accuracy": 55.55555555555556}}, "0.4": {"time": 0.0017042160034179688, "reduction": 45.26748971193416, "validation": {"accuracy": 55.55555555555556}, "test": {"accuracy": 55.55555555555556}}, "0.5": {"time": 0.001277923583984375, "reduction": 45.26748971193416, "validation": {"accuracy": 55.55555555555556}, "test": {"accuracy": 55.55555555555556}}, "0.6": {"time": 0.0011658668518066406, "reduction": 45.26748971193416, "validation": {"accuracy": 55.55555555555556}, "test": {"accuracy": 55.55555555555556}}, "0.7": {"time": 0.0014140605926513672, "reduction": 45.26748971193416, "validation": {"accuracy": 55.55555555555556}, "test": {"accuracy": 55.55555555555556}}, "0.8": {"time": 0.0014913082122802734, "reduction": 45.26748971193416, "validation": {"accuracy": 55.55555555555556}, "test": {"accuracy": 55.55555555555556}}, "0.9": {"time": 0.0012009143829345703, "reduction": 45.26748971193416, "validation": {"accuracy": 55.55555555555556}, "test": {"accuracy": 55.55555555555556}}, "1.0": {"time": 0.0013251304626464844, "reduction": 99.58847736625515, "validation": {"accuracy": 55.55555555555556}, "test": {"accuracy": 55.55555555555556}}}, "6": {"0.0": {"time": 0.0014781951904296875, "reduction": 1.2345679012345734, "validation": {"accuracy": 55.55555555555556}, "test": {"accuracy": 40.74074074074074}}, "0.1": {"time": 0.0014820098876953125, "reduction": 45.26748971193416, "validation": {"accuracy": 55.55555555555556}, "test": {"accuracy": 55.55555555555556}}, "0.2": {"time": 0.0017461776733398438, "reduction": 45.26748971193416, "validation": {"accuracy": 55.55555555555556}, "test": {"accuracy": 55.55555555555556}}, "0.3": {"time": 0.0013811588287353516, "reduction": 45.26748971193416, "validation": {"accuracy": 55.55555555555556}, "test": {"accuracy": 55.55555555555556}}, "0.4": {"time": 0.0010819435119628906, "reduction": 45.26748971193416, "validation": {"accuracy": 55.55555555555556}, "test": {"accuracy": 55.55555555555556}}, "0.5": {"time": 0.001584768295288086, "reduction": 45.26748971193416, "validation": {"accuracy": 55.55555555555556}, "test": {"accuracy": 55.55555555555556}}, "0.6": {"time": 0.0011980533599853516, "reduction": 45.26748971193416, "validation": {"accuracy": 55.55555555555556}, "test": {"accuracy": 55.55555555555556}}, "0.7": {"time": 0.0011789798736572266, "reduction": 45.26748971193416, "validation": {"accuracy": 55.55555555555556}, "test": {"accuracy": 55.55555555555556}}, "0.8": {"time": 0.001703023910522461, "reduction": 45.26748971193416, "validation": {"accuracy": 55.55555555555556}, "test": {"accuracy": 55.55555555555556}}, "0.9": {"time": 0.001149892807006836, "reduction": 45.26748971193416, "validation": {"accuracy": 55.55555555555556}, "test": {"accuracy": 55.55555555555556}}, "1.0": {"time": 0.0009751319885253906, "reduction": 99.58847736625515, "validation": {"accuracy": 55.55555555555556}, "test": {"accuracy": 55.55555555555556}}}, "7": {"0.0": {"time": 0.002321958541870117, "reduction": 0.4115226337448541, "validation": {"accuracy": 55.96707818930041}, "test": {"accuracy": 59.25925925925925}}, "0.1": {"time": 0.0015189647674560547, "reduction": 44.855967078189295, "validation": {"accuracy": 55.55555555555556}, "test": {"accuracy": 55.55555555555556}}, "0.2": {"time": 0.0013091564178466797, "reduction": 44.855967078189295, "validation": {"accuracy": 55.55555555555556}, "test": {"accuracy": 55.55555555555556}}, "0.3": {"time": 0.0013759136199951172, "reduction": 44.855967078189295, "validation": {"accuracy": 55.55555555555556}, "test": {"accuracy": 55.55555555555556}}, "0.4": {"time": 0.0011110305786132812, "reduction": 44.855967078189295, "validation": {"accuracy": 55.55555555555556}, "test": {"accuracy": 55.55555555555556}}, "0.5": {"time": 0.0012509822845458984, "reduction": 44.855967078189295, "validation": {"accuracy": 55.55555555555556},