{"3": {"0.0": {"time": 0.03560805320739746, "reduction": 33.056603773584904, "validation": {"accuracy": 40.0}, "test": {"accuracy": 39.86486486486486}}, "0.1": {"time": 0.03092789649963379, "reduction": 43.77358490566038, "validation": {"accuracy": 40.30188679245283}, "test": {"accuracy": 39.86486486486486}}, "0.2": {"time": 0.029299020767211914, "reduction": 51.09433962264151, "validation": {"accuracy": 41.132075471698116}, "test": {"accuracy": 40.54054054054054}}, "0.3": {"time": 0.027570009231567383, "reduction": 51.09433962264151, "validation": {"accuracy": 41.132075471698116}, "test": {"accuracy": 40.54054054054054}}, "0.4": {"time": 0.026635169982910156, "reduction": 51.09433962264151, "validation": {"accuracy": 41.132075471698116}, "test": {"accuracy": 40.54054054054054}}, "0.5": {"time": 0.03400993347167969, "reduction": 51.09433962264151, "validation": {"accuracy": 41.132075471698116}, "test": {"accuracy": 40.54054054054054}}, "0.6": {"time": 0.03202390670776367, "reduction": 52.90566037735849, "validation": {"accuracy": 42.79245283018868}, "test": {"accuracy": 41.21621621621622}}, "0.7": {"time": 0.03112483024597168, "reduction": 58.11320754716981, "validation": {"accuracy": 43.094339622641506}, "test": {"accuracy": 41.21621621621622}}, "0.8": {"time": 0.026526927947998047, "reduction": 69.1320754716981, "validation": {"accuracy": 43.0188679245283}, "test": {"accuracy": 41.21621621621622}}, "0.9": {"time": 0.026223182678222656, "reduction": 87.47169811320754, "validation": {"accuracy": 43.094339622641506}, "test": {"accuracy": 41.891891891891895}}, "1.0": {"time": 0.025614023208618164, "reduction": 99.9245283018868, "validation": {"accuracy": 42.716981132075475}, "test": {"accuracy": 42.567567567567565}}}, "4": {"0.0": {"time": 0.03593087196350098, "reduction": 34.38914027149321, "validation": {"accuracy": 40.27149321266968}, "test": {"accuracy": 41.49659863945578}}, "0.1": {"time": 0.027760982513427734, "reduction": 41.40271493212669, "validation": {"accuracy": 40.64856711915535}, "test": {"accuracy": 42.17687074829932}}, "0.2": {"time": 0.02717900276184082, "reduction": 50.52790346907994, "validation": {"accuracy": 41.32730015082956}, "test": {"accuracy": 42.857142857142854}}, "0.3": {"time": 0.027391910552978516, "reduction": 50.60331825037707, "validation": {"accuracy": 41.55354449472097}, "test": {"accuracy": 42.17687074829932}}, "0.4": {"time": 0.027638912200927734, "reduction": 50.60331825037707, "validation": {"accuracy": 41.55354449472097}, "test": {"accuracy": 42.17687074829932}}, "0.5": {"time": 0.027576208114624023, "reduction": 50.60331825037707, "validation": {"accuracy": 41.55354449472097}, "test": {"accuracy": 42.17687074829932}}, "0.6": {"time": 0.027384042739868164, "reduction": 51.50829562594268, "validation": {"accuracy": 41.6289592760181}, "test": {"accuracy": 42.17687074829932}}, "0.7": {"time": 0.02669692039489746, "reduction": 56.03318250377074, "validation": {"accuracy": 42.00603318250377}, "test": {"accuracy": 40.816326530612244}}, "0.8": {"time": 0.025797128677368164, "reduction": 65.61085972850678, "validation": {"accuracy": 42.23227752639517}, "test": {"accuracy": 41.49659863945578}}, "0.9": {"time": 0.02495098114013672, "reduction": 84.99245852187029, "validation": {"accuracy": 42.30769230769231}, "test": {"accuracy": 42.857142857142854}}, "1.0": {"time": 0.030206918716430664, "reduction": 99.92458521870287, "validation": {"accuracy": 42.68476621417798}, "test": {"accuracy": 42.857142857142854}}}, "5": {"0.0": {"time": 0.029505014419555664, "reduction": 30.693815987933636, "validation": {"accuracy": 40.120663650075414}, "test": {"accuracy": 42.17687074829932}}, "0.1": {"time": 0.028460264205932617, "reduction": 39.21568627450981, "validation": {"accuracy": 40.95022624434389}, "test": {"accuracy": 42.17687074829932}}, "0.2": {"time": 0.028769969940185547, "reduction": 48.11463046757164, "validation": {"accuracy": 41.251885369532424}, "test": {"accuracy": 42.17687074829932}}, "0.3": {"time": 0.027765989303588867, "reduction": 48.34087481146304, "validation": {"accuracy": 41.32730015082956}, "test": {"accuracy": 42.17687074829932}}, "0.4": {"time": 0.02698802947998047, "reduction": 48.34087481146304, "validation": {"accuracy": 41.32730015082956}, "test": {"accuracy": 42.17687074829932}}, "0.5": {"time": 0.03166317939758301, "reduction": 48.34087481146304, "validation": {"accuracy": 41.32730015082956}, "test": {"accuracy": 42.17687074829932}}, "0.6": {"time": 0.028476238250732422, "reduction": 49.547511312217196, "validation": {"accuracy": 41.32730015082956}, "test": {"accuracy": 42.17687074829932}}, "0.7": {"time": 0.029566049575805664, "reduction": 53.242835595776775, "validation": {"accuracy": 41.47812971342383}, "test": {"accuracy": 42.17687074829932}}, "0.8": {"time": 0.02619194984436035, "reduction": 63.42383107088989, "validation": {"accuracy": 42.68476621417798}, "test": {"accuracy": 42.17687074829932}}, "0.9": {"time": 0.026112079620361328, "reduction": 84.01206636500754, "validation": {"accuracy": 42.60935143288084}, "test": {"accuracy": 42.857142857142854}}, "1.0": {"time": 0.027890920639038086, "reduction": 99.92458521870287, "validation": {"accuracy": 42.68476621417798}, "test": {"accuracy": 42.857142857142854}}}, "6": {"0.0": {"time": 0.02977728843688965, "reduction": 33.0316742081448, "validation": {"accuracy": 40.64856711915535}, "test": {"accuracy": 40.136054421768705}}, "0.1": {"time": 0.028428077697753906, "reduction": 41.40271493212669, "validation": {"accuracy": 40.723981900452486}, "test": {"accuracy": 40.136054421768705}}, "0.2": {"time": 0.027646303176879883, "reduction": 49.47209653092006, "validation": {"accuracy": 41.704374057315235}, "test": {"accuracy": 41.49659863945578}}, "0.3": {"time": 0.02675604820251465, "reduction": 50.075414781297134, "validation": {"accuracy": 41.93061840120664}, "test": {"accuracy": 42.857142857142854}}, "0.4": {"time": 0.026920080184936523, "reduction": 50.075414781297134, "validation": {"accuracy": 41.93061840120664}, "test": {"accuracy": 42.857142857142854}}, "0.5": {"time": 0.026787757873535156, "reduction": 50.075414781297134, "validation": {"accuracy": 41.93061840120664}, "test": {"accuracy": 42.857142857142854}}, "0.6": {"time": 0.026586055755615234, "reduction": 50.301659125188536, "validation": {"accuracy": 42.081447963800905}, "test": {"accuracy": 42.857142857142854}}, "0.7": {"time": 0.028710126876831055, "reduction": 54.14781297134239, "validation": {"accuracy": 42.081447963800905}, "test": {"accuracy": 44.21768707482993}}, "0.8": {"time": 0.028346776962280273, "reduction": 61.840120663650076, "validation": {"accuracy": 42.458521870286575}, "test": {"accuracy": 44.21768707482993}}, "0.9": {"time": 0.02581310272216797, "reduction": 78.88386123680242, "validation": {"accuracy": 42.68476621417798}, "test": {"accuracy": 43.53741496598639}}, "1.0": {"time": 0.02479076385498047, "reduction": 99.92458521870287, "validation": {"accuracy": 34.69079939668175}, "test": {"accuracy": 34.69387755102041}}}, "7": {"0.0": {"time": 0.028438091278076172, "reduction": 34.38914027149321, "validation": {"accuracy": 41.47812971342383}, "test": {"accuracy": 44.21768707482993}}, "0.1": {"time": 0.027296066284179688, "reduction": 43.43891402714932, "validation": {"accuracy": 41.47812971342383}, "test": {"accuracy": 44.21768707482993}}, "0.2": {"time": 0.026259183883666992, "reduction": 51.13122171945701, "validation": {"accuracy": 41.704374057315235}, "test": {"accuracy": 44.89795918367347}}, "0.3": {"time": 0.026611804962158203, "reduction": 51.20663650075414, "validation": {"accuracy": 41.77978883861237}, "test": {"accuracy": 44.89795918367347}}, "0.4": {"time": 0.027395248413085938, "reduction": 51.20663650075414, "validation": {"accuracy": 41.77978883861237}, "test": {"accuracy": 44.89795918367347}}, "0.5": {"time": 0.02651524543762207, "reduction": 51.20663650075414, "validation": {"accuracy": 41.77978883861237}, "test": {"accuracy": 44.89795918367347}},