{"3": {"0.0": {"time": 0.002729177474975586, "reduction": 3.084832904884316, "validation": {"accuracy": 50.38560411311054}, "test": {"accuracy": 62.7906976744186}}, "0.1": {"time": 0.0033669471740722656, "reduction": 16.19537275064268, "validation": {"accuracy": 50.38560411311054}, "test": {"accuracy": 62.7906976744186}}, "0.2": {"time": 0.0023229122161865234, "reduction": 16.19537275064268, "validation": {"accuracy": 50.38560411311054}, "test": {"accuracy": 62.7906976744186}}, "0.3": {"time": 0.0026776790618896484, "reduction": 46.529562982005146, "validation": {"accuracy": 50.38560411311054}, "test": {"accuracy": 62.7906976744186}}, "0.4": {"time": 0.0024156570434570312, "reduction": 47.30077120822622, "validation": {"accuracy": 52.69922879177378}, "test": {"accuracy": 53.48837209302325}}, "0.5": {"time": 0.0021610260009765625, "reduction": 47.30077120822622, "validation": {"accuracy": 52.69922879177378}, "test": {"accuracy": 53.48837209302325}}, "0.6": {"time": 0.0020418167114257812, "reduction": 47.30077120822622, "validation": {"accuracy": 52.69922879177378}, "test": {"accuracy": 53.48837209302325}}, "0.7": {"time": 0.002307891845703125, "reduction": 47.55784061696659, "validation": {"accuracy": 52.69922879177378}, "test": {"accuracy": 53.48837209302325}}, "0.8": {"time": 0.002196073532104492, "reduction": 82.0051413881748, "validation": {"accuracy": 52.69922879177378}, "test": {"accuracy": 53.48837209302325}}, "0.9": {"time": 0.002259969711303711, "reduction": 82.0051413881748, "validation": {"accuracy": 52.69922879177378}, "test": {"accuracy": 53.48837209302325}}, "1.0": {"time": 0.0018832683563232422, "reduction": 82.0051413881748, "validation": {"accuracy": 52.69922879177378}, "test": {"accuracy": 53.48837209302325}}}, "4": {"0.0": {"time": 0.0025849342346191406, "reduction": 2.570694087403602, "validation": {"accuracy": 52.44215938303341}, "test": {"accuracy": 39.53488372093023}}, "0.1": {"time": 0.002162933349609375, "reduction": 31.105398457583544, "validation": {"accuracy": 52.44215938303341}, "test": {"accuracy": 39.53488372093023}}, "0.2": {"time": 0.0031380653381347656, "reduction": 31.619537275064268, "validation": {"accuracy": 52.44215938303341}, "test": {"accuracy": 39.53488372093023}}, "0.3": {"time": 0.0032792091369628906, "reduction": 47.04370179948586, "validation": {"accuracy": 52.44215938303341}, "test": {"accuracy": 39.53488372093023}}, "0.4": {"time": 0.0030698776245117188, "reduction": 47.30077120822622, "validation": {"accuracy": 52.69922879177378}, "test": {"accuracy": 53.48837209302325}}, "0.5": {"time": 0.0025408267974853516, "reduction": 47.30077120822622, "validation": {"accuracy": 52.69922879177378}, "test": {"accuracy": 53.48837209302325}}, "0.6": {"time": 0.002046823501586914, "reduction": 47.30077120822622, "validation": {"accuracy": 52.69922879177378}, "test": {"accuracy": 53.48837209302325}}, "0.7": {"time": 0.003381967544555664, "reduction": 47.814910025706936, "validation": {"accuracy": 52.69922879177378}, "test": {"accuracy": 53.48837209302325}}, "0.8": {"time": 0.0025353431701660156, "reduction": 64.26735218508998, "validation": {"accuracy": 52.69922879177378}, "test": {"accuracy": 53.48837209302325}}, "0.9": {"time": 0.003033161163330078, "reduction": 64.26735218508998, "validation": {"accuracy": 52.69922879177378}, "test": {"accuracy": 53.48837209302325}}, "1.0": {"time": 0.002835988998413086, "reduction": 64.26735218508998, "validation": {"accuracy": 52.69922879177378}, "test": {"accuracy": 53.48837209302325}}}, "5": {"0.0": {"time": 0.0029540061950683594, "reduction": 3.084832904884316, "validation": {"accuracy": 53.213367609254504}, "test": {"accuracy": 41.86046511627907}}, "0.1": {"time": 0.002165079116821289, "reduction": 31.362467866323907, "validation": {"accuracy": 53.213367609254504}, "test": {"accuracy": 41.86046511627907}}, "0.2": {"time": 0.002543926239013672, "reduction": 31.362467866323907, "validation": {"accuracy": 53.213367609254504}, "test": {"accuracy": 41.86046511627907}}, "0.3": {"time": 0.002171754837036133, "reduction": 47.04370179948586, "validation": {"accuracy": 53.213367609254504}, "test": {"accuracy": 41.86046511627907}}, "0.4": {"time": 0.002413034439086914, "reduction": 47.30077120822622, "validation": {"accuracy": 52.69922879177378}, "test": {"accuracy": 53.48837209302325}}, "0.5": {"time": 0.002257823944091797, "reduction": 47.30077120822622, "validation": {"accuracy": 52.69922879177378}, "test": {"accuracy": 53.48837209302325}}, "0.6": {"time": 0.002087116241455078, "reduction": 47.30077120822622, "validation": {"accuracy": 52.69922879177378}, "test": {"accuracy": 53.48837209302325}}, "0.7": {"time": 0.002337217330932617, "reduction": 47.814910025706936, "validation": {"accuracy": 52.69922879177378}, "test": {"accuracy": 53.48837209302325}}, "0.8": {"time": 0.002397775650024414, "reduction": 64.26735218508998, "validation": {"accuracy": 52.69922879177378}, "test": {"accuracy": 53.48837209302325}}, "0.9": {"time": 0.0019986629486083984, "reduction": 64.26735218508998, "validation": {"accuracy": 52.69922879177378}, "test": {"accuracy": 53.48837209302325}}, "1.0": {"time": 0.002527952194213867, "reduction": 64.26735218508998, "validation": {"accuracy": 52.69922879177378}, "test": {"accuracy": 53.48837209302325}}}, "6": {"0.0": {"time": 0.0023810863494873047, "reduction": 3.598971722365041, "validation": {"accuracy": 51.156812339331616}, "test": {"accuracy": 62.7906976744186}}, "0.1": {"time": 0.0023741722106933594, "reduction": 16.966580976863753, "validation": {"accuracy": 51.156812339331616}, "test": {"accuracy": 62.7906976744186}}, "0.2": {"time": 0.002452850341796875, "reduction": 46.786632390745496, "validation": {"accuracy": 51.156812339331616}, "test": {"accuracy": 62.7906976744186}}, "0.3": {"time": 0.0021789073944091797, "reduction": 46.786632390745496, "validation": {"accuracy": 51.156812339331616}, "test": {"accuracy": 62.7906976744186}}, "0.4": {"time": 0.0029675960540771484, "reduction": 47.30077120822622, "validation": {"accuracy": 52.69922879177378}, "test": {"accuracy": 53.48837209302325}}, "0.5": {"time": 0.0020592212677001953, "reduction": 47.30077120822622, "validation": {"accuracy": 52.69922879177378}, "test": {"accuracy": 53.48837209302325}}, "0.6": {"time": 0.002229928970336914, "reduction": 47.30077120822622, "validation": {"accuracy": 52.69922879177378}, "test": {"accuracy": 53.48837209302325}}, "0.7": {"time": 0.0020470619201660156, "reduction": 47.30077120822622, "validation": {"accuracy": 52.69922879177378}, "test": {"accuracy": 53.48837209302325}}, "0.8": {"time": 0.0024421215057373047, "reduction": 47.55784061696659, "validation": {"accuracy": 52.69922879177378}, "test": {"accuracy": 53.48837209302325}}, "0.9": {"time": 0.001992940902709961, "reduction": 82.51928020565553, "validation": {"accuracy": 52.69922879177378}, "test": {"accuracy": 53.48837209302325}}, "1.0": {"time": 0.0018432140350341797, "reduction": 82.51928020565553, "validation": {"accuracy": 52.69922879177378}, "test": {"accuracy": 53.48837209302325}}}, "7": {"0.0": {"time": 0.0029621124267578125, "reduction": 2.0565552699228773, "validation": {"accuracy": 52.69922879177378}, "test": {"accuracy": 48.837209302325576}}, "0.1": {"time": 0.0020580291748046875, "reduction": 45.75835475578406, "validation": {"accuracy": 52.69922879177378}, "test": {"accuracy": 48.837209302325576}}, "0.2": {"time": 0.002238035202026367, "reduction": 46.529562982005146, "validation": {"accuracy": 52.69922879177378}, "test": {"accuracy": 48.837209302325576}}, "0.3": {"time": 0.002042055130004883, "reduction": 47.04370179948586, "validation": {"accuracy": 52.69922879177378}, "test": {"accuracy": 48.837209302325576}}, "0.4": {"time": 0.0025300979614257812, "reduction": 47.30077120822622, "validation": {"accuracy": 52.69922879177378}, "test": {"accuracy": 53.48837209302325}}, "0.5": {"time": 0.0021181106567382812, "reduction": 47.30077120822622, "validation": {"accuracy": 52.69922879177378},