{"3": {"0.0": {"time": 0.005214214324951172, "reduction": 2.135231316725983, "validation": {"accuracy": 11.921708185053381}, "test": {"accuracy": 17.46031746031746}}, "0.1": {"time": 0.005054950714111328, "reduction": 9.786476868327398, "validation": {"accuracy": 47.50889679715303}, "test": {"accuracy": 38.095238095238095}}, "0.2": {"time": 0.005079984664916992, "reduction": 9.786476868327398, "validation": {"accuracy": 47.50889679715303}, "test": {"accuracy": 38.095238095238095}}, "0.3": {"time": 0.006350040435791016, "reduction": 9.786476868327398, "validation": {"accuracy": 47.50889679715303}, "test": {"accuracy": 38.095238095238095}}, "0.4": {"time": 0.005069732666015625, "reduction": 9.786476868327398, "validation": {"accuracy": 47.50889679715303}, "test": {"accuracy": 38.095238095238095}}, "0.5": {"time": 0.005049943923950195, "reduction": 9.786476868327398, "validation": {"accuracy": 47.50889679715303}, "test": {"accuracy": 38.095238095238095}}, "0.6": {"time": 0.005674123764038086, "reduction": 17.25978647686833, "validation": {"accuracy": 47.50889679715303}, "test": {"accuracy": 39.682539682539684}}, "0.7": {"time": 0.00485682487487793, "reduction": 30.604982206405694, "validation": {"accuracy": 47.86476868327402}, "test": {"accuracy": 42.857142857142854}}, "0.8": {"time": 0.00455021858215332, "reduction": 48.754448398576514, "validation": {"accuracy": 47.686832740213525}, "test": {"accuracy": 47.61904761904761}}, "0.9": {"time": 0.004695892333984375, "reduction": 71.35231316725978, "validation": {"accuracy": 59.07473309608541}, "test": {"accuracy": 60.317460317460316}}, "1.0": {"time": 0.004235029220581055, "reduction": 84.87544483985765, "validation": {"accuracy": 46.08540925266904}, "test": {"accuracy": 46.03174603174603}}}, "4": {"0.0": {"time": 0.005134105682373047, "reduction": 1.9572953736654797, "validation": {"accuracy": 9.9644128113879}, "test": {"accuracy": 22.22222222222222}}, "0.1": {"time": 0.0050351619720458984, "reduction": 9.608540925266906, "validation": {"accuracy": 46.79715302491103}, "test": {"accuracy": 47.61904761904761}}, "0.2": {"time": 0.0050890445709228516, "reduction": 9.608540925266906, "validation": {"accuracy": 46.79715302491103}, "test": {"accuracy": 47.61904761904761}}, "0.3": {"time": 0.0050580501556396484, "reduction": 9.608540925266906, "validation": {"accuracy": 46.79715302491103}, "test": {"accuracy": 47.61904761904761}}, "0.4": {"time": 0.005095005035400391, "reduction": 9.608540925266906, "validation": {"accuracy": 46.79715302491103}, "test": {"accuracy": 47.61904761904761}}, "0.5": {"time": 0.005009889602661133, "reduction": 11.921708185053381, "validation": {"accuracy": 46.79715302491103}, "test": {"accuracy": 47.61904761904761}}, "0.6": {"time": 0.004912137985229492, "reduction": 16.903914590747327, "validation": {"accuracy": 46.79715302491103}, "test": {"accuracy": 49.2063492063492}}, "0.7": {"time": 0.004734039306640625, "reduction": 29.53736654804271, "validation": {"accuracy": 47.15302491103203}, "test": {"accuracy": 52.38095238095239}}, "0.8": {"time": 0.004456996917724609, "reduction": 48.220640569395016, "validation": {"accuracy": 47.50889679715303}, "test": {"accuracy": 50.79365079365079}}, "0.9": {"time": 0.004251956939697266, "reduction": 70.10676156583631, "validation": {"accuracy": 63.879003558718864}, "test": {"accuracy": 58.730158730158735}}, "1.0": {"time": 0.004231929779052734, "reduction": 84.69750889679715, "validation": {"accuracy": 46.08540925266904}, "test": {"accuracy": 46.03174603174603}}}, "5": {"0.0": {"time": 0.00513005256652832, "reduction": 1.4234875444839812, "validation": {"accuracy": 10.676156583629894}, "test": {"accuracy": 19.047619047619047}}, "0.1": {"time": 0.004807949066162109, "reduction": 9.25266903914591, "validation": {"accuracy": 48.04270462633452}, "test": {"accuracy": 39.682539682539684}}, "0.2": {"time": 0.005029916763305664, "reduction": 9.25266903914591, "validation": {"accuracy": 48.04270462633452}, "test": {"accuracy": 39.682539682539684}}, "0.3": {"time": 0.005070209503173828, "reduction": 9.25266903914591, "validation": {"accuracy": 48.04270462633452}, "test": {"accuracy": 39.682539682539684}}, "0.4": {"time": 0.004988193511962891, "reduction": 9.25266903914591, "validation": {"accuracy": 48.04270462633452}, "test": {"accuracy": 39.682539682539684}}, "0.5": {"time": 0.004873991012573242, "reduction": 11.743772241992879, "validation": {"accuracy": 48.04270462633452}, "test": {"accuracy": 39.682539682539684}}, "0.6": {"time": 0.004887819290161133, "reduction": 15.836298932384341, "validation": {"accuracy": 48.04270462633452}, "test": {"accuracy": 41.269841269841265}}, "0.7": {"time": 0.004817008972167969, "reduction": 29.53736654804271, "validation": {"accuracy": 48.220640569395016}, "test": {"accuracy": 42.857142857142854}}, "0.8": {"time": 0.004528045654296875, "reduction": 48.754448398576514, "validation": {"accuracy": 48.04270462633452}, "test": {"accuracy": 44.44444444444444}}, "0.9": {"time": 0.004456043243408203, "reduction": 72.24199288256227, "validation": {"accuracy": 46.97508896797153}, "test": {"accuracy": 50.79365079365079}}, "1.0": {"time": 0.004271745681762695, "reduction": 85.58718861209964, "validation": {"accuracy": 46.08540925266904}, "test": {"accuracy": 46.03174603174603}}}, "6": {"0.0": {"time": 0.00536799430847168, "reduction": 2.131438721136769, "validation": {"accuracy": 22.912966252220247}, "test": {"accuracy": 30.64516129032258}}, "0.1": {"time": 0.005113124847412109, "reduction": 9.769094138543522, "validation": {"accuracy": 47.95737122557727}, "test": {"accuracy": 41.935483870967744}}, "0.2": {"time": 0.00515294075012207, "reduction": 9.769094138543522, "validation": {"accuracy": 47.95737122557727}, "test": {"accuracy": 41.935483870967744}}, "0.3": {"time": 0.005107879638671875, "reduction": 9.769094138543522, "validation": {"accuracy": 47.95737122557727}, "test": {"accuracy": 41.935483870967744}}, "0.4": {"time": 0.005295991897583008, "reduction": 9.769094138543522, "validation": {"accuracy": 47.95737122557727}, "test": {"accuracy": 41.935483870967744}}, "0.5": {"time": 0.005106925964355469, "reduction": 9.769094138543522, "validation": {"accuracy": 47.95737122557727}, "test": {"accuracy": 41.935483870967744}}, "0.6": {"time": 0.005055904388427734, "reduction": 17.2291296625222, "validation": {"accuracy": 47.95737122557727}, "test": {"accuracy": 43.54838709677419}}, "0.7": {"time": 0.004640102386474609, "reduction": 30.90586145648313, "validation": {"accuracy": 47.95737122557727}, "test": {"accuracy": 45.16129032258064}}, "0.8": {"time": 0.004549741744995117, "reduction": 48.49023090586145, "validation": {"accuracy": 48.13499111900533}, "test": {"accuracy": 45.16129032258064}}, "0.9": {"time": 0.0043430328369140625, "reduction": 71.9360568383659, "validation": {"accuracy": 47.06927175843694}, "test": {"accuracy": 48.38709677419355}}, "1.0": {"time": 0.004330873489379883, "reduction": 85.79040852575488, "validation": {"accuracy": 46.00355239786856}, "test": {"accuracy": 46.774193548387096}}}, "7": {"0.0": {"time": 0.005211353302001953, "reduction": 1.243339253996445, "validation": {"accuracy": 9.769094138543517}, "test": {"accuracy": 20.967741935483872}}, "0.1": {"time": 0.004979848861694336, "reduction": 9.058614564831258, "validation": {"accuracy": 47.246891651865006}, "test": {"accuracy": 38.70967741935484}}, "0.2": {"time": 0.005246162414550781, "reduction": 9.058614564831258, "validation": {"accuracy": 47.246891651865006}, "test": {"accuracy": 38.70967741935484}}, "0.3": {"time": 0.00513005256652832, "reduction": 9.058614564831258, "validation": {"accuracy": 47.246891651865006}, "test": {"accuracy": 38.70967741935484}}, "0.4": {"time": 0.00506591796875, "reduction": 9.058614564831258, "validation": {"accuracy": 47.246891651865006}, "test": {"accuracy": 38.70967741935484}}, "0.5": {"time": 0.00502777099609375, "reduction": 11.900532859680279, "validation": {"accuracy": 47.246891651865006},