{"3": {"0.0": {"time": 0.007544994354248047, "reduction": 1.6014234875444844, "validation": {"accuracy": 9.608540925266903}, "test": {"accuracy": 25.396825396825395}}, "0.1": {"time": 0.006967067718505859, "reduction": 9.25266903914591, "validation": {"accuracy": 46.97508896797153}, "test": {"accuracy": 46.03174603174603}}, "0.2": {"time": 0.008253097534179688, "reduction": 9.25266903914591, "validation": {"accuracy": 46.97508896797153}, "test": {"accuracy": 46.03174603174603}}, "0.3": {"time": 0.008049964904785156, "reduction": 9.25266903914591, "validation": {"accuracy": 46.97508896797153}, "test": {"accuracy": 46.03174603174603}}, "0.4": {"time": 0.00504612922668457, "reduction": 9.25266903914591, "validation": {"accuracy": 46.97508896797153}, "test": {"accuracy": 46.03174603174603}}, "0.5": {"time": 0.005435943603515625, "reduction": 12.277580071174377, "validation": {"accuracy": 46.97508896797153}, "test": {"accuracy": 46.03174603174603}}, "0.6": {"time": 0.005110979080200195, "reduction": 17.437722419928825, "validation": {"accuracy": 46.97508896797153}, "test": {"accuracy": 47.61904761904761}}, "0.7": {"time": 0.005579948425292969, "reduction": 30.782918149466187, "validation": {"accuracy": 47.330960854092524}, "test": {"accuracy": 49.2063492063492}}, "0.8": {"time": 0.0037391185760498047, "reduction": 47.33096085409253, "validation": {"accuracy": 47.50889679715303}, "test": {"accuracy": 50.79365079365079}}, "0.9": {"time": 0.003916025161743164, "reduction": 70.64056939501779, "validation": {"accuracy": 46.97508896797153}, "test": {"accuracy": 50.79365079365079}}, "1.0": {"time": 0.006727933883666992, "reduction": 84.16370106761566, "validation": {"accuracy": 46.08540925266904}, "test": {"accuracy": 46.03174603174603}}}, "4": {"0.0": {"time": 0.0054111480712890625, "reduction": 1.7793594306049876, "validation": {"accuracy": 10.676156583629894}, "test": {"accuracy": 19.047619047619047}}, "0.1": {"time": 0.005410194396972656, "reduction": 9.608540925266906, "validation": {"accuracy": 47.686832740213525}, "test": {"accuracy": 38.095238095238095}}, "0.2": {"time": 0.0057790279388427734, "reduction": 9.608540925266906, "validation": {"accuracy": 47.686832740213525}, "test": {"accuracy": 38.095238095238095}}, "0.3": {"time": 0.0053522586822509766, "reduction": 9.608540925266906, "validation": {"accuracy": 47.686832740213525}, "test": {"accuracy": 38.095238095238095}}, "0.4": {"time": 0.004975318908691406, "reduction": 9.608540925266906, "validation": {"accuracy": 47.686832740213525}, "test": {"accuracy": 38.095238095238095}}, "0.5": {"time": 0.005673885345458984, "reduction": 9.608540925266906, "validation": {"accuracy": 47.686832740213525}, "test": {"accuracy": 38.095238095238095}}, "0.6": {"time": 0.007766008377075195, "reduction": 17.25978647686833, "validation": {"accuracy": 47.686832740213525}, "test": {"accuracy": 39.682539682539684}}, "0.7": {"time": 0.00441288948059082, "reduction": 30.2491103202847, "validation": {"accuracy": 47.86476868327402}, "test": {"accuracy": 41.269841269841265}}, "0.8": {"time": 0.0042612552642822266, "reduction": 47.864768683274015, "validation": {"accuracy": 48.04270462633452}, "test": {"accuracy": 46.03174603174603}}, "0.9": {"time": 0.005079984664916992, "reduction": 59.430604982206404, "validation": {"accuracy": 46.97508896797153}, "test": {"accuracy": 49.2063492063492}}, "1.0": {"time": 0.0041179656982421875, "reduction": 85.40925266903915, "validation": {"accuracy": 46.08540925266904}, "test": {"accuracy": 46.03174603174603}}}, "5": {"0.0": {"time": 0.006005048751831055, "reduction": 1.4234875444839812, "validation": {"accuracy": 20.284697508896798}, "test": {"accuracy": 30.158730158730158}}, "0.1": {"time": 0.005649089813232422, "reduction": 9.074733096085408, "validation": {"accuracy": 47.330960854092524}, "test": {"accuracy": 39.682539682539684}}, "0.2": {"time": 0.006605863571166992, "reduction": 9.074733096085408, "validation": {"accuracy": 47.330960854092524}, "test": {"accuracy": 39.682539682539684}}, "0.3": {"time": 0.005181074142456055, "reduction": 9.074733096085408, "validation": {"accuracy": 47.330960854092524}, "test": {"accuracy": 39.682539682539684}}, "0.4": {"time": 0.005524873733520508, "reduction": 9.074733096085408, "validation": {"accuracy": 47.330960854092524}, "test": {"accuracy": 39.682539682539684}}, "0.5": {"time": 0.00627899169921875, "reduction": 11.743772241992879, "validation": {"accuracy": 47.330960854092524}, "test": {"accuracy": 39.682539682539684}}, "0.6": {"time": 0.004623889923095703, "reduction": 16.37010676156584, "validation": {"accuracy": 47.330960854092524}, "test": {"accuracy": 41.269841269841265}}, "0.7": {"time": 0.005057096481323242, "reduction": 29.893238434163706, "validation": {"accuracy": 47.686832740213525}, "test": {"accuracy": 46.03174603174603}}, "0.8": {"time": 0.004979848861694336, "reduction": 49.11032028469751, "validation": {"accuracy": 47.686832740213525}, "test": {"accuracy": 49.2063492063492}}, "0.9": {"time": 0.0051190853118896484, "reduction": 70.99644128113879, "validation": {"accuracy": 46.97508896797153}, "test": {"accuracy": 52.38095238095239}}, "1.0": {"time": 0.004519224166870117, "reduction": 84.69750889679715, "validation": {"accuracy": 46.08540925266904}, "test": {"accuracy": 46.03174603174603}}}, "6": {"0.0": {"time": 0.007311820983886719, "reduction": 1.7761989342806372, "validation": {"accuracy": 14.92007104795737}, "test": {"accuracy": 27.419354838709676}}, "0.1": {"time": 0.004870176315307617, "reduction": 9.41385435168739, "validation": {"accuracy": 47.95737122557727}, "test": {"accuracy": 43.54838709677419}}, "0.2": {"time": 0.006253957748413086, "reduction": 9.41385435168739, "validation": {"accuracy": 47.95737122557727}, "test": {"accuracy": 43.54838709677419}}, "0.3": {"time": 0.004701137542724609, "reduction": 9.41385435168739, "validation": {"accuracy": 47.95737122557727}, "test": {"accuracy": 43.54838709677419}}, "0.4": {"time": 0.0049648284912109375, "reduction": 9.41385435168739, "validation": {"accuracy": 47.95737122557727}, "test": {"accuracy": 43.54838709677419}}, "0.5": {"time": 0.0046749114990234375, "reduction": 9.41385435168739, "validation": {"accuracy": 47.95737122557727}, "test": {"accuracy": 43.54838709677419}}, "0.6": {"time": 0.005372762680053711, "reduction": 16.34103019538188, "validation": {"accuracy": 47.95737122557727}, "test": {"accuracy": 43.54838709677419}}, "0.7": {"time": 0.004412174224853516, "reduction": 29.307282415630553, "validation": {"accuracy": 48.31261101243339}, "test": {"accuracy": 45.16129032258064}}, "0.8": {"time": 0.005036830902099609, "reduction": 48.31261101243339, "validation": {"accuracy": 48.13499111900533}, "test": {"accuracy": 46.774193548387096}}, "0.9": {"time": 0.004108905792236328, "reduction": 59.85790408525755, "validation": {"accuracy": 63.765541740674955}, "test": {"accuracy": 61.29032258064516}}, "1.0": {"time": 0.0048580169677734375, "reduction": 86.14564831261102, "validation": {"accuracy": 46.00355239786856}, "test": {"accuracy": 46.774193548387096}}}, "7": {"0.0": {"time": 0.006256103515625, "reduction": 2.3090586145648295, "validation": {"accuracy": 31.616341030195382}, "test": {"accuracy": 29.03225806451613}}, "0.1": {"time": 0.004647731781005859, "reduction": 9.946714031971581, "validation": {"accuracy": 48.13499111900533}, "test": {"accuracy": 40.32258064516129}}, "0.2": {"time": 0.004935264587402344, "reduction": 9.946714031971581, "validation": {"accuracy": 48.13499111900533}, "test": {"accuracy": 40.32258064516129}}, "0.3": {"time": 0.004990339279174805, "reduction": 9.946714031971581, "validation": {"accuracy": 48.13499111900533}, "test": {"accuracy": 40.32258064516129}}, "0.4": {"time": 0.005002737045288086, "reduction": 9.946714031971581, "validation": {"accuracy": 48.13499111900533}, "test": {"accuracy": 40.32258064516129}}, "0.5": {"time": 0.0047571659088134766, "reduction": 9.946714031971581, "validation": {"accuracy": 48.13499111900533},