{"3": {"0.0": {"time": 38.38641691207886, "reduction": 47.35872235872236, "validation": {"accuracy": 75.08599508599508}, "test": {"accuracy": 75.23219814241486}}, "0.1": {"time": 34.281700134277344, "reduction": 67.78132678132678, "validation": {"accuracy": 75.21375921375922}, "test": {"accuracy": 75.23219814241486}}, "0.2": {"time": 35.28777074813843, "reduction": 67.78132678132678, "validation": {"accuracy": 75.21375921375922}, "test": {"accuracy": 75.23219814241486}}, "0.3": {"time": 34.34284782409668, "reduction": 67.78132678132678, "validation": {"accuracy": 75.21375921375922}, "test": {"accuracy": 75.23219814241486}}, "0.4": {"time": 34.35616898536682, "reduction": 67.78132678132678, "validation": {"accuracy": 75.21375921375922}, "test": {"accuracy": 75.23219814241486}}, "0.5": {"time": 32.20920705795288, "reduction": 67.78132678132678, "validation": {"accuracy": 75.21375921375922}, "test": {"accuracy": 75.23219814241486}}, "0.6": {"time": 32.995699882507324, "reduction": 67.78132678132678, "validation": {"accuracy": 75.21375921375922}, "test": {"accuracy": 75.23219814241486}}, "0.7": {"time": 34.12879800796509, "reduction": 67.78132678132678, "validation": {"accuracy": 75.21375921375922}, "test": {"accuracy": 75.23219814241486}}, "0.8": {"time": 33.070183992385864, "reduction": 67.78132678132678, "validation": {"accuracy": 75.21375921375922}, "test": {"accuracy": 75.23219814241486}}, "0.9": {"time": 32.07771420478821, "reduction": 67.78132678132678, "validation": {"accuracy": 75.21375921375922}, "test": {"accuracy": 75.23219814241486}}, "1.0": {"time": 29.48998498916626, "reduction": 99.997542997543, "validation": {"accuracy": 75.21375921375922}, "test": {"accuracy": 75.23219814241486}}}, "4": {"0.0": {"time": 34.64853382110596, "reduction": 47.122850122850124, "validation": {"accuracy": 74.82309582309583}, "test": {"accuracy": 74.67934542237947}}, "0.1": {"time": 40.097670793533325, "reduction": 67.4029484029484, "validation": {"accuracy": 75.21375921375922}, "test": {"accuracy": 75.23219814241486}}, "0.2": {"time": 39.926066875457764, "reduction": 67.4029484029484, "validation": {"accuracy": 75.21375921375922}, "test": {"accuracy": 75.23219814241486}}, "0.3": {"time": 43.29625415802002, "reduction": 67.4029484029484, "validation": {"accuracy": 75.21375921375922}, "test": {"accuracy": 75.23219814241486}}, "0.4": {"time": 43.981204986572266, "reduction": 67.4029484029484, "validation": {"accuracy": 75.21375921375922}, "test": {"accuracy": 75.23219814241486}}, "0.5": {"time": 44.328858852386475, "reduction": 67.4029484029484, "validation": {"accuracy": 75.21375921375922}, "test": {"accuracy": 75.23219814241486}}, "0.6": {"time": 46.32166409492493, "reduction": 67.4029484029484, "validation": {"accuracy": 75.21375921375922}, "test": {"accuracy": 75.23219814241486}}, "0.7": {"time": 43.68935441970825, "reduction": 67.4029484029484, "validation": {"accuracy": 75.21375921375922}, "test": {"accuracy": 75.23219814241486}}, "0.8": {"time": 44.398316860198975, "reduction": 67.4029484029484, "validation": {"accuracy": 75.21375921375922}, "test": {"accuracy": 75.23219814241486}}, "0.9": {"time": 44.375120878219604, "reduction": 67.4029484029484, "validation": {"accuracy": 75.21375921375922}, "test": {"accuracy": 75.23219814241486}}, "1.0": {"time": 46.339848041534424, "reduction": 99.997542997543, "validation": {"accuracy": 75.21375921375922}, "test": {"accuracy": 75.23219814241486}}}, "5": {"0.0": {"time": 47.52734684944153, "reduction": 47.218673218673224, "validation": {"accuracy": 74.9041769041769}, "test": {"accuracy": 75.03317116320213}}, "0.1": {"time": 45.217029094696045, "reduction": 67.55036855036856, "validation": {"accuracy": 75.21621621621621}, "test": {"accuracy": 75.21008403361344}}, "0.2": {"time": 47.37303709983826, "reduction": 67.55036855036856, "validation": {"accuracy": 75.21621621621621}, "test": {"accuracy": 75.21008403361344}}, "0.3": {"time": 43.56062698364258, "reduction": 67.55036855036856, "validation": {"accuracy": 75.21621621621621}, "test": {"accuracy": 75.21008403361344}}, "0.4": {"time": 42.14808177947998, "reduction": 67.55036855036856, "validation": {"accuracy": 75.21621621621621}, "test": {"accuracy": 75.21008403361344}}, "0.5": {"time": 42.464287996292114, "reduction": 67.55036855036856, "validation": {"accuracy": 75.21621621621621}, "test": {"accuracy": 75.21008403361344}}, "0.6": {"time": 44.45547318458557, "reduction": 67.55036855036856, "validation": {"accuracy": 75.21621621621621}, "test": {"accuracy": 75.21008403361344}}, "0.7": {"time": 44.34825921058655, "reduction": 67.55036855036856, "validation": {"accuracy": 75.21621621621621}, "test": {"accuracy": 75.21008403361344}}, "0.8": {"time": 44.64170598983765, "reduction": 67.55036855036856, "validation": {"accuracy": 75.21621621621621}, "test": {"accuracy": 75.21008403361344}}, "0.9": {"time": 47.14199090003967, "reduction": 67.55036855036856, "validation": {"accuracy": 75.21621621621621}, "test": {"accuracy": 75.21008403361344}}, "1.0": {"time": 39.56852912902832, "reduction": 99.997542997543, "validation": {"accuracy": 75.21621621621621}, "test": {"accuracy": 75.21008403361344}}}, "6": {"0.0": {"time": 46.16895413398743, "reduction": 47.65601965601965, "validation": {"accuracy": 75.14987714987716}, "test": {"accuracy": 75.09951348960638}}, "0.1": {"time": 43.318909883499146, "reduction": 68.007371007371, "validation": {"accuracy": 75.21621621621621}, "test": {"accuracy": 75.21008403361344}}, "0.2": {"time": 41.89902210235596, "reduction": 68.007371007371, "validation": {"accuracy": 75.21621621621621}, "test": {"accuracy": 75.21008403361344}}, "0.3": {"time": 40.76714110374451, "reduction": 68.007371007371, "validation": {"accuracy": 75.21621621621621}, "test": {"accuracy": 75.21008403361344}}, "0.4": {"time": 40.778324127197266, "reduction": 68.007371007371, "validation": {"accuracy": 75.21621621621621}, "test": {"accuracy": 75.21008403361344}}, "0.5": {"time": 42.65027117729187, "reduction": 68.007371007371, "validation": {"accuracy": 75.21621621621621}, "test": {"accuracy": 75.21008403361344}}, "0.6": {"time": 41.893393993377686, "reduction": 68.007371007371, "validation": {"accuracy": 75.21621621621621}, "test": {"accuracy": 75.21008403361344}}, "0.7": {"time": 41.546720027923584, "reduction": 68.007371007371, "validation": {"accuracy": 75.21621621621621}, "test": {"accuracy": 75.21008403361344}}, "0.8": {"time": 40.784239053726196, "reduction": 68.007371007371, "validation": {"accuracy": 75.21621621621621}, "test": {"accuracy": 75.21008403361344}}, "0.9": {"time": 41.48518991470337, "reduction": 68.007371007371, "validation": {"accuracy": 75.21621621621621}, "test": {"accuracy": 75.21008403361344}}, "1.0": {"time": 38.78950595855713, "reduction": 99.997542997543, "validation": {"accuracy": 75.21621621621621}, "test": {"accuracy": 75.21008403361344}}}, "7": {"0.0": {"time": 43.19078183174133, "reduction": 47.511056511056516, "validation": {"accuracy": 74.42260442260442}, "test": {"accuracy": 74.7235736399823}}, "0.1": {"time": 42.7824330329895, "reduction": 67.96068796068796, "validation": {"accuracy": 75.21621621621621}, "test": {"accuracy": 75.21008403361344}}, "0.2": {"time": 42.923861026763916, "reduction": 67.96068796068796, "validation": {"accuracy": 75.21621621621621}, "test": {"accuracy": 75.21008403361344}}, "0.3": {"time": 42.66950583457947, "reduction": 67.96068796068796, "validation": {"accuracy": 75.21621621621621}, "test": {"accuracy": 75.21008403361344}}, "0.4": {"time": 43.352933168411255, "reduction": 67.96068796068796, "validation": {"accuracy": 75.21621621621621}, "test": {"accuracy": 75.21008403361344}}, "0.5": {"time": 43.486783027648926, "reduction": 67.96068796068796, "validation": {"accuracy": 75.21621621621621}, "test": {"accuracy": 75.21008403361344}}, "0.6": {"time": 44.00227403640747, "reduction": 67.96068796068796, "validation": {"accuracy": 75.21621621621621}, "test": {"accuracy": 75.21008403361344}},