{"3": {"0.0": {"time": 7.565505743026733, "reduction": 21.86651583710407, "validation": {"accuracy": 92.97511312217195}, "test": {"accuracy": 93.07535641547861}}, "0.1": {"time": 7.488188028335571, "reduction": 27.760180995475114, "validation": {"accuracy": 94.02714932126696}, "test": {"accuracy": 94.09368635437882}}, "0.2": {"time": 7.491703033447266, "reduction": 27.760180995475114, "validation": {"accuracy": 94.02714932126696}, "test": {"accuracy": 94.09368635437882}}, "0.3": {"time": 7.470906972885132, "reduction": 27.760180995475114, "validation": {"accuracy": 94.02714932126696}, "test": {"accuracy": 94.09368635437882}}, "0.4": {"time": 7.615616083145142, "reduction": 27.760180995475114, "validation": {"accuracy": 94.02714932126696}, "test": {"accuracy": 94.09368635437882}}, "0.5": {"time": 7.507048845291138, "reduction": 27.760180995475114, "validation": {"accuracy": 94.02714932126696}, "test": {"accuracy": 94.09368635437882}}, "0.6": {"time": 7.590149164199829, "reduction": 27.760180995475114, "validation": {"accuracy": 94.02714932126696}, "test": {"accuracy": 94.09368635437882}}, "0.7": {"time": 7.474366188049316, "reduction": 27.760180995475114, "validation": {"accuracy": 94.02714932126696}, "test": {"accuracy": 94.09368635437882}}, "0.8": {"time": 7.490894079208374, "reduction": 27.760180995475114, "validation": {"accuracy": 94.02714932126696}, "test": {"accuracy": 94.09368635437882}}, "0.9": {"time": 7.516253232955933, "reduction": 27.760180995475114, "validation": {"accuracy": 94.02714932126696}, "test": {"accuracy": 94.09368635437882}}, "1.0": {"time": 5.877079010009766, "reduction": 92.88461538461539, "validation": {"accuracy": 94.02714932126696}, "test": {"accuracy": 94.09368635437882}}}, "4": {"0.0": {"time": 7.492720127105713, "reduction": 23.337104072398184, "validation": {"accuracy": 93.46153846153847}, "test": {"accuracy": 93.78818737270875}}, "0.1": {"time": 7.4078209400177, "reduction": 29.2420814479638, "validation": {"accuracy": 94.02714932126696}, "test": {"accuracy": 94.09368635437882}}, "0.2": {"time": 7.443580865859985, "reduction": 29.2420814479638, "validation": {"accuracy": 94.02714932126696}, "test": {"accuracy": 94.09368635437882}}, "0.3": {"time": 7.426876068115234, "reduction": 29.2420814479638, "validation": {"accuracy": 94.02714932126696}, "test": {"accuracy": 94.09368635437882}}, "0.4": {"time": 7.431925058364868, "reduction": 29.2420814479638, "validation": {"accuracy": 94.02714932126696}, "test": {"accuracy": 94.09368635437882}}, "0.5": {"time": 7.511549949645996, "reduction": 29.2420814479638, "validation": {"accuracy": 94.02714932126696}, "test": {"accuracy": 94.09368635437882}}, "0.6": {"time": 7.437678813934326, "reduction": 29.2420814479638, "validation": {"accuracy": 94.02714932126696}, "test": {"accuracy": 94.09368635437882}}, "0.7": {"time": 7.419317960739136, "reduction": 29.2420814479638, "validation": {"accuracy": 94.02714932126696}, "test": {"accuracy": 94.09368635437882}}, "0.8": {"time": 7.405431747436523, "reduction": 29.2420814479638, "validation": {"accuracy": 94.02714932126696}, "test": {"accuracy": 94.09368635437882}}, "0.9": {"time": 7.419506072998047, "reduction": 29.2420814479638, "validation": {"accuracy": 94.02714932126696}, "test": {"accuracy": 94.09368635437882}}, "1.0": {"time": 5.935075998306274, "reduction": 94.1289592760181, "validation": {"accuracy": 94.02714932126696}, "test": {"accuracy": 94.09368635437882}}}, "5": {"0.0": {"time": 7.47198224067688, "reduction": 24.615384615384617, "validation": {"accuracy": 92.81674208144797}, "test": {"accuracy": 92.26069246435846}}, "0.1": {"time": 7.560425281524658, "reduction": 30.497737556561088, "validation": {"accuracy": 94.02714932126696}, "test": {"accuracy": 94.09368635437882}}, "0.2": {"time": 7.524129152297974, "reduction": 30.497737556561088, "validation": {"accuracy": 94.02714932126696}, "test": {"accuracy": 94.09368635437882}}, "0.3": {"time": 7.4183349609375, "reduction": 30.497737556561088, "validation": {"accuracy": 94.02714932126696}, "test": {"accuracy": 94.09368635437882}}, "0.4": {"time": 7.480306148529053, "reduction": 30.497737556561088, "validation": {"accuracy": 94.02714932126696}, "test": {"accuracy": 94.09368635437882}}, "0.5": {"time": 7.406868934631348, "reduction": 30.497737556561088, "validation": {"accuracy": 94.02714932126696}, "test": {"accuracy": 94.09368635437882}}, "0.6": {"time": 7.430135011672974, "reduction": 30.497737556561088, "validation": {"accuracy": 94.02714932126696}, "test": {"accuracy": 94.09368635437882}}, "0.7": {"time": 7.436628818511963, "reduction": 30.497737556561088, "validation": {"accuracy": 94.02714932126696}, "test": {"accuracy": 94.09368635437882}}, "0.8": {"time": 7.502892017364502, "reduction": 30.497737556561088, "validation": {"accuracy": 94.02714932126696}, "test": {"accuracy": 94.09368635437882}}, "0.9": {"time": 7.437932729721069, "reduction": 30.497737556561088, "validation": {"accuracy": 94.02714932126696}, "test": {"accuracy": 94.09368635437882}}, "1.0": {"time": 5.930005073547363, "reduction": 93.52941176470588, "validation": {"accuracy": 94.02714932126696}, "test": {"accuracy": 94.09368635437882}}}, "6": {"0.0": {"time": 7.465514898300171, "reduction": 23.631221719457017, "validation": {"accuracy": 92.74886877828055}, "test": {"accuracy": 93.38085539714868}}, "0.1": {"time": 7.402886152267456, "reduction": 29.54751131221719, "validation": {"accuracy": 94.02714932126696}, "test": {"accuracy": 94.09368635437882}}, "0.2": {"time": 7.456250905990601, "reduction": 29.54751131221719, "validation": {"accuracy": 94.02714932126696}, "test": {"accuracy": 94.09368635437882}}, "0.3": {"time": 7.416363000869751, "reduction": 29.54751131221719, "validation": {"accuracy": 94.02714932126696}, "test": {"accuracy": 94.09368635437882}}, "0.4": {"time": 7.4115309715271, "reduction": 29.54751131221719, "validation": {"accuracy": 94.02714932126696}, "test": {"accuracy": 94.09368635437882}}, "0.5": {"time": 7.40588116645813, "reduction": 29.54751131221719, "validation": {"accuracy": 94.02714932126696}, "test": {"accuracy": 94.09368635437882}}, "0.6": {"time": 7.530018091201782, "reduction": 29.54751131221719, "validation": {"accuracy": 94.02714932126696}, "test": {"accuracy": 94.09368635437882}}, "0.7": {"time": 7.454573154449463, "reduction": 29.54751131221719, "validation": {"accuracy": 94.02714932126696}, "test": {"accuracy": 94.09368635437882}}, "0.8": {"time": 7.4377217292785645, "reduction": 29.54751131221719, "validation": {"accuracy": 94.02714932126696}, "test": {"accuracy": 94.09368635437882}}, "0.9": {"time": 7.422673940658569, "reduction": 29.54751131221719, "validation": {"accuracy": 94.02714932126696}, "test": {"accuracy": 94.09368635437882}}, "1.0": {"time": 5.868603229522705, "reduction": 92.9185520361991, "validation": {"accuracy": 94.02714932126696}, "test": {"accuracy": 94.09368635437882}}}, "7": {"0.0": {"time": 7.3088178634643555, "reduction": 29.106334841628957, "validation": {"accuracy": 93.43891402714932}, "test": {"accuracy": 93.17718940936864}}, "0.1": {"time": 7.249166965484619, "reduction": 35.02262443438914, "validation": {"accuracy": 94.03846153846153}, "test": {"accuracy": 93.9918533604888}}, "0.2": {"time": 7.338740825653076, "reduction": 35.02262443438914, "validation": {"accuracy": 94.03846153846153}, "test": {"accuracy": 93.9918533604888}}, "0.3": {"time": 7.245850324630737, "reduction": 35.02262443438914, "validation": {"accuracy": 94.03846153846153}, "test": {"accuracy": 93.9918533604888}}, "0.4": {"time": 7.247505187988281, "reduction": 35.02262443438914, "validation": {"accuracy": 94.03846153846153}, "test": {"accuracy": 93.9918533604888}}, "0.5": {"time": 7.263187885284424, "reduction": 35.02262443438914, "validation": {"accuracy": 94.03846153846153}, "test": {"accuracy": 93.9918533604888}}, "0.6": {"time": 7.232397079467773, "reduction": 35.02262443438914, "validation": {"accuracy": 94.03846153846153}, "test": {"accuracy": 93.9918533604888}},