{"3": {"0.0": {"time": 0.00719904899597168, "reduction": 1.6014234875444844, "validation": {"accuracy": 22.597864768683273}, "test": {"accuracy": 22.22222222222222}}, "0.1": {"time": 0.006056785583496094, "reduction": 9.430604982206404, "validation": {"accuracy": 48.220640569395016}, "test": {"accuracy": 34.92063492063492}}, "0.2": {"time": 0.008199930191040039, "reduction": 9.430604982206404, "validation": {"accuracy": 48.220640569395016}, "test": {"accuracy": 34.92063492063492}}, "0.3": {"time": 0.005227804183959961, "reduction": 9.430604982206404, "validation": {"accuracy": 48.220640569395016}, "test": {"accuracy": 34.92063492063492}}, "0.4": {"time": 0.0061800479888916016, "reduction": 9.430604982206404, "validation": {"accuracy": 48.220640569395016}, "test": {"accuracy": 34.92063492063492}}, "0.5": {"time": 0.004803895950317383, "reduction": 12.277580071174377, "validation": {"accuracy": 48.220640569395016}, "test": {"accuracy": 34.92063492063492}}, "0.6": {"time": 0.0043201446533203125, "reduction": 16.548042704626333, "validation": {"accuracy": 48.220640569395016}, "test": {"accuracy": 38.095238095238095}}, "0.7": {"time": 0.004871845245361328, "reduction": 29.715302491103202, "validation": {"accuracy": 48.220640569395016}, "test": {"accuracy": 39.682539682539684}}, "0.8": {"time": 0.004776954650878906, "reduction": 48.04270462633452, "validation": {"accuracy": 48.04270462633452}, "test": {"accuracy": 46.03174603174603}}, "0.9": {"time": 0.005110979080200195, "reduction": 71.17437722419928, "validation": {"accuracy": 46.79715302491103}, "test": {"accuracy": 47.61904761904761}}, "1.0": {"time": 0.004163980484008789, "reduction": 84.51957295373666, "validation": {"accuracy": 46.08540925266904}, "test": {"accuracy": 46.03174603174603}}}, "4": {"0.0": {"time": 0.005657196044921875, "reduction": 1.7793594306049876, "validation": {"accuracy": 18.683274021352315}, "test": {"accuracy": 31.746031746031743}}, "0.1": {"time": 0.004633903503417969, "reduction": 9.430604982206404, "validation": {"accuracy": 47.50889679715303}, "test": {"accuracy": 41.269841269841265}}, "0.2": {"time": 0.005892038345336914, "reduction": 9.430604982206404, "validation": {"accuracy": 47.50889679715303}, "test": {"accuracy": 41.269841269841265}}, "0.3": {"time": 0.004971981048583984, "reduction": 9.430604982206404, "validation": {"accuracy": 47.50889679715303}, "test": {"accuracy": 41.269841269841265}}, "0.4": {"time": 0.005756855010986328, "reduction": 9.430604982206404, "validation": {"accuracy": 47.50889679715303}, "test": {"accuracy": 41.269841269841265}}, "0.5": {"time": 0.005155086517333984, "reduction": 9.430604982206404, "validation": {"accuracy": 47.50889679715303}, "test": {"accuracy": 41.269841269841265}}, "0.6": {"time": 0.00600433349609375, "reduction": 16.903914590747327, "validation": {"accuracy": 47.50889679715303}, "test": {"accuracy": 42.857142857142854}}, "0.7": {"time": 0.0043909549713134766, "reduction": 29.715302491103202, "validation": {"accuracy": 47.86476868327402}, "test": {"accuracy": 44.44444444444444}}, "0.8": {"time": 0.00407719612121582, "reduction": 48.04270462633452, "validation": {"accuracy": 47.686832740213525}, "test": {"accuracy": 46.03174603174603}}, "0.9": {"time": 0.004807949066162109, "reduction": 72.06405693950177, "validation": {"accuracy": 46.97508896797153}, "test": {"accuracy": 49.2063492063492}}, "1.0": {"time": 0.004395961761474609, "reduction": 86.29893238434163, "validation": {"accuracy": 46.08540925266904}, "test": {"accuracy": 46.03174603174603}}}, "5": {"0.0": {"time": 0.0048220157623291016, "reduction": 1.9572953736654797, "validation": {"accuracy": 10.498220640569395}, "test": {"accuracy": 25.396825396825395}}, "0.1": {"time": 0.004913806915283203, "reduction": 9.608540925266906, "validation": {"accuracy": 47.86476868327402}, "test": {"accuracy": 46.03174603174603}}, "0.2": {"time": 0.0048601627349853516, "reduction": 9.608540925266906, "validation": {"accuracy": 47.86476868327402}, "test": {"accuracy": 46.03174603174603}}, "0.3": {"time": 0.005617856979370117, "reduction": 9.608540925266906, "validation": {"accuracy": 47.86476868327402}, "test": {"accuracy": 46.03174603174603}}, "0.4": {"time": 0.005117893218994141, "reduction": 9.608540925266906, "validation": {"accuracy": 47.86476868327402}, "test": {"accuracy": 46.03174603174603}}, "0.5": {"time": 0.004745960235595703, "reduction": 12.099644128113884, "validation": {"accuracy": 47.86476868327402}, "test": {"accuracy": 46.03174603174603}}, "0.6": {"time": 0.0045032501220703125, "reduction": 16.37010676156584, "validation": {"accuracy": 47.86476868327402}, "test": {"accuracy": 49.2063492063492}}, "0.7": {"time": 0.0043659210205078125, "reduction": 29.53736654804271, "validation": {"accuracy": 47.86476868327402}, "test": {"accuracy": 49.2063492063492}}, "0.8": {"time": 0.004224061965942383, "reduction": 47.50889679715302, "validation": {"accuracy": 48.04270462633452}, "test": {"accuracy": 47.61904761904761}}, "0.9": {"time": 0.0041310787200927734, "reduction": 70.46263345195729, "validation": {"accuracy": 46.97508896797153}, "test": {"accuracy": 47.61904761904761}}, "1.0": {"time": 0.004086017608642578, "reduction": 85.05338078291815, "validation": {"accuracy": 46.08540925266904}, "test": {"accuracy": 46.03174603174603}}}, "6": {"0.0": {"time": 0.004628896713256836, "reduction": 1.243339253996445, "validation": {"accuracy": 11.012433392539965}, "test": {"accuracy": 16.129032258064516}}, "0.1": {"time": 0.004770040512084961, "reduction": 9.058614564831258, "validation": {"accuracy": 47.246891651865006}, "test": {"accuracy": 41.935483870967744}}, "0.2": {"time": 0.0057408809661865234, "reduction": 9.058614564831258, "validation": {"accuracy": 47.246891651865006}, "test": {"accuracy": 41.935483870967744}}, "0.3": {"time": 0.005475282669067383, "reduction": 9.058614564831258, "validation": {"accuracy": 47.246891651865006}, "test": {"accuracy": 41.935483870967744}}, "0.4": {"time": 0.005380868911743164, "reduction": 9.058614564831258, "validation": {"accuracy": 47.246891651865006}, "test": {"accuracy": 41.935483870967744}}, "0.5": {"time": 0.004536151885986328, "reduction": 11.545293072824158, "validation": {"accuracy": 47.246891651865006}, "test": {"accuracy": 41.935483870967744}}, "0.6": {"time": 0.004558086395263672, "reduction": 16.51865008880995, "validation": {"accuracy": 47.246891651865006}, "test": {"accuracy": 41.935483870967744}}, "0.7": {"time": 0.004380941390991211, "reduction": 30.017761989342805, "validation": {"accuracy": 47.7797513321492}, "test": {"accuracy": 45.16129032258064}}, "0.8": {"time": 0.004235982894897461, "reduction": 48.49023090586145, "validation": {"accuracy": 47.60213143872114}, "test": {"accuracy": 43.54838709677419}}, "0.9": {"time": 0.004055023193359375, "reduction": 71.04795737122558, "validation": {"accuracy": 46.89165186500888}, "test": {"accuracy": 46.774193548387096}}, "1.0": {"time": 0.004047870635986328, "reduction": 85.79040852575488, "validation": {"accuracy": 46.00355239786856}, "test": {"accuracy": 46.774193548387096}}}, "7": {"0.0": {"time": 0.004703998565673828, "reduction": 1.9538188277087087, "validation": {"accuracy": 10.657193605683837}, "test": {"accuracy": 19.35483870967742}}, "0.1": {"time": 0.0048639774322509766, "reduction": 9.59147424511545, "validation": {"accuracy": 48.31261101243339}, "test": {"accuracy": 38.70967741935484}}, "0.2": {"time": 0.005532979965209961, "reduction": 9.59147424511545, "validation": {"accuracy": 48.31261101243339}, "test": {"accuracy": 38.70967741935484}}, "0.3": {"time": 0.004996061325073242, "reduction": 9.59147424511545, "validation": {"accuracy": 48.31261101243339}, "test": {"accuracy": 38.70967741935484}}, "0.4": {"time": 0.005008220672607422, "reduction": 9.59147424511545, "validation": {"accuracy": 48.31261101243339}, "test": {"accuracy": 38.70967741935484}}, "0.5": {"time": 0.004636049270629883, "reduction": 9.59147424511545, "validation": {"accuracy": 48.31261101243339},