{"3": {"0.0": {"time": 0.03628396987915039, "reduction": 13.558052434456924, "validation": {"accuracy": 28.764044943820227}, "test": {"accuracy": 28.859060402684566}}, "0.1": {"time": 0.034459829330444336, "reduction": 22.92134831460674, "validation": {"accuracy": 29.138576779026216}, "test": {"accuracy": 28.187919463087248}}, "0.2": {"time": 0.03408408164978027, "reduction": 25.0187265917603, "validation": {"accuracy": 28.98876404494382}, "test": {"accuracy": 27.516778523489933}}, "0.3": {"time": 0.03394293785095215, "reduction": 25.0187265917603, "validation": {"accuracy": 28.98876404494382}, "test": {"accuracy": 27.516778523489933}}, "0.4": {"time": 0.036267995834350586, "reduction": 35.056179775280896, "validation": {"accuracy": 28.98876404494382}, "test": {"accuracy": 27.516778523489933}}, "0.5": {"time": 0.03402233123779297, "reduction": 35.056179775280896, "validation": {"accuracy": 28.98876404494382}, "test": {"accuracy": 27.516778523489933}}, "0.6": {"time": 0.03271603584289551, "reduction": 50.187265917603, "validation": {"accuracy": 28.98876404494382}, "test": {"accuracy": 28.187919463087248}}, "0.7": {"time": 0.03536391258239746, "reduction": 50.187265917603, "validation": {"accuracy": 28.98876404494382}, "test": {"accuracy": 28.187919463087248}}, "0.8": {"time": 0.03293585777282715, "reduction": 50.187265917603, "validation": {"accuracy": 28.98876404494382}, "test": {"accuracy": 28.187919463087248}}, "0.9": {"time": 0.03178119659423828, "reduction": 57.22846441947566, "validation": {"accuracy": 32.88389513108614}, "test": {"accuracy": 28.187919463087248}}, "1.0": {"time": 0.030358076095581055, "reduction": 99.9250936329588, "validation": {"accuracy": 31.235955056179776}, "test": {"accuracy": 30.87248322147651}}}, "4": {"0.0": {"time": 0.0342409610748291, "reduction": 13.63295880149813, "validation": {"accuracy": 28.46441947565543}, "test": {"accuracy": 28.859060402684566}}, "0.1": {"time": 0.03492021560668945, "reduction": 22.92134831460674, "validation": {"accuracy": 28.764044943820227}, "test": {"accuracy": 29.53020134228188}}, "0.2": {"time": 0.034410953521728516, "reduction": 25.243445692883892, "validation": {"accuracy": 28.764044943820227}, "test": {"accuracy": 29.53020134228188}}, "0.3": {"time": 0.034143924713134766, "reduction": 25.243445692883892, "validation": {"accuracy": 28.764044943820227}, "test": {"accuracy": 29.53020134228188}}, "0.4": {"time": 0.033361196517944336, "reduction": 35.43071161048689, "validation": {"accuracy": 28.764044943820227}, "test": {"accuracy": 29.53020134228188}}, "0.5": {"time": 0.033178091049194336, "reduction": 35.43071161048689, "validation": {"accuracy": 28.764044943820227}, "test": {"accuracy": 29.53020134228188}}, "0.6": {"time": 0.03255796432495117, "reduction": 49.887640449438194, "validation": {"accuracy": 28.83895131086142}, "test": {"accuracy": 30.201342281879196}}, "0.7": {"time": 0.03231501579284668, "reduction": 49.887640449438194, "validation": {"accuracy": 28.83895131086142}, "test": {"accuracy": 30.201342281879196}}, "0.8": {"time": 0.03234100341796875, "reduction": 49.887640449438194, "validation": {"accuracy": 28.83895131086142}, "test": {"accuracy": 30.201342281879196}}, "0.9": {"time": 0.03196287155151367, "reduction": 52.43445692883895, "validation": {"accuracy": 31.46067415730337}, "test": {"accuracy": 30.87248322147651}}, "1.0": {"time": 0.03050398826599121, "reduction": 99.9250936329588, "validation": {"accuracy": 31.161048689138575}, "test": {"accuracy": 31.543624161073826}}}, "5": {"0.0": {"time": 0.034651994705200195, "reduction": 14.595808383233532, "validation": {"accuracy": 23.952095808383234}, "test": {"accuracy": 19.594594594594593}}, "0.1": {"time": 0.0341038703918457, "reduction": 24.176646706586823, "validation": {"accuracy": 25.0}, "test": {"accuracy": 20.945945945945947}}, "0.2": {"time": 0.03402400016784668, "reduction": 26.42215568862275, "validation": {"accuracy": 24.775449101796408}, "test": {"accuracy": 20.945945945945947}}, "0.3": {"time": 0.03348135948181152, "reduction": 26.42215568862275, "validation": {"accuracy": 24.775449101796408}, "test": {"accuracy": 20.945945945945947}}, "0.4": {"time": 0.033566951751708984, "reduction": 36.67664670658682, "validation": {"accuracy": 28.29341317365269}, "test": {"accuracy": 29.054054054054053}}, "0.5": {"time": 0.03358006477355957, "reduction": 36.67664670658682, "validation": {"accuracy": 28.29341317365269}, "test": {"accuracy": 29.054054054054053}}, "0.6": {"time": 0.03392791748046875, "reduction": 51.87125748502994, "validation": {"accuracy": 28.66766467065868}, "test": {"accuracy": 29.054054054054053}}, "0.7": {"time": 0.03243088722229004, "reduction": 51.87125748502994, "validation": {"accuracy": 28.66766467065868}, "test": {"accuracy": 29.054054054054053}}, "0.8": {"time": 0.03255414962768555, "reduction": 51.87125748502994, "validation": {"accuracy": 28.66766467065868}, "test": {"accuracy": 29.054054054054053}}, "0.9": {"time": 0.03217625617980957, "reduction": 55.464071856287426, "validation": {"accuracy": 31.437125748502993}, "test": {"accuracy": 31.756756756756754}}, "1.0": {"time": 0.0308840274810791, "reduction": 99.92514970059881, "validation": {"accuracy": 31.137724550898206}, "test": {"accuracy": 31.756756756756754}}}, "6": {"0.0": {"time": 0.034646034240722656, "reduction": 15.568862275449103, "validation": {"accuracy": 21.407185628742514}, "test": {"accuracy": 21.62162162162162}}, "0.1": {"time": 0.04211616516113281, "reduction": 25.22455089820359, "validation": {"accuracy": 22.005988023952096}, "test": {"accuracy": 21.62162162162162}}, "0.2": {"time": 0.03406381607055664, "reduction": 27.17065868263473, "validation": {"accuracy": 21.931137724550897}, "test": {"accuracy": 21.62162162162162}}, "0.3": {"time": 0.033226966857910156, "reduction": 27.17065868263473, "validation": {"accuracy": 21.931137724550897}, "test": {"accuracy": 21.62162162162162}}, "0.4": {"time": 0.033306121826171875, "reduction": 37.20059880239521, "validation": {"accuracy": 28.967065868263475}, "test": {"accuracy": 31.08108108108108}}, "0.5": {"time": 0.03328394889831543, "reduction": 37.20059880239521, "validation": {"accuracy": 28.967065868263475}, "test": {"accuracy": 31.08108108108108}}, "0.6": {"time": 0.03236103057861328, "reduction": 51.796407185628745, "validation": {"accuracy": 28.892215568862273}, "test": {"accuracy": 30.405405405405407}}, "0.7": {"time": 0.03229403495788574, "reduction": 51.796407185628745, "validation": {"accuracy": 28.892215568862273}, "test": {"accuracy": 30.405405405405407}}, "0.8": {"time": 0.03214693069458008, "reduction": 51.796407185628745, "validation": {"accuracy": 28.892215568862273}, "test": {"accuracy": 30.405405405405407}}, "0.9": {"time": 0.031883955001831055, "reduction": 57.78443113772455, "validation": {"accuracy": 29.416167664670656}, "test": {"accuracy": 30.405405405405407}}, "1.0": {"time": 0.030673742294311523, "reduction": 99.92514970059881, "validation": {"accuracy": 31.137724550898206}, "test": {"accuracy": 31.756756756756754}}}, "7": {"0.0": {"time": 0.03466796875, "reduction": 14.67065868263473, "validation": {"accuracy": 28.967065868263475}, "test": {"accuracy": 29.054054054054053}}, "0.1": {"time": 0.03409385681152344, "reduction": 24.401197604790415, "validation": {"accuracy": 30.01497005988024}, "test": {"accuracy": 29.72972972972973}}, "0.2": {"time": 0.03389883041381836, "reduction": 26.347305389221553, "validation": {"accuracy": 30.01497005988024}, "test": {"accuracy": 29.72972972972973}}, "0.3": {"time": 0.03390693664550781, "reduction": 26.347305389221553, "validation": {"accuracy": 30.01497005988024}, "test": {"accuracy": 29.72972972972973}}, "0.4": {"time": 0.03326010704040527, "reduction": 36.601796407185624, "validation": {"accuracy": 30.763473053892216}, "test": {"accuracy": 31.756756756756754}}, "0.5": {"time": 0.03344082832336426, "reduction": 36.601796407185624, "validation": {"accuracy": 30.763473053892216}, "test": {"accuracy": 31.756756756756754}},