{"3": {"0.0": {"time": 0.007410764694213867, "reduction": 43.41534008683068, "validation": {"accuracy": 69.03039073806077}, "test": {"accuracy": 54.54545454545454}}, "0.1": {"time": 0.007218122482299805, "reduction": 56.150506512301014, "validation": {"accuracy": 69.03039073806077}, "test": {"accuracy": 54.54545454545454}}, "0.2": {"time": 0.007177114486694336, "reduction": 67.58321273516643, "validation": {"accuracy": 65.12301013024602}, "test": {"accuracy": 64.93506493506493}}, "0.3": {"time": 0.007044792175292969, "reduction": 67.58321273516643, "validation": {"accuracy": 65.12301013024602}, "test": {"accuracy": 64.93506493506493}}, "0.4": {"time": 0.008630990982055664, "reduction": 67.58321273516643, "validation": {"accuracy": 65.12301013024602}, "test": {"accuracy": 64.93506493506493}}, "0.5": {"time": 0.007781028747558594, "reduction": 67.58321273516643, "validation": {"accuracy": 65.12301013024602}, "test": {"accuracy": 64.93506493506493}}, "0.6": {"time": 0.007655143737792969, "reduction": 67.58321273516643, "validation": {"accuracy": 65.12301013024602}, "test": {"accuracy": 64.93506493506493}}, "0.7": {"time": 0.009860992431640625, "reduction": 67.58321273516643, "validation": {"accuracy": 65.12301013024602}, "test": {"accuracy": 64.93506493506493}}, "0.8": {"time": 0.007665872573852539, "reduction": 67.58321273516643, "validation": {"accuracy": 65.12301013024602}, "test": {"accuracy": 64.93506493506493}}, "0.9": {"time": 0.008229255676269531, "reduction": 79.16063675832127, "validation": {"accuracy": 65.12301013024602}, "test": {"accuracy": 64.93506493506493}}, "1.0": {"time": 0.006959199905395508, "reduction": 99.85528219971056, "validation": {"accuracy": 65.12301013024602}, "test": {"accuracy": 64.93506493506493}}}, "4": {"0.0": {"time": 0.0075838565826416016, "reduction": 47.467438494934875, "validation": {"accuracy": 65.99131693198264}, "test": {"accuracy": 63.63636363636363}}, "0.1": {"time": 0.008985042572021484, "reduction": 61.21562952243126, "validation": {"accuracy": 65.99131693198264}, "test": {"accuracy": 63.63636363636363}}, "0.2": {"time": 0.007258892059326172, "reduction": 70.33285094066571, "validation": {"accuracy": 65.12301013024602}, "test": {"accuracy": 64.93506493506493}}, "0.3": {"time": 0.0072438716888427734, "reduction": 70.33285094066571, "validation": {"accuracy": 65.12301013024602}, "test": {"accuracy": 64.93506493506493}}, "0.4": {"time": 0.011037349700927734, "reduction": 70.33285094066571, "validation": {"accuracy": 65.12301013024602}, "test": {"accuracy": 64.93506493506493}}, "0.5": {"time": 0.008114814758300781, "reduction": 70.33285094066571, "validation": {"accuracy": 65.12301013024602}, "test": {"accuracy": 64.93506493506493}}, "0.6": {"time": 0.007917165756225586, "reduction": 70.33285094066571, "validation": {"accuracy": 65.12301013024602}, "test": {"accuracy": 64.93506493506493}}, "0.7": {"time": 0.007521152496337891, "reduction": 70.33285094066571, "validation": {"accuracy": 65.12301013024602}, "test": {"accuracy": 64.93506493506493}}, "0.8": {"time": 0.008150100708007812, "reduction": 70.33285094066571, "validation": {"accuracy": 65.12301013024602}, "test": {"accuracy": 64.93506493506493}}, "0.9": {"time": 0.009946107864379883, "reduction": 82.4891461649783, "validation": {"accuracy": 65.12301013024602}, "test": {"accuracy": 64.93506493506493}}, "1.0": {"time": 0.007278919219970703, "reduction": 99.85528219971056, "validation": {"accuracy": 65.12301013024602}, "test": {"accuracy": 64.93506493506493}}}, "5": {"0.0": {"time": 0.00801396369934082, "reduction": 46.30969609261939, "validation": {"accuracy": 66.42547033285095}, "test": {"accuracy": 61.038961038961034}}, "0.1": {"time": 0.008036136627197266, "reduction": 58.17655571635312, "validation": {"accuracy": 66.42547033285095}, "test": {"accuracy": 61.038961038961034}}, "0.2": {"time": 0.007642984390258789, "reduction": 68.45151953690304, "validation": {"accuracy": 65.12301013024602}, "test": {"accuracy": 64.93506493506493}}, "0.3": {"time": 0.00775599479675293, "reduction": 68.45151953690304, "validation": {"accuracy": 65.12301013024602}, "test": {"accuracy": 64.93506493506493}}, "0.4": {"time": 0.007452964782714844, "reduction": 68.45151953690304, "validation": {"accuracy": 65.12301013024602}, "test": {"accuracy": 64.93506493506493}}, "0.5": {"time": 0.007287025451660156, "reduction": 68.45151953690304, "validation": {"accuracy": 65.12301013024602}, "test": {"accuracy": 64.93506493506493}}, "0.6": {"time": 0.010684967041015625, "reduction": 68.45151953690304, "validation": {"accuracy": 65.12301013024602}, "test": {"accuracy": 64.93506493506493}}, "0.7": {"time": 0.007311105728149414, "reduction": 68.45151953690304, "validation": {"accuracy": 65.12301013024602}, "test": {"accuracy": 64.93506493506493}}, "0.8": {"time": 0.007327079772949219, "reduction": 68.45151953690304, "validation": {"accuracy": 65.12301013024602}, "test": {"accuracy": 64.93506493506493}}, "0.9": {"time": 0.0071868896484375, "reduction": 78.14761215629522, "validation": {"accuracy": 65.12301013024602}, "test": {"accuracy": 64.93506493506493}}, "1.0": {"time": 0.006912708282470703, "reduction": 99.85528219971056, "validation": {"accuracy": 65.12301013024602}, "test": {"accuracy": 64.93506493506493}}}, "6": {"0.0": {"time": 0.007798910140991211, "reduction": 40.37626628075254, "validation": {"accuracy": 65.41244573082489}, "test": {"accuracy": 64.93506493506493}}, "0.1": {"time": 0.007679939270019531, "reduction": 58.17655571635312, "validation": {"accuracy": 65.41244573082489}, "test": {"accuracy": 64.93506493506493}}, "0.2": {"time": 0.007498979568481445, "reduction": 64.2547033285094, "validation": {"accuracy": 65.12301013024602}, "test": {"accuracy": 64.93506493506493}}, "0.3": {"time": 0.007688045501708984, "reduction": 64.2547033285094, "validation": {"accuracy": 65.12301013024602}, "test": {"accuracy": 64.93506493506493}}, "0.4": {"time": 0.0071599483489990234, "reduction": 64.2547033285094, "validation": {"accuracy": 65.12301013024602}, "test": {"accuracy": 64.93506493506493}}, "0.5": {"time": 0.007232666015625, "reduction": 64.2547033285094, "validation": {"accuracy": 65.12301013024602}, "test": {"accuracy": 64.93506493506493}}, "0.6": {"time": 0.00755000114440918, "reduction": 64.2547033285094, "validation": {"accuracy": 65.12301013024602}, "test": {"accuracy": 64.93506493506493}}, "0.7": {"time": 0.0071980953216552734, "reduction": 64.2547033285094, "validation": {"accuracy": 65.12301013024602}, "test": {"accuracy": 64.93506493506493}}, "0.8": {"time": 0.00718998908996582, "reduction": 64.2547033285094, "validation": {"accuracy": 65.12301013024602}, "test": {"accuracy": 64.93506493506493}}, "0.9": {"time": 0.007645130157470703, "reduction": 71.78002894356005, "validation": {"accuracy": 65.12301013024602}, "test": {"accuracy": 64.93506493506493}}, "1.0": {"time": 0.00665283203125, "reduction": 99.85528219971056, "validation": {"accuracy": 65.12301013024602}, "test": {"accuracy": 64.93506493506493}}}, "7": {"0.0": {"time": 0.0074040889739990234, "reduction": 39.797395079594786, "validation": {"accuracy": 62.51808972503618}, "test": {"accuracy": 36.36363636363637}}, "0.1": {"time": 0.008113861083984375, "reduction": 52.821997105643995, "validation": {"accuracy": 62.51808972503618}, "test": {"accuracy": 36.36363636363637}}, "0.2": {"time": 0.007143974304199219, "reduction": 64.54413892908828, "validation": {"accuracy": 65.12301013024602}, "test": {"accuracy": 64.93506493506493}}, "0.3": {"time": 0.0069179534912109375, "reduction": 64.54413892908828, "validation": {"accuracy": 65.12301013024602}, "test": {"accuracy": 64.93506493506493}}, "0.4": {"time": 0.007154226303100586, "reduction": 64.54413892908828, "validation": {"accuracy": 65.12301013024602}, "test": {"accuracy": 64.93506493506493}}, "0.5": {"time": 0.007122039794921875, "reduction": 64.54413892908828, "validation": {"accuracy": 65.12301013024602}, "test": {"accuracy": 64.93506493506493}},