{"3": {"0.0": {"time": 0.0024819374084472656, "reduction": 3.084832904884316, "validation": {"accuracy": 52.95629820051414}, "test": {"accuracy": 48.837209302325576}}, "0.1": {"time": 0.002119779586791992, "reduction": 31.362467866323907, "validation": {"accuracy": 52.95629820051414}, "test": {"accuracy": 48.837209302325576}}, "0.2": {"time": 0.002274036407470703, "reduction": 46.27249357326478, "validation": {"accuracy": 52.95629820051414}, "test": {"accuracy": 48.837209302325576}}, "0.3": {"time": 0.0019609928131103516, "reduction": 47.04370179948586, "validation": {"accuracy": 52.95629820051414}, "test": {"accuracy": 48.837209302325576}}, "0.4": {"time": 0.002385854721069336, "reduction": 47.30077120822622, "validation": {"accuracy": 52.69922879177378}, "test": {"accuracy": 53.48837209302325}}, "0.5": {"time": 0.0025959014892578125, "reduction": 47.30077120822622, "validation": {"accuracy": 52.69922879177378}, "test": {"accuracy": 53.48837209302325}}, "0.6": {"time": 0.0021257400512695312, "reduction": 47.30077120822622, "validation": {"accuracy": 52.69922879177378}, "test": {"accuracy": 53.48837209302325}}, "0.7": {"time": 0.001978158950805664, "reduction": 47.55784061696659, "validation": {"accuracy": 52.69922879177378}, "test": {"accuracy": 53.48837209302325}}, "0.8": {"time": 0.002167940139770508, "reduction": 64.52442159383034, "validation": {"accuracy": 52.69922879177378}, "test": {"accuracy": 53.48837209302325}}, "0.9": {"time": 0.0018720626831054688, "reduction": 64.52442159383034, "validation": {"accuracy": 52.69922879177378}, "test": {"accuracy": 53.48837209302325}}, "1.0": {"time": 0.0020749568939208984, "reduction": 64.52442159383034, "validation": {"accuracy": 52.69922879177378}, "test": {"accuracy": 53.48837209302325}}}, "4": {"0.0": {"time": 0.002500772476196289, "reduction": 3.3419023136246784, "validation": {"accuracy": 51.9280205655527}, "test": {"accuracy": 60.46511627906976}}, "0.1": {"time": 0.0026252269744873047, "reduction": 46.27249357326478, "validation": {"accuracy": 51.9280205655527}, "test": {"accuracy": 60.46511627906976}}, "0.2": {"time": 0.0020401477813720703, "reduction": 46.529562982005146, "validation": {"accuracy": 51.9280205655527}, "test": {"accuracy": 60.46511627906976}}, "0.3": {"time": 0.0020110607147216797, "reduction": 47.04370179948586, "validation": {"accuracy": 51.9280205655527}, "test": {"accuracy": 60.46511627906976}}, "0.4": {"time": 0.002040863037109375, "reduction": 47.30077120822622, "validation": {"accuracy": 52.69922879177378}, "test": {"accuracy": 53.48837209302325}}, "0.5": {"time": 0.002321004867553711, "reduction": 47.30077120822622, "validation": {"accuracy": 52.69922879177378}, "test": {"accuracy": 53.48837209302325}}, "0.6": {"time": 0.002458810806274414, "reduction": 47.30077120822622, "validation": {"accuracy": 52.69922879177378}, "test": {"accuracy": 53.48837209302325}}, "0.7": {"time": 0.0022690296173095703, "reduction": 47.30077120822622, "validation": {"accuracy": 52.69922879177378}, "test": {"accuracy": 53.48837209302325}}, "0.8": {"time": 0.002402067184448242, "reduction": 47.55784061696659, "validation": {"accuracy": 52.69922879177378}, "test": {"accuracy": 53.48837209302325}}, "0.9": {"time": 0.0020732879638671875, "reduction": 47.814910025706936, "validation": {"accuracy": 52.69922879177378}, "test": {"accuracy": 53.48837209302325}}, "1.0": {"time": 0.0018641948699951172, "reduction": 83.29048843187661, "validation": {"accuracy": 52.69922879177378}, "test": {"accuracy": 53.48837209302325}}}, "5": {"0.0": {"time": 0.0023469924926757812, "reduction": 3.084832904884316, "validation": {"accuracy": 52.44215938303341}, "test": {"accuracy": 46.51162790697674}}, "0.1": {"time": 0.0021791458129882812, "reduction": 31.619537275064268, "validation": {"accuracy": 52.44215938303341}, "test": {"accuracy": 46.51162790697674}}, "0.2": {"time": 0.0020308494567871094, "reduction": 46.27249357326478, "validation": {"accuracy": 52.44215938303341}, "test": {"accuracy": 46.51162790697674}}, "0.3": {"time": 0.0021691322326660156, "reduction": 47.04370179948586, "validation": {"accuracy": 52.44215938303341}, "test": {"accuracy": 46.51162790697674}}, "0.4": {"time": 0.0020630359649658203, "reduction": 47.30077120822622, "validation": {"accuracy": 52.69922879177378}, "test": {"accuracy": 53.48837209302325}}, "0.5": {"time": 0.0024111270904541016, "reduction": 47.30077120822622, "validation": {"accuracy": 52.69922879177378}, "test": {"accuracy": 53.48837209302325}}, "0.6": {"time": 0.0020599365234375, "reduction": 47.30077120822622, "validation": {"accuracy": 52.69922879177378}, "test": {"accuracy": 53.48837209302325}}, "0.7": {"time": 0.0024466514587402344, "reduction": 47.55784061696659, "validation": {"accuracy": 52.69922879177378}, "test": {"accuracy": 53.48837209302325}}, "0.8": {"time": 0.0019390583038330078, "reduction": 64.26735218508998, "validation": {"accuracy": 52.69922879177378}, "test": {"accuracy": 53.48837209302325}}, "0.9": {"time": 0.0020270347595214844, "reduction": 64.26735218508998, "validation": {"accuracy": 52.69922879177378}, "test": {"accuracy": 53.48837209302325}}, "1.0": {"time": 0.0021278858184814453, "reduction": 64.26735218508998, "validation": {"accuracy": 52.69922879177378}, "test": {"accuracy": 53.48837209302325}}}, "6": {"0.0": {"time": 0.0023331642150878906, "reduction": 1.5424164524421635, "validation": {"accuracy": 52.44215938303341}, "test": {"accuracy": 44.18604651162791}}, "0.1": {"time": 0.002343893051147461, "reduction": 30.59125964010283, "validation": {"accuracy": 52.44215938303341}, "test": {"accuracy": 44.18604651162791}}, "0.2": {"time": 0.0025022029876708984, "reduction": 31.105398457583544, "validation": {"accuracy": 52.44215938303341}, "test": {"accuracy": 44.18604651162791}}, "0.3": {"time": 0.001950979232788086, "reduction": 46.529562982005146, "validation": {"accuracy": 52.44215938303341}, "test": {"accuracy": 44.18604651162791}}, "0.4": {"time": 0.0025148391723632812, "reduction": 47.30077120822622, "validation": {"accuracy": 52.69922879177378}, "test": {"accuracy": 53.48837209302325}}, "0.5": {"time": 0.0019850730895996094, "reduction": 47.30077120822622, "validation": {"accuracy": 52.69922879177378}, "test": {"accuracy": 53.48837209302325}}, "0.6": {"time": 0.0020799636840820312, "reduction": 47.30077120822622, "validation": {"accuracy": 52.69922879177378}, "test": {"accuracy": 53.48837209302325}}, "0.7": {"time": 0.0020759105682373047, "reduction": 63.75321336760926, "validation": {"accuracy": 52.69922879177378}, "test": {"accuracy": 53.48837209302325}}, "0.8": {"time": 0.00185394287109375, "reduction": 64.01028277634961, "validation": {"accuracy": 52.69922879177378}, "test": {"accuracy": 53.48837209302325}}, "0.9": {"time": 0.002259969711303711, "reduction": 64.52442159383034, "validation": {"accuracy": 52.69922879177378}, "test": {"accuracy": 53.48837209302325}}, "1.0": {"time": 0.0022509098052978516, "reduction": 64.52442159383034, "validation": {"accuracy": 52.69922879177378}, "test": {"accuracy": 53.48837209302325}}}, "7": {"0.0": {"time": 0.0025811195373535156, "reduction": 2.3136246786632397, "validation": {"accuracy": 50.899742930591266}, "test": {"accuracy": 58.139534883720934}}, "0.1": {"time": 0.002087116241455078, "reduction": 15.681233933161954, "validation": {"accuracy": 50.899742930591266}, "test": {"accuracy": 58.139534883720934}}, "0.2": {"time": 0.0027968883514404297, "reduction": 15.938303341902316, "validation": {"accuracy": 50.899742930591266}, "test": {"accuracy": 58.139534883720934}}, "0.3": {"time": 0.002006053924560547, "reduction": 46.786632390745496, "validation": {"accuracy": 50.899742930591266}, "test": {"accuracy": 58.139534883720934}}, "0.4": {"time": 0.002376079559326172, "reduction": 47.30077120822622, "validation": {"accuracy": 52.69922879177378}, "test": {"accuracy": 53.48837209302325}}, "0.5": {"time": 0.0020427703857421875, "reduction": 47.30077120822622, "validation": {"accuracy": 52.69922879177378},