{"3": {"0.0": {"time": 0.035913944244384766, "reduction": 13.183520599250931, "validation": {"accuracy": 12.209737827715356}, "test": {"accuracy": 18.120805369127517}}, "0.1": {"time": 0.03430914878845215, "reduction": 22.47191011235955, "validation": {"accuracy": 13.632958801498127}, "test": {"accuracy": 18.79194630872483}}, "0.2": {"time": 0.034317970275878906, "reduction": 24.943820224719104, "validation": {"accuracy": 13.558052434456929}, "test": {"accuracy": 18.120805369127517}}, "0.3": {"time": 0.03395199775695801, "reduction": 24.943820224719104, "validation": {"accuracy": 13.558052434456929}, "test": {"accuracy": 18.120805369127517}}, "0.4": {"time": 0.03421497344970703, "reduction": 35.1310861423221, "validation": {"accuracy": 28.389513108614235}, "test": {"accuracy": 30.201342281879196}}, "0.5": {"time": 0.03359389305114746, "reduction": 35.1310861423221, "validation": {"accuracy": 28.389513108614235}, "test": {"accuracy": 30.201342281879196}}, "0.6": {"time": 0.032850027084350586, "reduction": 49.812734082397, "validation": {"accuracy": 28.83895131086142}, "test": {"accuracy": 29.53020134228188}}, "0.7": {"time": 0.033293724060058594, "reduction": 49.812734082397, "validation": {"accuracy": 28.83895131086142}, "test": {"accuracy": 29.53020134228188}}, "0.8": {"time": 0.0326228141784668, "reduction": 49.812734082397, "validation": {"accuracy": 28.83895131086142}, "test": {"accuracy": 29.53020134228188}}, "0.9": {"time": 0.03231215476989746, "reduction": 53.70786516853933, "validation": {"accuracy": 28.98876404494382}, "test": {"accuracy": 31.543624161073826}}, "1.0": {"time": 0.030515193939208984, "reduction": 99.9250936329588, "validation": {"accuracy": 31.235955056179776}, "test": {"accuracy": 30.87248322147651}}}, "4": {"0.0": {"time": 0.03484797477722168, "reduction": 13.108614232209737, "validation": {"accuracy": 23.89513108614232}, "test": {"accuracy": 24.161073825503358}}, "0.1": {"time": 0.0339200496673584, "reduction": 22.247191011235955, "validation": {"accuracy": 25.468164794007492}, "test": {"accuracy": 24.832214765100673}}, "0.2": {"time": 0.03396201133728027, "reduction": 24.71910112359551, "validation": {"accuracy": 25.39325842696629}, "test": {"accuracy": 24.832214765100673}}, "0.3": {"time": 0.033979177474975586, "reduction": 24.71910112359551, "validation": {"accuracy": 25.39325842696629}, "test": {"accuracy": 24.832214765100673}}, "0.4": {"time": 0.03351998329162598, "reduction": 35.20599250936329, "validation": {"accuracy": 28.689138576779026}, "test": {"accuracy": 24.832214765100673}}, "0.5": {"time": 0.03354811668395996, "reduction": 35.20599250936329, "validation": {"accuracy": 28.689138576779026}, "test": {"accuracy": 24.832214765100673}}, "0.6": {"time": 0.03198695182800293, "reduction": 50.11235955056179, "validation": {"accuracy": 29.51310861423221}, "test": {"accuracy": 24.832214765100673}}, "0.7": {"time": 0.03253006935119629, "reduction": 50.11235955056179, "validation": {"accuracy": 29.51310861423221}, "test": {"accuracy": 24.832214765100673}}, "0.8": {"time": 0.03537607192993164, "reduction": 50.11235955056179, "validation": {"accuracy": 29.51310861423221}, "test": {"accuracy": 24.832214765100673}}, "0.9": {"time": 0.032739877700805664, "reduction": 52.359550561797754, "validation": {"accuracy": 30.711610486891384}, "test": {"accuracy": 25.503355704697988}}, "1.0": {"time": 0.03013300895690918, "reduction": 99.9250936329588, "validation": {"accuracy": 31.161048689138575}, "test": {"accuracy": 31.543624161073826}}}, "5": {"0.0": {"time": 0.03474617004394531, "reduction": 14.67065868263473, "validation": {"accuracy": 23.353293413173652}, "test": {"accuracy": 25.0}}, "0.1": {"time": 0.034071922302246094, "reduction": 23.652694610778447, "validation": {"accuracy": 29.041916167664674}, "test": {"accuracy": 29.054054054054053}}, "0.2": {"time": 0.034079790115356445, "reduction": 25.898203592814372, "validation": {"accuracy": 28.967065868263475}, "test": {"accuracy": 28.37837837837838}}, "0.3": {"time": 0.03378105163574219, "reduction": 25.898203592814372, "validation": {"accuracy": 28.967065868263475}, "test": {"accuracy": 28.37837837837838}}, "0.4": {"time": 0.041466712951660156, "reduction": 36.227544910179645, "validation": {"accuracy": 28.967065868263475}, "test": {"accuracy": 28.37837837837838}}, "0.5": {"time": 0.033308982849121094, "reduction": 36.227544910179645, "validation": {"accuracy": 28.967065868263475}, "test": {"accuracy": 28.37837837837838}}, "0.6": {"time": 0.0326848030090332, "reduction": 51.34730538922157, "validation": {"accuracy": 28.892215568862273}, "test": {"accuracy": 28.37837837837838}}, "0.7": {"time": 0.03215599060058594, "reduction": 51.34730538922157, "validation": {"accuracy": 28.892215568862273}, "test": {"accuracy": 28.37837837837838}}, "0.8": {"time": 0.03254199028015137, "reduction": 51.34730538922157, "validation": {"accuracy": 28.892215568862273}, "test": {"accuracy": 28.37837837837838}}, "0.9": {"time": 0.03204703330993652, "reduction": 53.967065868263475, "validation": {"accuracy": 30.91317365269461}, "test": {"accuracy": 29.72972972972973}}, "1.0": {"time": 0.03057718276977539, "reduction": 99.92514970059881, "validation": {"accuracy": 31.137724550898206}, "test": {"accuracy": 31.756756756756754}}}, "6": {"0.0": {"time": 0.03498697280883789, "reduction": 13.173652694610782, "validation": {"accuracy": 12.125748502994012}, "test": {"accuracy": 12.837837837837837}}, "0.1": {"time": 0.03411984443664551, "reduction": 23.203592814371255, "validation": {"accuracy": 27.91916167664671}, "test": {"accuracy": 27.7027027027027}}, "0.2": {"time": 0.034191131591796875, "reduction": 25.0, "validation": {"accuracy": 27.76946107784431}, "test": {"accuracy": 27.7027027027027}}, "0.3": {"time": 0.03421902656555176, "reduction": 25.0, "validation": {"accuracy": 27.76946107784431}, "test": {"accuracy": 27.7027027027027}}, "0.4": {"time": 0.03276324272155762, "reduction": 35.62874251497006, "validation": {"accuracy": 28.74251497005988}, "test": {"accuracy": 27.7027027027027}}, "0.5": {"time": 0.0334773063659668, "reduction": 35.62874251497006, "validation": {"accuracy": 28.74251497005988}, "test": {"accuracy": 27.7027027027027}}, "0.6": {"time": 0.03218412399291992, "reduction": 50.598802395209574, "validation": {"accuracy": 28.892215568862273}, "test": {"accuracy": 27.7027027027027}}, "0.7": {"time": 0.03259587287902832, "reduction": 50.598802395209574, "validation": {"accuracy": 28.892215568862273}, "test": {"accuracy": 27.7027027027027}}, "0.8": {"time": 0.03265714645385742, "reduction": 50.598802395209574, "validation": {"accuracy": 28.892215568862273}, "test": {"accuracy": 27.7027027027027}}, "0.9": {"time": 0.03222298622131348, "reduction": 54.940119760479035, "validation": {"accuracy": 31.062874251497007}, "test": {"accuracy": 31.08108108108108}}, "1.0": {"time": 0.03044295310974121, "reduction": 99.92514970059881, "validation": {"accuracy": 31.137724550898206}, "test": {"accuracy": 31.756756756756754}}}, "7": {"0.0": {"time": 0.034684181213378906, "reduction": 13.997005988023947, "validation": {"accuracy": 22.604790419161677}, "test": {"accuracy": 25.675675675675674}}, "0.1": {"time": 0.03413581848144531, "reduction": 23.652694610778447, "validation": {"accuracy": 25.673652694610777}, "test": {"accuracy": 27.027027027027028}}, "0.2": {"time": 0.03794598579406738, "reduction": 25.898203592814372, "validation": {"accuracy": 24.9251497005988}, "test": {"accuracy": 28.37837837837838}}, "0.3": {"time": 0.03414106369018555, "reduction": 25.898203592814372, "validation": {"accuracy": 24.9251497005988}, "test": {"accuracy": 28.37837837837838}}, "0.4": {"time": 0.033521175384521484, "reduction": 36.227544910179645, "validation": {"accuracy": 29.865269461077844}, "test": {"accuracy": 34.45945945945946}}, "0.5": {"time": 0.033483028411865234, "reduction": 36.227544910179645, "validation": {"accuracy": 29.865269461077844}, "test": {"accuracy": 34.45945945945946}},