{"3": {"0.0": {"time": 0.0007960796356201172, "reduction": 76.84210526315789, "validation": {"accuracy": 75.78947368421053}, "test": {"accuracy": 81.81818181818183}}, "0.1": {"time": 0.00047707557678222656, "reduction": 91.57894736842105, "validation": {"accuracy": 80.0}, "test": {"accuracy": 81.81818181818183}}, "0.2": {"time": 0.00048732757568359375, "reduction": 91.57894736842105, "validation": {"accuracy": 80.0}, "test": {"accuracy": 81.81818181818183}}, "0.3": {"time": 0.0004620552062988281, "reduction": 91.57894736842105, "validation": {"accuracy": 80.0}, "test": {"accuracy": 81.81818181818183}}, "0.4": {"time": 0.0007300376892089844, "reduction": 91.57894736842105, "validation": {"accuracy": 80.0}, "test": {"accuracy": 81.81818181818183}}, "0.5": {"time": 0.0005350112915039062, "reduction": 91.57894736842105, "validation": {"accuracy": 80.0}, "test": {"accuracy": 81.81818181818183}}, "0.6": {"time": 0.0013110637664794922, "reduction": 91.57894736842105, "validation": {"accuracy": 80.0}, "test": {"accuracy": 81.81818181818183}}, "0.7": {"time": 0.0009016990661621094, "reduction": 91.57894736842105, "validation": {"accuracy": 80.0}, "test": {"accuracy": 81.81818181818183}}, "0.8": {"time": 0.0006949901580810547, "reduction": 91.57894736842105, "validation": {"accuracy": 80.0}, "test": {"accuracy": 81.81818181818183}}, "0.9": {"time": 0.0007350444793701172, "reduction": 91.57894736842105, "validation": {"accuracy": 80.0}, "test": {"accuracy": 81.81818181818183}}, "1.0": {"time": 0.0009570121765136719, "reduction": 98.94736842105263, "validation": {"accuracy": 80.0}, "test": {"accuracy": 81.81818181818183}}}, "4": {"0.0": {"time": 0.000865936279296875, "reduction": 77.89473684210526, "validation": {"accuracy": 78.94736842105263}, "test": {"accuracy": 90.9090909090909}}, "0.1": {"time": 0.0008592605590820312, "reduction": 90.52631578947368, "validation": {"accuracy": 80.0}, "test": {"accuracy": 81.81818181818183}}, "0.2": {"time": 0.000904083251953125, "reduction": 90.52631578947368, "validation": {"accuracy": 80.0}, "test": {"accuracy": 81.81818181818183}}, "0.3": {"time": 0.0009851455688476562, "reduction": 90.52631578947368, "validation": {"accuracy": 80.0}, "test": {"accuracy": 81.81818181818183}}, "0.4": {"time": 0.0008158683776855469, "reduction": 90.52631578947368, "validation": {"accuracy": 80.0}, "test": {"accuracy": 81.81818181818183}}, "0.5": {"time": 0.000982046127319336, "reduction": 90.52631578947368, "validation": {"accuracy": 80.0}, "test": {"accuracy": 81.81818181818183}}, "0.6": {"time": 0.0007932186126708984, "reduction": 90.52631578947368, "validation": {"accuracy": 80.0}, "test": {"accuracy": 81.81818181818183}}, "0.7": {"time": 0.0005488395690917969, "reduction": 90.52631578947368, "validation": {"accuracy": 80.0}, "test": {"accuracy": 81.81818181818183}}, "0.8": {"time": 0.0008161067962646484, "reduction": 90.52631578947368, "validation": {"accuracy": 80.0}, "test": {"accuracy": 81.81818181818183}}, "0.9": {"time": 0.0006709098815917969, "reduction": 90.52631578947368, "validation": {"accuracy": 80.0}, "test": {"accuracy": 81.81818181818183}}, "1.0": {"time": 0.0008499622344970703, "reduction": 98.94736842105263, "validation": {"accuracy": 80.0}, "test": {"accuracy": 81.81818181818183}}}, "5": {"0.0": {"time": 0.0010030269622802734, "reduction": 81.05263157894737, "validation": {"accuracy": 47.368421052631575}, "test": {"accuracy": 81.81818181818183}}, "0.1": {"time": 0.0017240047454833984, "reduction": 92.63157894736842, "validation": {"accuracy": 80.0}, "test": {"accuracy": 81.81818181818183}}, "0.2": {"time": 0.0014879703521728516, "reduction": 92.63157894736842, "validation": {"accuracy": 80.0}, "test": {"accuracy": 81.81818181818183}}, "0.3": {"time": 0.0013680458068847656, "reduction": 92.63157894736842, "validation": {"accuracy": 80.0}, "test": {"accuracy": 81.81818181818183}}, "0.4": {"time": 0.0014939308166503906, "reduction": 92.63157894736842, "validation": {"accuracy": 80.0}, "test": {"accuracy": 81.81818181818183}}, "0.5": {"time": 0.0014028549194335938, "reduction": 92.63157894736842, "validation": {"accuracy": 80.0}, "test": {"accuracy": 81.81818181818183}}, "0.6": {"time": 0.0014760494232177734, "reduction": 92.63157894736842, "validation": {"accuracy": 80.0}, "test": {"accuracy": 81.81818181818183}}, "0.7": {"time": 0.0005631446838378906, "reduction": 92.63157894736842, "validation": {"accuracy": 80.0}, "test": {"accuracy": 81.81818181818183}}, "0.8": {"time": 0.0005881786346435547, "reduction": 92.63157894736842, "validation": {"accuracy": 80.0}, "test": {"accuracy": 81.81818181818183}}, "0.9": {"time": 0.0004990100860595703, "reduction": 92.63157894736842, "validation": {"accuracy": 80.0}, "test": {"accuracy": 81.81818181818183}}, "1.0": {"time": 0.0004489421844482422, "reduction": 98.94736842105263, "validation": {"accuracy": 80.0}, "test": {"accuracy": 81.81818181818183}}}, "6": {"0.0": {"time": 0.0005919933319091797, "reduction": 82.10526315789474, "validation": {"accuracy": 26.31578947368421}, "test": {"accuracy": 72.72727272727273}}, "0.1": {"time": 0.0005168914794921875, "reduction": 92.63157894736842, "validation": {"accuracy": 80.0}, "test": {"accuracy": 81.81818181818183}}, "0.2": {"time": 0.0008928775787353516, "reduction": 92.63157894736842, "validation": {"accuracy": 80.0}, "test": {"accuracy": 81.81818181818183}}, "0.3": {"time": 0.001834869384765625, "reduction": 92.63157894736842, "validation": {"accuracy": 80.0}, "test": {"accuracy": 81.81818181818183}}, "0.4": {"time": 0.001773834228515625, "reduction": 92.63157894736842, "validation": {"accuracy": 80.0}, "test": {"accuracy": 81.81818181818183}}, "0.5": {"time": 0.0015518665313720703, "reduction": 92.63157894736842, "validation": {"accuracy": 80.0}, "test": {"accuracy": 81.81818181818183}}, "0.6": {"time": 0.0016760826110839844, "reduction": 92.63157894736842, "validation": {"accuracy": 80.0}, "test": {"accuracy": 81.81818181818183}}, "0.7": {"time": 0.0013158321380615234, "reduction": 92.63157894736842, "validation": {"accuracy": 80.0}, "test": {"accuracy": 81.81818181818183}}, "0.8": {"time": 0.0011730194091796875, "reduction": 92.63157894736842, "validation": {"accuracy": 80.0}, "test": {"accuracy": 81.81818181818183}}, "0.9": {"time": 0.0008831024169921875, "reduction": 92.63157894736842, "validation": {"accuracy": 80.0}, "test": {"accuracy": 81.81818181818183}}, "1.0": {"time": 0.0004930496215820312, "reduction": 98.94736842105263, "validation": {"accuracy": 80.0}, "test": {"accuracy": 81.81818181818183}}}, "7": {"0.0": {"time": 0.0005688667297363281, "reduction": 85.41666666666666, "validation": {"accuracy": 32.29166666666667}, "test": {"accuracy": 100.0}}, "0.1": {"time": 0.0004799365997314453, "reduction": 93.75, "validation": {"accuracy": 80.20833333333334}, "test": {"accuracy": 80.0}}, "0.2": {"time": 0.0005469322204589844, "reduction": 93.75, "validation": {"accuracy": 80.20833333333334}, "test": {"accuracy": 80.0}}, "0.3": {"time": 0.0005259513854980469, "reduction": 93.75, "validation": {"accuracy": 80.20833333333334}, "test": {"accuracy": 80.0}}, "0.4": {"time": 0.0005359649658203125, "reduction": 93.75, "validation": {"accuracy": 80.20833333333334}, "test": {"accuracy": 80.0}}, "0.5": {"time": 0.0023789405822753906, "reduction": 93.75, "validation": {"accuracy": 80.20833333333334}, "test": {"accuracy": 80.0}}, "0.6": {"time": 0.001589059829711914, "reduction": 93.75, "validation": {"accuracy": 80.20833333333334}, "test": {"accuracy": 80.0}}, "0.7": {"time": 0.001237630844116211, "reduction": 93.75, "validation": {"accuracy": 80.20833333333334}, "test": {"accuracy": 80.0}}, "0.8": {"time": 0.0019040107727050781, "reduction": 93.75, "validation": {"accuracy": 80.20833333333334}, "test": {"accuracy": 80.0}}, "0.9": {"time": 0.00109100341796875, "reduction": 93.75, "validation": {"accuracy": 80.20833333333334}, "test": {"accuracy": 80.0}}, "1.0": {"time": 0.0010390281677246094, "reduction": 98.95833333333334,