{"3": {"0.0": {"time": 0.0051920413970947266, "reduction": 10.759493670886078, "validation": {"accuracy": 63.60759493670886}, "test": {"accuracy": 65.71428571428571}}, "0.1": {"time": 0.005995988845825195, "reduction": 22.78481012658228, "validation": {"accuracy": 63.60759493670886}, "test": {"accuracy": 65.71428571428571}}, "0.2": {"time": 0.00449371337890625, "reduction": 39.87341772151899, "validation": {"accuracy": 63.92405063291139}, "test": {"accuracy": 65.71428571428571}}, "0.3": {"time": 0.005874156951904297, "reduction": 41.13924050632911, "validation": {"accuracy": 63.92405063291139}, "test": {"accuracy": 65.71428571428571}}, "0.4": {"time": 0.005628824234008789, "reduction": 41.13924050632911, "validation": {"accuracy": 63.92405063291139}, "test": {"accuracy": 65.71428571428571}}, "0.5": {"time": 0.004236936569213867, "reduction": 41.13924050632911, "validation": {"accuracy": 63.92405063291139}, "test": {"accuracy": 65.71428571428571}}, "0.6": {"time": 0.005120038986206055, "reduction": 41.13924050632911, "validation": {"accuracy": 63.92405063291139}, "test": {"accuracy": 65.71428571428571}}, "0.7": {"time": 0.006250143051147461, "reduction": 41.13924050632911, "validation": {"accuracy": 63.92405063291139}, "test": {"accuracy": 65.71428571428571}}, "0.8": {"time": 0.004895925521850586, "reduction": 41.13924050632911, "validation": {"accuracy": 63.92405063291139}, "test": {"accuracy": 65.71428571428571}}, "0.9": {"time": 0.005460023880004883, "reduction": 63.9240506329114, "validation": {"accuracy": 63.92405063291139}, "test": {"accuracy": 65.71428571428571}}, "1.0": {"time": 0.005475044250488281, "reduction": 76.89873417721519, "validation": {"accuracy": 63.92405063291139}, "test": {"accuracy": 65.71428571428571}}}, "4": {"0.0": {"time": 0.0068590641021728516, "reduction": 17.08860759493671, "validation": {"accuracy": 64.87341772151899}, "test": {"accuracy": 65.71428571428571}}, "0.1": {"time": 0.0060160160064697266, "reduction": 27.21518987341772, "validation": {"accuracy": 64.87341772151899}, "test": {"accuracy": 65.71428571428571}}, "0.2": {"time": 0.005903959274291992, "reduction": 45.25316455696202, "validation": {"accuracy": 63.92405063291139}, "test": {"accuracy": 65.71428571428571}}, "0.3": {"time": 0.004565000534057617, "reduction": 45.88607594936709, "validation": {"accuracy": 63.92405063291139}, "test": {"accuracy": 65.71428571428571}}, "0.4": {"time": 0.005518913269042969, "reduction": 45.88607594936709, "validation": {"accuracy": 63.92405063291139}, "test": {"accuracy": 65.71428571428571}}, "0.5": {"time": 0.004746913909912109, "reduction": 45.88607594936709, "validation": {"accuracy": 63.92405063291139}, "test": {"accuracy": 65.71428571428571}}, "0.6": {"time": 0.007341146469116211, "reduction": 45.88607594936709, "validation": {"accuracy": 63.92405063291139}, "test": {"accuracy": 65.71428571428571}}, "0.7": {"time": 0.005133152008056641, "reduction": 45.88607594936709, "validation": {"accuracy": 63.92405063291139}, "test": {"accuracy": 65.71428571428571}}, "0.8": {"time": 0.004804134368896484, "reduction": 45.88607594936709, "validation": {"accuracy": 63.92405063291139}, "test": {"accuracy": 65.71428571428571}}, "0.9": {"time": 0.004603862762451172, "reduction": 61.392405063291136, "validation": {"accuracy": 63.92405063291139}, "test": {"accuracy": 65.71428571428571}}, "1.0": {"time": 0.004807949066162109, "reduction": 76.58227848101265, "validation": {"accuracy": 63.92405063291139}, "test": {"accuracy": 65.71428571428571}}}, "5": {"0.0": {"time": 0.0050601959228515625, "reduction": 18.0379746835443, "validation": {"accuracy": 64.24050632911393}, "test": {"accuracy": 68.57142857142857}}, "0.1": {"time": 0.0054967403411865234, "reduction": 26.265822784810123, "validation": {"accuracy": 64.24050632911393}, "test": {"accuracy": 68.57142857142857}}, "0.2": {"time": 0.006468057632446289, "reduction": 41.77215189873418, "validation": {"accuracy": 64.87341772151899}, "test": {"accuracy": 68.57142857142857}}, "0.3": {"time": 0.005085945129394531, "reduction": 43.35443037974683, "validation": {"accuracy": 63.92405063291139}, "test": {"accuracy": 65.71428571428571}}, "0.4": {"time": 0.007491111755371094, "reduction": 43.35443037974683, "validation": {"accuracy": 63.92405063291139}, "test": {"accuracy": 65.71428571428571}}, "0.5": {"time": 0.0051310062408447266, "reduction": 43.35443037974683, "validation": {"accuracy": 63.92405063291139}, "test": {"accuracy": 65.71428571428571}}, "0.6": {"time": 0.005610942840576172, "reduction": 43.35443037974683, "validation": {"accuracy": 63.92405063291139}, "test": {"accuracy": 65.71428571428571}}, "0.7": {"time": 0.005731105804443359, "reduction": 43.35443037974683, "validation": {"accuracy": 63.92405063291139}, "test": {"accuracy": 65.71428571428571}}, "0.8": {"time": 0.005438804626464844, "reduction": 43.35443037974683, "validation": {"accuracy": 63.92405063291139}, "test": {"accuracy": 65.71428571428571}}, "0.9": {"time": 0.00447392463684082, "reduction": 63.9240506329114, "validation": {"accuracy": 63.92405063291139}, "test": {"accuracy": 65.71428571428571}}, "1.0": {"time": 0.004488945007324219, "reduction": 75.9493670886076, "validation": {"accuracy": 63.92405063291139}, "test": {"accuracy": 65.71428571428571}}}, "6": {"0.0": {"time": 0.005813121795654297, "reduction": 11.075949367088612, "validation": {"accuracy": 64.87341772151899}, "test": {"accuracy": 62.857142857142854}}, "0.1": {"time": 0.00461888313293457, "reduction": 21.20253164556962, "validation": {"accuracy": 64.87341772151899}, "test": {"accuracy": 62.857142857142854}}, "0.2": {"time": 0.005023956298828125, "reduction": 36.39240506329114, "validation": {"accuracy": 64.24050632911393}, "test": {"accuracy": 62.857142857142854}}, "0.3": {"time": 0.004904985427856445, "reduction": 42.08860759493671, "validation": {"accuracy": 64.24050632911393}, "test": {"accuracy": 62.857142857142854}}, "0.4": {"time": 0.00494694709777832, "reduction": 42.08860759493671, "validation": {"accuracy": 64.24050632911393}, "test": {"accuracy": 62.857142857142854}}, "0.5": {"time": 0.005074977874755859, "reduction": 42.08860759493671, "validation": {"accuracy": 64.24050632911393}, "test": {"accuracy": 62.857142857142854}}, "0.6": {"time": 0.004909038543701172, "reduction": 42.08860759493671, "validation": {"accuracy": 64.24050632911393}, "test": {"accuracy": 62.857142857142854}}, "0.7": {"time": 0.004573345184326172, "reduction": 42.08860759493671, "validation": {"accuracy": 64.24050632911393}, "test": {"accuracy": 62.857142857142854}}, "0.8": {"time": 0.004564046859741211, "reduction": 42.72151898734177, "validation": {"accuracy": 64.24050632911393}, "test": {"accuracy": 62.857142857142854}}, "0.9": {"time": 0.005074262619018555, "reduction": 66.13924050632912, "validation": {"accuracy": 64.24050632911393}, "test": {"accuracy": 62.857142857142854}}, "1.0": {"time": 0.0038788318634033203, "reduction": 74.36708860759494, "validation": {"accuracy": 64.24050632911393}, "test": {"accuracy": 62.857142857142854}}}, "7": {"0.0": {"time": 0.00644993782043457, "reduction": 18.354430379746834, "validation": {"accuracy": 65.50632911392405}, "test": {"accuracy": 65.71428571428571}}, "0.1": {"time": 0.004915952682495117, "reduction": 25.9493670886076, "validation": {"accuracy": 65.50632911392405}, "test": {"accuracy": 65.71428571428571}}, "0.2": {"time": 0.004450082778930664, "reduction": 37.9746835443038, "validation": {"accuracy": 65.82278481012658}, "test": {"accuracy": 65.71428571428571}}, "0.3": {"time": 0.0052950382232666016, "reduction": 41.45569620253164, "validation": {"accuracy": 64.24050632911393}, "test": {"accuracy": 62.857142857142854}}, "0.4": {"time": 0.006296873092651367, "reduction": 41.45569620253164, "validation": {"accuracy": 64.24050632911393}, "test": {"accuracy": 62.857142857142854}}, "0.5": {"time": 0.004998922348022461, "reduction": 41.45569620253164, "validation": {"accuracy": 64.24050632911393}, "test": {"accuracy": 62.857142857142854}},