{"3": {"0.0": {"time": 0.015678882598876953, "reduction": 0.0, "validation": {"accuracy": 8.866442199775532}, "test": {"accuracy": 14.14141414141414}}, "0.1": {"time": 0.015625953674316406, "reduction": 8.193041526374856, "validation": {"accuracy": 8.866442199775532}, "test": {"accuracy": 14.14141414141414}}, "0.2": {"time": 0.015360116958618164, "reduction": 12.2334455667789, "validation": {"accuracy": 8.866442199775532}, "test": {"accuracy": 14.14141414141414}}, "0.3": {"time": 0.015012264251708984, "reduction": 20.98765432098766, "validation": {"accuracy": 8.754208754208754}, "test": {"accuracy": 15.151515151515152}}, "0.4": {"time": 0.014541149139404297, "reduction": 30.415263748597077, "validation": {"accuracy": 8.754208754208754}, "test": {"accuracy": 15.151515151515152}}, "0.5": {"time": 0.014250040054321289, "reduction": 39.73063973063973, "validation": {"accuracy": 8.754208754208754}, "test": {"accuracy": 14.14141414141414}}, "0.6": {"time": 0.014220952987670898, "reduction": 44.33221099887766, "validation": {"accuracy": 8.529741863075197}, "test": {"accuracy": 14.14141414141414}}, "0.7": {"time": 0.013850212097167969, "reduction": 62.62626262626263, "validation": {"accuracy": 8.641975308641975}, "test": {"accuracy": 12.121212121212121}}, "0.8": {"time": 0.013704061508178711, "reduction": 67.22783389450055, "validation": {"accuracy": 8.641975308641975}, "test": {"accuracy": 13.131313131313133}}, "0.9": {"time": 0.013529777526855469, "reduction": 90.68462401795735, "validation": {"accuracy": 9.090909090909092}, "test": {"accuracy": 9.090909090909092}}, "1.0": {"time": 0.01347494125366211, "reduction": 99.88776655443323, "validation": {"accuracy": 9.090909090909092}, "test": {"accuracy": 9.090909090909092}}}, "4": {"0.0": {"time": 0.01936817169189453, "reduction": 0.0, "validation": {"accuracy": 9.20314253647587}, "test": {"accuracy": 7.07070707070707}}, "0.1": {"time": 0.015553951263427734, "reduction": 3.8159371492704874, "validation": {"accuracy": 9.20314253647587}, "test": {"accuracy": 7.07070707070707}}, "0.2": {"time": 0.01624321937561035, "reduction": 11.672278338945008, "validation": {"accuracy": 9.20314253647587}, "test": {"accuracy": 7.07070707070707}}, "0.3": {"time": 0.01532602310180664, "reduction": 16.386083052749722, "validation": {"accuracy": 9.20314253647587}, "test": {"accuracy": 7.07070707070707}}, "0.4": {"time": 0.014499902725219727, "reduction": 35.24130190796857, "validation": {"accuracy": 9.20314253647587}, "test": {"accuracy": 7.07070707070707}}, "0.5": {"time": 0.014045953750610352, "reduction": 53.647586980920316, "validation": {"accuracy": 9.20314253647587}, "test": {"accuracy": 9.090909090909092}}, "0.6": {"time": 0.013844013214111328, "reduction": 67.67676767676767, "validation": {"accuracy": 9.090909090909092}, "test": {"accuracy": 9.090909090909092}}, "0.7": {"time": 0.013680219650268555, "reduction": 80.58361391694724, "validation": {"accuracy": 9.427609427609427}, "test": {"accuracy": 5.05050505050505}}, "0.8": {"time": 0.013530969619750977, "reduction": 90.46015712682379, "validation": {"accuracy": 9.652076318742985}, "test": {"accuracy": 5.05050505050505}}, "0.9": {"time": 0.013896942138671875, "reduction": 90.46015712682379, "validation": {"accuracy": 9.652076318742985}, "test": {"accuracy": 5.05050505050505}}, "1.0": {"time": 0.01349020004272461, "reduction": 95.51066217732884, "validation": {"accuracy": 9.090909090909092}, "test": {"accuracy": 9.090909090909092}}}, "5": {"0.0": {"time": 0.015825271606445312, "reduction": 0.0, "validation": {"accuracy": 8.866442199775532}, "test": {"accuracy": 11.11111111111111}}, "0.1": {"time": 0.015353202819824219, "reduction": 12.682379349046013, "validation": {"accuracy": 8.866442199775532}, "test": {"accuracy": 11.11111111111111}}, "0.2": {"time": 0.01460409164428711, "reduction": 29.40516273849607, "validation": {"accuracy": 8.866442199775532}, "test": {"accuracy": 11.11111111111111}}, "0.3": {"time": 0.014465093612670898, "reduction": 34.231200897867566, "validation": {"accuracy": 8.754208754208754}, "test": {"accuracy": 11.11111111111111}}, "0.4": {"time": 0.01429891586303711, "reduction": 43.20987654320988, "validation": {"accuracy": 8.641975308641975}, "test": {"accuracy": 13.131313131313133}}, "0.5": {"time": 0.014001131057739258, "reduction": 47.81144781144781, "validation": {"accuracy": 8.978675645342312}, "test": {"accuracy": 11.11111111111111}}, "0.6": {"time": 0.013861656188964844, "reduction": 62.289562289562284, "validation": {"accuracy": 9.090909090909092}, "test": {"accuracy": 11.11111111111111}}, "0.7": {"time": 0.013818740844726562, "reduction": 62.51402918069584, "validation": {"accuracy": 9.090909090909092}, "test": {"accuracy": 11.11111111111111}}, "0.8": {"time": 0.013615846633911133, "reduction": 85.85858585858585, "validation": {"accuracy": 8.529741863075197}, "test": {"accuracy": 15.151515151515152}}, "0.9": {"time": 0.013560056686401367, "reduction": 86.08305274971941, "validation": {"accuracy": 9.764309764309765}, "test": {"accuracy": 2.0202020202020203}}, "1.0": {"time": 0.013566970825195312, "reduction": 95.51066217732884, "validation": {"accuracy": 9.090909090909092}, "test": {"accuracy": 9.090909090909092}}}, "6": {"0.0": {"time": 0.015742778778076172, "reduction": 0.0, "validation": {"accuracy": 9.31537598204265}, "test": {"accuracy": 7.07070707070707}}, "0.1": {"time": 0.015622138977050781, "reduction": 4.264870931537601, "validation": {"accuracy": 9.31537598204265}, "test": {"accuracy": 7.07070707070707}}, "0.2": {"time": 0.01544499397277832, "reduction": 8.305274971941634, "validation": {"accuracy": 9.31537598204265}, "test": {"accuracy": 7.07070707070707}}, "0.3": {"time": 0.01507568359375, "reduction": 17.059483726150393, "validation": {"accuracy": 9.20314253647587}, "test": {"accuracy": 7.07070707070707}}, "0.4": {"time": 0.015167951583862305, "reduction": 17.39618406285073, "validation": {"accuracy": 9.20314253647587}, "test": {"accuracy": 7.07070707070707}}, "0.5": {"time": 0.013495206832885742, "reduction": 44.107744107744104, "validation": {"accuracy": 9.31537598204265}, "test": {"accuracy": 7.07070707070707}}, "0.6": {"time": 0.013077020645141602, "reduction": 44.781144781144775, "validation": {"accuracy": 9.090909090909092}, "test": {"accuracy": 9.090909090909092}}, "0.7": {"time": 0.013026952743530273, "reduction": 81.14478114478115, "validation": {"accuracy": 9.090909090909092}, "test": {"accuracy": 9.090909090909092}}, "0.8": {"time": 0.012133121490478516, "reduction": 85.97081930415264, "validation": {"accuracy": 8.754208754208754}, "test": {"accuracy": 13.131313131313133}}, "0.9": {"time": 0.01256704330444336, "reduction": 90.9090909090909, "validation": {"accuracy": 9.090909090909092}, "test": {"accuracy": 9.090909090909092}}, "1.0": {"time": 0.012325763702392578, "reduction": 95.51066217732884, "validation": {"accuracy": 9.090909090909092}, "test": {"accuracy": 9.090909090909092}}}, "7": {"0.0": {"time": 0.01454305648803711, "reduction": 0.0, "validation": {"accuracy": 9.090909090909092}, "test": {"accuracy": 8.080808080808081}}, "0.1": {"time": 0.01920294761657715, "reduction": 3.5914702581369196, "validation": {"accuracy": 9.090909090909092}, "test": {"accuracy": 8.080808080808081}}, "0.2": {"time": 0.014942169189453125, "reduction": 3.703703703703709, "validation": {"accuracy": 9.090909090909092}, "test": {"accuracy": 8.080808080808081}}, "0.3": {"time": 0.015569210052490234, "reduction": 3.8159371492704874, "validation": {"accuracy": 9.090909090909092}, "test": {"accuracy": 8.080808080808081}}, "0.4": {"time": 0.013633012771606445, "reduction": 21.212121212121215, "validation": {"accuracy": 9.090909090909092}, "test": {"accuracy": 8.080808080808081}}, "0.5": {"time": 0.014102935791015625, "reduction": 21.54882154882155, "validation": {"accuracy": 9.20314253647587}, "test": {"accuracy": 8.080808080808081}}, "0.6": {"time": 0.012884855270385742, "reduction": 38.94500561167228,