{"3": {"0.0": {"time": 187.02248287200928, "reduction": 8.675844147300204, "validation": {"accuracy": 62.35259288498545}, "test": {"accuracy": 62.788632326820604}}, "0.1": {"time": 183.20253086090088, "reduction": 18.055624085130184, "validation": {"accuracy": 63.49731089949179}, "test": {"accuracy": 63.883955002960334}}, "0.2": {"time": 180.88405203819275, "reduction": 28.3597309254782, "validation": {"accuracy": 63.5006003190737}, "test": {"accuracy": 63.883955002960334}}, "0.3": {"time": 182.03200101852417, "reduction": 34.47147250867585, "validation": {"accuracy": 65.66010427460076}, "test": {"accuracy": 65.66015393724098}}, "0.4": {"time": 180.90567779541016, "reduction": 36.566832782355554, "validation": {"accuracy": 65.82950938306936}, "test": {"accuracy": 65.80817051509769}}, "0.5": {"time": 182.34312176704407, "reduction": 41.34471472508676, "validation": {"accuracy": 65.82950938306936}, "test": {"accuracy": 65.83777383066904}}, "0.6": {"time": 181.17876601219177, "reduction": 41.34471472508676, "validation": {"accuracy": 65.82950938306936}, "test": {"accuracy": 65.83777383066904}}, "0.7": {"time": 175.10044527053833, "reduction": 47.68342625943652, "validation": {"accuracy": 65.82950938306936}, "test": {"accuracy": 65.83777383066904}}, "0.8": {"time": 172.578284740448, "reduction": 49.928455124093354, "validation": {"accuracy": 65.82950938306936}, "test": {"accuracy": 65.83777383066904}}, "0.9": {"time": 172.34854698181152, "reduction": 52.75406654495814, "validation": {"accuracy": 65.82950938306936}, "test": {"accuracy": 65.83777383066904}}, "1.0": {"time": 155.3108470439911, "reduction": 94.61357543461456, "validation": {"accuracy": 65.82950938306936}, "test": {"accuracy": 65.83777383066904}}}, "4": {"0.0": {"time": 188.2863700389862, "reduction": 8.698870084373612, "validation": {"accuracy": 62.59107580467427}, "test": {"accuracy": 62.611012433392546}}, "0.1": {"time": 187.79084491729736, "reduction": 18.034242857847737, "validation": {"accuracy": 63.513757997401356}, "test": {"accuracy": 63.484310242747185}}, "0.2": {"time": 184.28574800491333, "reduction": 28.188681107218628, "validation": {"accuracy": 63.513757997401356}, "test": {"accuracy": 63.513913558318535}}, "0.3": {"time": 182.74931836128235, "reduction": 34.46489366951202, "validation": {"accuracy": 65.50879097383266}, "test": {"accuracy": 65.58614564831261}}, "0.4": {"time": 182.0884461402893, "reduction": 36.78228976497097, "validation": {"accuracy": 65.82621996348745}, "test": {"accuracy": 65.82297217288337}}, "0.5": {"time": 182.24664497375488, "reduction": 41.29866285093995, "validation": {"accuracy": 65.83115409286032}, "test": {"accuracy": 65.82297217288337}}, "0.6": {"time": 182.29970502853394, "reduction": 41.29866285093995, "validation": {"accuracy": 65.83115409286032}, "test": {"accuracy": 65.82297217288337}}, "0.7": {"time": 180.94416284561157, "reduction": 41.617736550385686, "validation": {"accuracy": 65.83115409286032}, "test": {"accuracy": 65.82297217288337}}, "0.8": {"time": 175.62408113479614, "reduction": 49.826483117053996, "validation": {"accuracy": 65.83115409286032}, "test": {"accuracy": 65.82297217288337}}, "0.9": {"time": 172.61958289146423, "reduction": 52.68992286311081, "validation": {"accuracy": 65.83115409286032}, "test": {"accuracy": 65.82297217288337}}, "1.0": {"time": 154.78354716300964, "reduction": 94.59548362691403, "validation": {"accuracy": 65.83115409286032}, "test": {"accuracy": 65.82297217288337}}}, "5": {"0.0": {"time": 189.37498211860657, "reduction": 8.735053699774674, "validation": {"accuracy": 62.07792634989556}, "test": {"accuracy": 61.87092954410895}}, "0.1": {"time": 187.49681162834167, "reduction": 18.119767766977514, "validation": {"accuracy": 62.857518790809365}, "test": {"accuracy": 62.68502072232089}}, "0.2": {"time": 185.23419404029846, "reduction": 28.10809032746172, "validation": {"accuracy": 62.862452920182236}, "test": {"accuracy": 62.68502072232089}}, "0.3": {"time": 182.01421809196472, "reduction": 34.57837864508807, "validation": {"accuracy": 65.70451143895659}, "test": {"accuracy": 65.60094730609828}}, "0.4": {"time": 181.8084762096405, "reduction": 36.64413414253055, "validation": {"accuracy": 65.82621996348745}, "test": {"accuracy": 65.82297217288337}}, "0.5": {"time": 181.9273238182068, "reduction": 41.469712669199524, "validation": {"accuracy": 65.83115409286032}, "test": {"accuracy": 65.82297217288337}}, "0.6": {"time": 180.0512158870697, "reduction": 41.469712669199524, "validation": {"accuracy": 65.83115409286032}, "test": {"accuracy": 65.82297217288337}}, "0.7": {"time": 178.06187391281128, "reduction": 47.7886876860578, "validation": {"accuracy": 65.83115409286032}, "test": {"accuracy": 65.82297217288337}}, "0.8": {"time": 173.04892086982727, "reduction": 50.12910971859015, "validation": {"accuracy": 65.83115409286032}, "test": {"accuracy": 65.82297217288337}}, "0.9": {"time": 173.44879007339478, "reduction": 52.98926004506506, "validation": {"accuracy": 65.83115409286032}, "test": {"accuracy": 65.82297217288337}}, "1.0": {"time": 156.4795699119568, "reduction": 94.70403447311722, "validation": {"accuracy": 65.83115409286032}, "test": {"accuracy": 65.82297217288337}}}, "6": {"0.0": {"time": 187.8160421848297, "reduction": 9.203795990197527, "validation": {"accuracy": 62.38219766122268}, "test": {"accuracy": 62.759029011249254}}, "0.1": {"time": 186.6371910572052, "reduction": 18.558905281163142, "validation": {"accuracy": 63.45948257429976}, "test": {"accuracy": 63.484310242747185}}, "0.2": {"time": 184.00020503997803, "reduction": 28.489662998963837, "validation": {"accuracy": 63.47428496241838}, "test": {"accuracy": 63.49911190053285}}, "0.3": {"time": 181.06375408172607, "reduction": 35.0405420963471, "validation": {"accuracy": 65.67490666271937}, "test": {"accuracy": 65.63055062166963}}, "0.4": {"time": 181.03103709220886, "reduction": 37.117810562326284, "validation": {"accuracy": 65.82950938306936}, "test": {"accuracy": 65.83777383066904}}, "0.5": {"time": 179.79573225975037, "reduction": 41.93681024983141, "validation": {"accuracy": 65.83115409286032}, "test": {"accuracy": 65.82297217288337}}, "0.6": {"time": 180.3479061126709, "reduction": 41.93681024983141, "validation": {"accuracy": 65.83115409286032}, "test": {"accuracy": 65.82297217288337}}, "0.7": {"time": 176.74386477470398, "reduction": 47.990986990345554, "validation": {"accuracy": 65.83115409286032}, "test": {"accuracy": 65.82297217288337}}, "0.8": {"time": 174.084655046463, "reduction": 50.5287741977928, "validation": {"accuracy": 65.83115409286032}, "test": {"accuracy": 65.82297217288337}}, "0.9": {"time": 172.0981686115265, "reduction": 53.306689034719824, "validation": {"accuracy": 65.83115409286032}, "test": {"accuracy": 65.82297217288337}}, "1.0": {"time": 156.13345623016357, "reduction": 94.40634200095394, "validation": {"accuracy": 65.83115409286032}, "test": {"accuracy": 65.82297217288337}}}, "7": {"0.0": {"time": 189.60384511947632, "reduction": 9.146231147514017, "validation": {"accuracy": 62.43482837453331}, "test": {"accuracy": 62.96625222024866}}, "0.1": {"time": 186.90705680847168, "reduction": 18.473380372033354, "validation": {"accuracy": 63.73414910938965}, "test": {"accuracy": 63.98756660746003}}, "0.2": {"time": 182.85506796836853, "reduction": 29.109718590154763, "validation": {"accuracy": 63.750596207299225}, "test": {"accuracy": 64.0023682652457}}, "0.3": {"time": 181.0839400291443, "reduction": 34.81357214519498, "validation": {"accuracy": 65.62063123961777}, "test": {"accuracy": 65.52693901716992}}, "0.4": {"time": 182.0036370754242, "reduction": 36.61452936629331, "validation": {"accuracy": 65.83115409286032}, "test": {"accuracy": 65.80817051509769}}, "0.5": {"time": 182.4077868461609, "reduction": 41.72464268679792, "validation": {"accuracy": 65.83115409286032}, "test": {"accuracy": 65.82297217288337}}, "0.6": {"time": 180.47913885116577, "reduction": 41.72464268679792,