{"3": {"0.0": {"time": 0.4149971008300781, "reduction": 17.921960072595276, "validation": {"accuracy": 38.883847549909255}, "test": {"accuracy": 39.59183673469388}}, "0.1": {"time": 0.40626096725463867, "reduction": 25.27223230490018, "validation": {"accuracy": 38.97459165154265}, "test": {"accuracy": 39.795918367346935}}, "0.2": {"time": 0.3929629325866699, "reduction": 25.27223230490018, "validation": {"accuracy": 38.97459165154265}, "test": {"accuracy": 39.795918367346935}}, "0.3": {"time": 0.39798903465270996, "reduction": 25.27223230490018, "validation": {"accuracy": 38.97459165154265}, "test": {"accuracy": 39.795918367346935}}, "0.4": {"time": 0.3737318515777588, "reduction": 41.42468239564428, "validation": {"accuracy": 38.97459165154265}, "test": {"accuracy": 40.0}}, "0.5": {"time": 0.38056397438049316, "reduction": 41.51542649727767, "validation": {"accuracy": 38.97459165154265}, "test": {"accuracy": 40.0}}, "0.6": {"time": 0.38225674629211426, "reduction": 41.51542649727767, "validation": {"accuracy": 38.97459165154265}, "test": {"accuracy": 40.0}}, "0.7": {"time": 0.3699760437011719, "reduction": 66.1978221415608, "validation": {"accuracy": 44.87295825771325}, "test": {"accuracy": 44.89795918367347}}, "0.8": {"time": 0.38181304931640625, "reduction": 66.1978221415608, "validation": {"accuracy": 44.87295825771325}, "test": {"accuracy": 44.89795918367347}}, "0.9": {"time": 0.3657670021057129, "reduction": 66.1978221415608, "validation": {"accuracy": 44.87295825771325}, "test": {"accuracy": 44.89795918367347}}, "1.0": {"time": 0.34665489196777344, "reduction": 99.97731397459165, "validation": {"accuracy": 44.87295825771325}, "test": {"accuracy": 44.89795918367347}}}, "4": {"0.0": {"time": 0.38596177101135254, "reduction": 19.033575317604356, "validation": {"accuracy": 41.26588021778584}, "test": {"accuracy": 35.51020408163265}}, "0.1": {"time": 0.3926091194152832, "reduction": 26.17967332123412, "validation": {"accuracy": 41.31125226860254}, "test": {"accuracy": 35.51020408163265}}, "0.2": {"time": 0.38817596435546875, "reduction": 26.17967332123412, "validation": {"accuracy": 41.31125226860254}, "test": {"accuracy": 35.51020408163265}}, "0.3": {"time": 0.3985910415649414, "reduction": 26.17967332123412, "validation": {"accuracy": 41.31125226860254}, "test": {"accuracy": 35.51020408163265}}, "0.4": {"time": 0.3763620853424072, "reduction": 40.63067150635209, "validation": {"accuracy": 41.31125226860254}, "test": {"accuracy": 35.51020408163265}}, "0.5": {"time": 0.37795591354370117, "reduction": 42.332123411978216, "validation": {"accuracy": 41.31125226860254}, "test": {"accuracy": 35.51020408163265}}, "0.6": {"time": 0.3708672523498535, "reduction": 42.332123411978216, "validation": {"accuracy": 41.31125226860254}, "test": {"accuracy": 35.51020408163265}}, "0.7": {"time": 0.3634519577026367, "reduction": 66.87840290381125, "validation": {"accuracy": 44.87295825771325}, "test": {"accuracy": 44.89795918367347}}, "0.8": {"time": 0.37185215950012207, "reduction": 66.87840290381125, "validation": {"accuracy": 44.87295825771325}, "test": {"accuracy": 44.89795918367347}}, "0.9": {"time": 0.35965895652770996, "reduction": 66.87840290381125, "validation": {"accuracy": 44.87295825771325}, "test": {"accuracy": 44.89795918367347}}, "1.0": {"time": 0.337677001953125, "reduction": 99.97731397459165, "validation": {"accuracy": 44.87295825771325}, "test": {"accuracy": 44.89795918367347}}}, "5": {"0.0": {"time": 0.3881518840789795, "reduction": 18.194192377495465, "validation": {"accuracy": 37.817604355716874}, "test": {"accuracy": 37.3469387755102}}, "0.1": {"time": 0.3818521499633789, "reduction": 25.544464609800364, "validation": {"accuracy": 37.817604355716874}, "test": {"accuracy": 37.3469387755102}}, "0.2": {"time": 0.40033888816833496, "reduction": 25.544464609800364, "validation": {"accuracy": 37.817604355716874}, "test": {"accuracy": 37.3469387755102}}, "0.3": {"time": 0.38845181465148926, "reduction": 25.544464609800364, "validation": {"accuracy": 37.817604355716874}, "test": {"accuracy": 37.3469387755102}}, "0.4": {"time": 0.3792843818664551, "reduction": 37.31851179673321, "validation": {"accuracy": 37.817604355716874}, "test": {"accuracy": 37.3469387755102}}, "0.5": {"time": 0.3740510940551758, "reduction": 41.62885662431942, "validation": {"accuracy": 37.817604355716874}, "test": {"accuracy": 37.3469387755102}}, "0.6": {"time": 0.3767061233520508, "reduction": 41.62885662431942, "validation": {"accuracy": 37.817604355716874}, "test": {"accuracy": 37.3469387755102}}, "0.7": {"time": 0.35639214515686035, "reduction": 65.9709618874773, "validation": {"accuracy": 44.87295825771325}, "test": {"accuracy": 44.89795918367347}}, "0.8": {"time": 0.354794979095459, "reduction": 65.9709618874773, "validation": {"accuracy": 44.87295825771325}, "test": {"accuracy": 44.89795918367347}}, "0.9": {"time": 0.36531972885131836, "reduction": 65.9709618874773, "validation": {"accuracy": 44.87295825771325}, "test": {"accuracy": 44.89795918367347}}, "1.0": {"time": 0.3285248279571533, "reduction": 99.97731397459165, "validation": {"accuracy": 44.87295825771325}, "test": {"accuracy": 44.89795918367347}}}, "6": {"0.0": {"time": 0.38694000244140625, "reduction": 18.942831215970955, "validation": {"accuracy": 35.50362976406534}, "test": {"accuracy": 38.36734693877551}}, "0.1": {"time": 0.3876800537109375, "reduction": 26.11161524500908, "validation": {"accuracy": 35.54900181488203}, "test": {"accuracy": 38.36734693877551}}, "0.2": {"time": 0.3803741931915283, "reduction": 26.11161524500908, "validation": {"accuracy": 35.54900181488203}, "test": {"accuracy": 38.36734693877551}}, "0.3": {"time": 0.3737459182739258, "reduction": 26.11161524500908, "validation": {"accuracy": 35.54900181488203}, "test": {"accuracy": 38.36734693877551}}, "0.4": {"time": 0.3758809566497803, "reduction": 41.1524500907441, "validation": {"accuracy": 36.41107078039927}, "test": {"accuracy": 38.57142857142858}}, "0.5": {"time": 0.3711729049682617, "reduction": 42.53629764065335, "validation": {"accuracy": 36.41107078039927}, "test": {"accuracy": 38.57142857142858}}, "0.6": {"time": 0.3669302463531494, "reduction": 42.53629764065335, "validation": {"accuracy": 36.41107078039927}, "test": {"accuracy": 38.57142857142858}}, "0.7": {"time": 0.34613919258117676, "reduction": 66.58348457350272, "validation": {"accuracy": 44.87295825771325}, "test": {"accuracy": 44.89795918367347}}, "0.8": {"time": 0.3496119976043701, "reduction": 66.58348457350272, "validation": {"accuracy": 44.87295825771325}, "test": {"accuracy": 44.89795918367347}}, "0.9": {"time": 0.35197997093200684, "reduction": 66.58348457350272, "validation": {"accuracy": 44.87295825771325}, "test": {"accuracy": 44.89795918367347}}, "1.0": {"time": 0.3305239677429199, "reduction": 99.97731397459165, "validation": {"accuracy": 44.87295825771325}, "test": {"accuracy": 44.89795918367347}}}, "7": {"0.0": {"time": 0.37485408782958984, "reduction": 18.443738656987296, "validation": {"accuracy": 42.55898366606171}, "test": {"accuracy": 43.46938775510204}}, "0.1": {"time": 0.3860349655151367, "reduction": 25.657894736842103, "validation": {"accuracy": 42.55898366606171}, "test": {"accuracy": 43.46938775510204}}, "0.2": {"time": 0.3750929832458496, "reduction": 25.657894736842103, "validation": {"accuracy": 42.55898366606171}, "test": {"accuracy": 43.46938775510204}}, "0.3": {"time": 0.3790290355682373, "reduction": 25.657894736842103, "validation": {"accuracy": 42.55898366606171}, "test": {"accuracy": 43.46938775510204}}, "0.4": {"time": 0.36946892738342285, "reduction": 39.92740471869328, "validation": {"accuracy": 42.808529945553545}, "test": {"accuracy": 43.673469387755105}}, "0.5": {"time": 0.3654630184173584, "reduction": 41.87840290381125, "validation": {"accuracy": 42.808529945553545}, "test": {"accuracy": 43.673469387755105}}, "0.6": {"time": 0.3658742904663086, "reduction": 41.87840290381125, "validation": {"accuracy": 42.808529945553545},