{"3": {"0.0": {"time": 0.846635103225708, "reduction": 2.133160956690372, "validation": {"accuracy": 15.546218487394958}, "test": {"accuracy": 19.040697674418606}}, "0.1": {"time": 0.7599999904632568, "reduction": 21.96186166774402, "validation": {"accuracy": 16.467356173238525}, "test": {"accuracy": 19.912790697674417}}, "0.2": {"time": 0.7627789974212646, "reduction": 32.02973497091144, "validation": {"accuracy": 16.61279896574014}, "test": {"accuracy": 20.348837209302324}}, "0.3": {"time": 0.7195010185241699, "reduction": 33.27407886231416, "validation": {"accuracy": 16.596638655462183}, "test": {"accuracy": 20.348837209302324}}, "0.4": {"time": 0.7155239582061768, "reduction": 53.34518422753717, "validation": {"accuracy": 17.097608274078862}, "test": {"accuracy": 19.912790697674417}}, "0.5": {"time": 0.695300817489624, "reduction": 67.11376858435682, "validation": {"accuracy": 17.34001292824822}, "test": {"accuracy": 20.49418604651163}}, "0.6": {"time": 0.7586750984191895, "reduction": 67.17840982546865, "validation": {"accuracy": 17.34001292824822}, "test": {"accuracy": 20.49418604651163}}, "0.7": {"time": 0.7303471565246582, "reduction": 69.29541047188106, "validation": {"accuracy": 17.243051066580477}, "test": {"accuracy": 20.49418604651163}}, "0.8": {"time": 0.6637139320373535, "reduction": 82.35294117647058, "validation": {"accuracy": 18.26115061409179}, "test": {"accuracy": 18.168604651162788}}, "0.9": {"time": 0.6762239933013916, "reduction": 84.17905623787976, "validation": {"accuracy": 18.26115061409179}, "test": {"accuracy": 18.168604651162788}}, "1.0": {"time": 0.6552078723907471, "reduction": 99.98383968972205, "validation": {"accuracy": 18.26115061409179}, "test": {"accuracy": 18.168604651162788}}}, "4": {"0.0": {"time": 0.7484049797058105, "reduction": 1.8907563025210128, "validation": {"accuracy": 15.643180349062701}, "test": {"accuracy": 17.00581395348837}}, "0.1": {"time": 0.7244901657104492, "reduction": 24.191984486102136, "validation": {"accuracy": 15.998707175177762}, "test": {"accuracy": 17.87790697674419}}, "0.2": {"time": 0.7080888748168945, "reduction": 31.819650937297993, "validation": {"accuracy": 16.095669036845507}, "test": {"accuracy": 18.459302325581394}}, "0.3": {"time": 0.7159233093261719, "reduction": 33.19327731092437, "validation": {"accuracy": 16.095669036845507}, "test": {"accuracy": 18.459302325581394}}, "0.4": {"time": 0.6814179420471191, "reduction": 53.79767291531997, "validation": {"accuracy": 16.98448610213316}, "test": {"accuracy": 18.313953488372093}}, "0.5": {"time": 0.7181451320648193, "reduction": 67.19457013574662, "validation": {"accuracy": 17.129928894634777}, "test": {"accuracy": 18.459302325581394}}, "0.6": {"time": 0.6863827705383301, "reduction": 67.19457013574662, "validation": {"accuracy": 17.129928894634777}, "test": {"accuracy": 18.459302325581394}}, "0.7": {"time": 0.6621618270874023, "reduction": 68.98836457659986, "validation": {"accuracy": 17.129928894634777}, "test": {"accuracy": 18.459302325581394}}, "0.8": {"time": 0.6983718872070312, "reduction": 82.33678086619263, "validation": {"accuracy": 18.244990303813832}, "test": {"accuracy": 18.313953488372093}}, "0.9": {"time": 0.6947472095489502, "reduction": 84.0497737556561, "validation": {"accuracy": 18.244990303813832}, "test": {"accuracy": 18.313953488372093}}, "1.0": {"time": 0.6876108646392822, "reduction": 99.98383968972205, "validation": {"accuracy": 18.244990303813832}, "test": {"accuracy": 18.313953488372093}}}, "5": {"0.0": {"time": 0.7902851104736328, "reduction": 1.6645119586296109, "validation": {"accuracy": 15.546218487394958}, "test": {"accuracy": 14.970930232558139}}, "0.1": {"time": 0.7119548320770264, "reduction": 23.012281835811244, "validation": {"accuracy": 15.723981900452488}, "test": {"accuracy": 14.825581395348838}}, "0.2": {"time": 0.759113073348999, "reduction": 32.07821590174531, "validation": {"accuracy": 15.756302521008402}, "test": {"accuracy": 15.11627906976744}}, "0.3": {"time": 0.705333948135376, "reduction": 33.080155138978675, "validation": {"accuracy": 15.756302521008402}, "test": {"accuracy": 15.11627906976744}}, "0.4": {"time": 0.6730551719665527, "reduction": 53.99159663865547, "validation": {"accuracy": 15.934065934065933}, "test": {"accuracy": 15.406976744186046}}, "0.5": {"time": 0.674074649810791, "reduction": 67.00064641241113, "validation": {"accuracy": 18.034906270200388}, "test": {"accuracy": 17.587209302325583}}, "0.6": {"time": 0.6597659587860107, "reduction": 67.00064641241113, "validation": {"accuracy": 18.034906270200388}, "test": {"accuracy": 17.587209302325583}}, "0.7": {"time": 0.6552503108978271, "reduction": 72.22042663219133, "validation": {"accuracy": 18.08338720103426}, "test": {"accuracy": 18.168604651162788}}, "0.8": {"time": 0.6517658233642578, "reduction": 82.20749838396897, "validation": {"accuracy": 18.244990303813832}, "test": {"accuracy": 18.313953488372093}}, "0.9": {"time": 0.6469719409942627, "reduction": 86.47382029734972, "validation": {"accuracy": 18.244990303813832}, "test": {"accuracy": 18.313953488372093}}, "1.0": {"time": 0.6422839164733887, "reduction": 99.98383968972205, "validation": {"accuracy": 18.244990303813832}, "test": {"accuracy": 18.313953488372093}}}, "6": {"0.0": {"time": 0.7353770732879639, "reduction": 2.359405300581774, "validation": {"accuracy": 15.22301228183581}, "test": {"accuracy": 17.441860465116278}}, "0.1": {"time": 0.7003107070922852, "reduction": 23.99806076276665, "validation": {"accuracy": 16.19263089851325}, "test": {"accuracy": 18.75}}, "0.2": {"time": 0.6899631023406982, "reduction": 33.2579185520362, "validation": {"accuracy": 16.273432449903037}, "test": {"accuracy": 18.75}}, "0.3": {"time": 0.6996891498565674, "reduction": 33.80736910148675, "validation": {"accuracy": 16.289592760180994}, "test": {"accuracy": 18.75}}, "0.4": {"time": 0.6700561046600342, "reduction": 54.427925016160316, "validation": {"accuracy": 16.887524240465417}, "test": {"accuracy": 18.023255813953487}}, "0.5": {"time": 0.6590120792388916, "reduction": 67.22689075630252, "validation": {"accuracy": 17.34001292824822}, "test": {"accuracy": 18.023255813953487}}, "0.6": {"time": 0.6562139987945557, "reduction": 67.32385261797027, "validation": {"accuracy": 17.34001292824822}, "test": {"accuracy": 18.023255813953487}}, "0.7": {"time": 0.6572840213775635, "reduction": 71.62249515190692, "validation": {"accuracy": 17.90562378797673}, "test": {"accuracy": 18.168604651162788}}, "0.8": {"time": 0.6475398540496826, "reduction": 82.41758241758241, "validation": {"accuracy": 18.244990303813832}, "test": {"accuracy": 18.313953488372093}}, "0.9": {"time": 0.647968053817749, "reduction": 86.1344537815126, "validation": {"accuracy": 18.244990303813832}, "test": {"accuracy": 18.313953488372093}}, "1.0": {"time": 0.6397569179534912, "reduction": 99.98383968972205, "validation": {"accuracy": 18.244990303813832}, "test": {"accuracy": 18.313953488372093}}}, "7": {"0.0": {"time": 0.7295148372650146, "reduction": 2.2136047826789462, "validation": {"accuracy": 12.199062853449668}, "test": {"accuracy": 12.22707423580786}}, "0.1": {"time": 0.7005388736724854, "reduction": 23.396348359993535, "validation": {"accuracy": 12.570689933753435}, "test": {"accuracy": 12.809315866084425}}, "0.2": {"time": 0.6898689270019531, "reduction": 32.33155598642753, "validation": {"accuracy": 12.845370819195345}, "test": {"accuracy": 12.809315866084425}}, "0.3": {"time": 0.6894268989562988, "reduction": 33.591856519631605, "validation": {"accuracy": 12.845370819195345}, "test": {"accuracy": 12.809315866084425}}, "0.4": {"time": 0.6668119430541992, "reduction": 54.27371142349329, "validation": {"accuracy": 17.224107287122315}, "test": {"accuracy": 18.486171761280932}}, "0.5": {"time": 0.6581780910491943, "reduction": 67.31297463241235, "validation": {"accuracy": 17.69268056228793}, "test": {"accuracy": 18.922852983988356}}, "0.6": {"time": 0.6618590354919434, "reduction": 67.34529003069963,