{"3": {"0.0": {"time": 0.003899812698364258, "reduction": 3.3333333333333326, "validation": {"accuracy": 11.777777777777777}, "test": {"accuracy": 16.0}}, "0.1": {"time": 0.0037839412689208984, "reduction": 4.8888888888888875, "validation": {"accuracy": 11.777777777777777}, "test": {"accuracy": 16.0}}, "0.2": {"time": 0.004393100738525391, "reduction": 7.333333333333336, "validation": {"accuracy": 11.777777777777777}, "test": {"accuracy": 16.0}}, "0.3": {"time": 0.003719329833984375, "reduction": 21.55555555555555, "validation": {"accuracy": 14.666666666666666}, "test": {"accuracy": 12.0}}, "0.4": {"time": 0.003385782241821289, "reduction": 50.88888888888889, "validation": {"accuracy": 13.111111111111112}, "test": {"accuracy": 12.0}}, "0.5": {"time": 0.003703594207763672, "reduction": 74.8888888888889, "validation": {"accuracy": 13.333333333333334}, "test": {"accuracy": 12.0}}, "0.6": {"time": 0.0038352012634277344, "reduction": 88.0, "validation": {"accuracy": 11.555555555555555}, "test": {"accuracy": 12.0}}, "0.7": {"time": 0.003590106964111328, "reduction": 91.33333333333333, "validation": {"accuracy": 11.333333333333332}, "test": {"accuracy": 10.0}}, "0.8": {"time": 0.0032529830932617188, "reduction": 93.77777777777779, "validation": {"accuracy": 11.555555555555555}, "test": {"accuracy": 10.0}}, "0.9": {"time": 0.0035409927368164062, "reduction": 95.77777777777777, "validation": {"accuracy": 11.555555555555555}, "test": {"accuracy": 10.0}}, "1.0": {"time": 0.0035750865936279297, "reduction": 98.0, "validation": {"accuracy": 11.555555555555555}, "test": {"accuracy": 10.0}}}, "4": {"0.0": {"time": 0.0037000179290771484, "reduction": 3.77777777777778, "validation": {"accuracy": 13.333333333333334}, "test": {"accuracy": 18.0}}, "0.1": {"time": 0.0037567615509033203, "reduction": 6.222222222222218, "validation": {"accuracy": 13.333333333333334}, "test": {"accuracy": 20.0}}, "0.2": {"time": 0.0037000179290771484, "reduction": 10.444444444444445, "validation": {"accuracy": 13.333333333333334}, "test": {"accuracy": 20.0}}, "0.3": {"time": 0.0038137435913085938, "reduction": 21.777777777777775, "validation": {"accuracy": 14.222222222222221}, "test": {"accuracy": 20.0}}, "0.4": {"time": 0.003782033920288086, "reduction": 51.33333333333333, "validation": {"accuracy": 16.22222222222222}, "test": {"accuracy": 16.0}}, "0.5": {"time": 0.0034170150756835938, "reduction": 77.55555555555556, "validation": {"accuracy": 15.333333333333332}, "test": {"accuracy": 16.0}}, "0.6": {"time": 0.003710031509399414, "reduction": 84.88888888888889, "validation": {"accuracy": 14.666666666666666}, "test": {"accuracy": 16.0}}, "0.7": {"time": 0.003309011459350586, "reduction": 92.22222222222223, "validation": {"accuracy": 11.555555555555555}, "test": {"accuracy": 12.0}}, "0.8": {"time": 0.0035347938537597656, "reduction": 93.77777777777779, "validation": {"accuracy": 11.333333333333332}, "test": {"accuracy": 12.0}}, "0.9": {"time": 0.003217935562133789, "reduction": 94.0, "validation": {"accuracy": 11.333333333333332}, "test": {"accuracy": 12.0}}, "1.0": {"time": 0.0033111572265625, "reduction": 98.0, "validation": {"accuracy": 10.444444444444445}, "test": {"accuracy": 10.0}}}, "5": {"0.0": {"time": 0.004148006439208984, "reduction": 4.222222222222227, "validation": {"accuracy": 15.11111111111111}, "test": {"accuracy": 14.000000000000002}}, "0.1": {"time": 0.0042650699615478516, "reduction": 5.777777777777782, "validation": {"accuracy": 15.11111111111111}, "test": {"accuracy": 14.000000000000002}}, "0.2": {"time": 0.004729747772216797, "reduction": 9.333333333333337, "validation": {"accuracy": 14.888888888888888}, "test": {"accuracy": 14.000000000000002}}, "0.3": {"time": 0.0056340694427490234, "reduction": 20.666666666666668, "validation": {"accuracy": 15.11111111111111}, "test": {"accuracy": 12.0}}, "0.4": {"time": 0.004497051239013672, "reduction": 53.55555555555556, "validation": {"accuracy": 14.666666666666666}, "test": {"accuracy": 10.0}}, "0.5": {"time": 0.003283977508544922, "reduction": 75.55555555555556, "validation": {"accuracy": 16.444444444444446}, "test": {"accuracy": 8.0}}, "0.6": {"time": 0.003879070281982422, "reduction": 84.44444444444444, "validation": {"accuracy": 16.666666666666664}, "test": {"accuracy": 12.0}}, "0.7": {"time": 0.0031290054321289062, "reduction": 89.33333333333333, "validation": {"accuracy": 11.555555555555555}, "test": {"accuracy": 12.0}}, "0.8": {"time": 0.0035181045532226562, "reduction": 93.33333333333333, "validation": {"accuracy": 11.333333333333332}, "test": {"accuracy": 12.0}}, "0.9": {"time": 0.003330230712890625, "reduction": 94.22222222222221, "validation": {"accuracy": 10.0}, "test": {"accuracy": 14.000000000000002}}, "1.0": {"time": 0.003537893295288086, "reduction": 98.0, "validation": {"accuracy": 10.444444444444445}, "test": {"accuracy": 10.0}}}, "6": {"0.0": {"time": 0.0046770572662353516, "reduction": 2.0000000000000018, "validation": {"accuracy": 7.333333333333333}, "test": {"accuracy": 12.0}}, "0.1": {"time": 0.0040590763092041016, "reduction": 6.000000000000005, "validation": {"accuracy": 7.333333333333333}, "test": {"accuracy": 12.0}}, "0.2": {"time": 0.004505157470703125, "reduction": 11.333333333333329, "validation": {"accuracy": 8.222222222222223}, "test": {"accuracy": 10.0}}, "0.3": {"time": 0.004536867141723633, "reduction": 30.88888888888889, "validation": {"accuracy": 10.444444444444445}, "test": {"accuracy": 8.0}}, "0.4": {"time": 0.0034580230712890625, "reduction": 58.22222222222222, "validation": {"accuracy": 11.11111111111111}, "test": {"accuracy": 10.0}}, "0.5": {"time": 0.003281116485595703, "reduction": 74.8888888888889, "validation": {"accuracy": 10.222222222222223}, "test": {"accuracy": 16.0}}, "0.6": {"time": 0.003710031509399414, "reduction": 82.88888888888889, "validation": {"accuracy": 8.88888888888889}, "test": {"accuracy": 16.0}}, "0.7": {"time": 0.0034918785095214844, "reduction": 88.88888888888889, "validation": {"accuracy": 10.888888888888888}, "test": {"accuracy": 12.0}}, "0.8": {"time": 0.004086017608642578, "reduction": 92.0, "validation": {"accuracy": 11.333333333333332}, "test": {"accuracy": 12.0}}, "0.9": {"time": 0.003911256790161133, "reduction": 93.55555555555556, "validation": {"accuracy": 12.88888888888889}, "test": {"accuracy": 18.0}}, "1.0": {"time": 0.0032491683959960938, "reduction": 98.66666666666667, "validation": {"accuracy": 11.333333333333332}, "test": {"accuracy": 12.0}}}, "7": {"0.0": {"time": 0.004786014556884766, "reduction": 1.3333333333333308, "validation": {"accuracy": 15.333333333333332}, "test": {"accuracy": 20.0}}, "0.1": {"time": 0.004754066467285156, "reduction": 2.6666666666666616, "validation": {"accuracy": 15.333333333333332}, "test": {"accuracy": 20.0}}, "0.2": {"time": 0.005002021789550781, "reduction": 7.333333333333336, "validation": {"accuracy": 15.333333333333332}, "test": {"accuracy": 20.0}}, "0.3": {"time": 0.004205942153930664, "reduction": 19.777777777777782, "validation": {"accuracy": 15.333333333333332}, "test": {"accuracy": 20.0}}, "0.4": {"time": 0.0042188167572021484, "reduction": 50.66666666666666, "validation": {"accuracy": 14.666666666666666}, "test": {"accuracy": 14.000000000000002}}, "0.5": {"time": 0.0047130584716796875, "reduction": 78.44444444444446, "validation": {"accuracy": 12.0}, "test": {"accuracy": 18.0}}, "0.6": {"time": 0.0038242340087890625, "reduction": 83.33333333333334, "validation": {"accuracy": 16.0}, "test": {"accuracy": 14.000000000000002}}, "0.7": {"time": 0.003593921661376953, "reduction": 88.44444444444444, "validation": {"accuracy": 11.11111111111111}, "test": {"accuracy": 14.000000000000002}}, "0.8": {"time": 0.0040569305419921875, "reduction": 92.0, "validation": {"accuracy": 10.666666666666668}, "test": {"accuracy": 20.0}}, "0.9": {"time": 0.003354787826538086, "reduction": 93.11111111111111, "validation": {"accuracy": 10.666666666666668}, "test": {"accuracy": 20.0}}, "1.0": {"time": 0.004515171051025391,