{"3": {"0.0": {"time": 0.0004940032958984375, "reduction": 83.15789473684211, "validation": {"accuracy": 85.26315789473684}, "test": {"accuracy": 81.81818181818183}}, "0.1": {"time": 0.0003561973571777344, "reduction": 92.63157894736842, "validation": {"accuracy": 80.0}, "test": {"accuracy": 81.81818181818183}}, "0.2": {"time": 0.00035691261291503906, "reduction": 92.63157894736842, "validation": {"accuracy": 80.0}, "test": {"accuracy": 81.81818181818183}}, "0.3": {"time": 0.00035881996154785156, "reduction": 92.63157894736842, "validation": {"accuracy": 80.0}, "test": {"accuracy": 81.81818181818183}}, "0.4": {"time": 0.0003566741943359375, "reduction": 92.63157894736842, "validation": {"accuracy": 80.0}, "test": {"accuracy": 81.81818181818183}}, "0.5": {"time": 0.0003571510314941406, "reduction": 92.63157894736842, "validation": {"accuracy": 80.0}, "test": {"accuracy": 81.81818181818183}}, "0.6": {"time": 0.00036025047302246094, "reduction": 92.63157894736842, "validation": {"accuracy": 80.0}, "test": {"accuracy": 81.81818181818183}}, "0.7": {"time": 0.0003578662872314453, "reduction": 92.63157894736842, "validation": {"accuracy": 80.0}, "test": {"accuracy": 81.81818181818183}}, "0.8": {"time": 0.0003590583801269531, "reduction": 92.63157894736842, "validation": {"accuracy": 80.0}, "test": {"accuracy": 81.81818181818183}}, "0.9": {"time": 0.00037097930908203125, "reduction": 92.63157894736842, "validation": {"accuracy": 80.0}, "test": {"accuracy": 81.81818181818183}}, "1.0": {"time": 0.0003566741943359375, "reduction": 98.94736842105263, "validation": {"accuracy": 80.0}, "test": {"accuracy": 81.81818181818183}}}, "4": {"0.0": {"time": 0.0004239082336425781, "reduction": 89.47368421052632, "validation": {"accuracy": 92.63157894736842}, "test": {"accuracy": 54.54545454545454}}, "0.1": {"time": 0.0003650188446044922, "reduction": 91.57894736842105, "validation": {"accuracy": 92.63157894736842}, "test": {"accuracy": 54.54545454545454}}, "0.2": {"time": 0.0003600120544433594, "reduction": 92.63157894736842, "validation": {"accuracy": 80.0}, "test": {"accuracy": 81.81818181818183}}, "0.3": {"time": 0.00038313865661621094, "reduction": 92.63157894736842, "validation": {"accuracy": 80.0}, "test": {"accuracy": 81.81818181818183}}, "0.4": {"time": 0.0003972053527832031, "reduction": 92.63157894736842, "validation": {"accuracy": 80.0}, "test": {"accuracy": 81.81818181818183}}, "0.5": {"time": 0.0004260540008544922, "reduction": 92.63157894736842, "validation": {"accuracy": 80.0}, "test": {"accuracy": 81.81818181818183}}, "0.6": {"time": 0.00037980079650878906, "reduction": 92.63157894736842, "validation": {"accuracy": 80.0}, "test": {"accuracy": 81.81818181818183}}, "0.7": {"time": 0.00040221214294433594, "reduction": 92.63157894736842, "validation": {"accuracy": 80.0}, "test": {"accuracy": 81.81818181818183}}, "0.8": {"time": 0.0004737377166748047, "reduction": 92.63157894736842, "validation": {"accuracy": 80.0}, "test": {"accuracy": 81.81818181818183}}, "0.9": {"time": 0.00047206878662109375, "reduction": 93.6842105263158, "validation": {"accuracy": 80.0}, "test": {"accuracy": 81.81818181818183}}, "1.0": {"time": 0.00043129920959472656, "reduction": 98.94736842105263, "validation": {"accuracy": 80.0}, "test": {"accuracy": 81.81818181818183}}}, "5": {"0.0": {"time": 0.00039124488830566406, "reduction": 78.94736842105263, "validation": {"accuracy": 78.94736842105263}, "test": {"accuracy": 81.81818181818183}}, "0.1": {"time": 0.0003619194030761719, "reduction": 90.52631578947368, "validation": {"accuracy": 80.0}, "test": {"accuracy": 81.81818181818183}}, "0.2": {"time": 0.0003631114959716797, "reduction": 90.52631578947368, "validation": {"accuracy": 80.0}, "test": {"accuracy": 81.81818181818183}}, "0.3": {"time": 0.0003600120544433594, "reduction": 90.52631578947368, "validation": {"accuracy": 80.0}, "test": {"accuracy": 81.81818181818183}}, "0.4": {"time": 0.0003600120544433594, "reduction": 90.52631578947368, "validation": {"accuracy": 80.0}, "test": {"accuracy": 81.81818181818183}}, "0.5": {"time": 0.0003609657287597656, "reduction": 90.52631578947368, "validation": {"accuracy": 80.0}, "test": {"accuracy": 81.81818181818183}}, "0.6": {"time": 0.0003609657287597656, "reduction": 90.52631578947368, "validation": {"accuracy": 80.0}, "test": {"accuracy": 81.81818181818183}}, "0.7": {"time": 0.00036406517028808594, "reduction": 90.52631578947368, "validation": {"accuracy": 80.0}, "test": {"accuracy": 81.81818181818183}}, "0.8": {"time": 0.00036406517028808594, "reduction": 90.52631578947368, "validation": {"accuracy": 80.0}, "test": {"accuracy": 81.81818181818183}}, "0.9": {"time": 0.00036215782165527344, "reduction": 90.52631578947368, "validation": {"accuracy": 80.0}, "test": {"accuracy": 81.81818181818183}}, "1.0": {"time": 0.00036406517028808594, "reduction": 98.94736842105263, "validation": {"accuracy": 80.0}, "test": {"accuracy": 81.81818181818183}}}, "6": {"0.0": {"time": 0.000370025634765625, "reduction": 80.0, "validation": {"accuracy": 24.210526315789473}, "test": {"accuracy": 27.27272727272727}}, "0.1": {"time": 0.0003688335418701172, "reduction": 91.57894736842105, "validation": {"accuracy": 80.0}, "test": {"accuracy": 81.81818181818183}}, "0.2": {"time": 0.0003628730773925781, "reduction": 91.57894736842105, "validation": {"accuracy": 80.0}, "test": {"accuracy": 81.81818181818183}}, "0.3": {"time": 0.0003662109375, "reduction": 91.57894736842105, "validation": {"accuracy": 80.0}, "test": {"accuracy": 81.81818181818183}}, "0.4": {"time": 0.0003619194030761719, "reduction": 91.57894736842105, "validation": {"accuracy": 80.0}, "test": {"accuracy": 81.81818181818183}}, "0.5": {"time": 0.00036406517028808594, "reduction": 91.57894736842105, "validation": {"accuracy": 80.0}, "test": {"accuracy": 81.81818181818183}}, "0.6": {"time": 0.00036215782165527344, "reduction": 91.57894736842105, "validation": {"accuracy": 80.0}, "test": {"accuracy": 81.81818181818183}}, "0.7": {"time": 0.00036025047302246094, "reduction": 91.57894736842105, "validation": {"accuracy": 80.0}, "test": {"accuracy": 81.81818181818183}}, "0.8": {"time": 0.00036215782165527344, "reduction": 91.57894736842105, "validation": {"accuracy": 80.0}, "test": {"accuracy": 81.81818181818183}}, "0.9": {"time": 0.0003619194030761719, "reduction": 91.57894736842105, "validation": {"accuracy": 80.0}, "test": {"accuracy": 81.81818181818183}}, "1.0": {"time": 0.00035572052001953125, "reduction": 98.94736842105263, "validation": {"accuracy": 80.0}, "test": {"accuracy": 81.81818181818183}}}, "7": {"0.0": {"time": 0.00037789344787597656, "reduction": 78.125, "validation": {"accuracy": 42.70833333333333}, "test": {"accuracy": 70.0}}, "0.1": {"time": 0.0003809928894042969, "reduction": 89.58333333333334, "validation": {"accuracy": 80.20833333333334}, "test": {"accuracy": 80.0}}, "0.2": {"time": 0.00036787986755371094, "reduction": 89.58333333333334, "validation": {"accuracy": 80.20833333333334}, "test": {"accuracy": 80.0}}, "0.3": {"time": 0.0003681182861328125, "reduction": 89.58333333333334, "validation": {"accuracy": 80.20833333333334}, "test": {"accuracy": 80.0}}, "0.4": {"time": 0.00036907196044921875, "reduction": 89.58333333333334, "validation": {"accuracy": 80.20833333333334}, "test": {"accuracy": 80.0}}, "0.5": {"time": 0.0003688335418701172, "reduction": 89.58333333333334, "validation": {"accuracy": 80.20833333333334}, "test": {"accuracy": 80.0}}, "0.6": {"time": 0.00045800209045410156, "reduction": 89.58333333333334, "validation": {"accuracy": 80.20833333333334}, "test": {"accuracy": 80.0}}, "0.7": {"time": 0.00037097930908203125, "reduction": 89.58333333333334, "validation": {"accuracy": 80.20833333333334}, "test": {"accuracy": 80.0}}, "0.8": {"time": 0.00038886070251464844, "reduction": 89.58333333333334, "validation": {"accuracy": 80.20833333333334}, "test": {"accuracy": 80.0}}, "0.9": {"time": 0.0003750324249267578, "reduction": 89.58333333333334,