{"3": {"0.0": {"time": 1.0279171466827393, "reduction": 0.0, "validation": {"accuracy": 23.96822655845277}, "test": {"accuracy": 23.91304347826087}}, "0.1": {"time": 0.9190459251403809, "reduction": 31.652564323950962, "validation": {"accuracy": 24.00276290796063}, "test": {"accuracy": 23.91304347826087}}, "0.2": {"time": 0.915471076965332, "reduction": 31.652564323950962, "validation": {"accuracy": 24.00276290796063}, "test": {"accuracy": 23.91304347826087}}, "0.3": {"time": 0.9242799282073975, "reduction": 31.652564323950962, "validation": {"accuracy": 24.00276290796063}, "test": {"accuracy": 23.91304347826087}}, "0.4": {"time": 0.9178941249847412, "reduction": 31.652564323950962, "validation": {"accuracy": 24.00276290796063}, "test": {"accuracy": 23.91304347826087}}, "0.5": {"time": 0.9432389736175537, "reduction": 31.652564323950962, "validation": {"accuracy": 24.00276290796063}, "test": {"accuracy": 23.91304347826087}}, "0.6": {"time": 0.9275510311126709, "reduction": 31.652564323950962, "validation": {"accuracy": 24.00276290796063}, "test": {"accuracy": 23.91304347826087}}, "0.7": {"time": 0.9256820678710938, "reduction": 31.652564323950962, "validation": {"accuracy": 24.00276290796063}, "test": {"accuracy": 23.91304347826087}}, "0.8": {"time": 0.9260480403900146, "reduction": 31.652564323950962, "validation": {"accuracy": 24.00276290796063}, "test": {"accuracy": 23.91304347826087}}, "0.9": {"time": 0.9052011966705322, "reduction": 52.7542738732516, "validation": {"accuracy": 24.054567432222417}, "test": {"accuracy": 23.91304347826087}}, "1.0": {"time": 0.8659310340881348, "reduction": 76.18718701433258, "validation": {"accuracy": 23.812812985667414}, "test": {"accuracy": 23.91304347826087}}}, "4": {"0.0": {"time": 0.9699900150299072, "reduction": 0.0, "validation": {"accuracy": 23.9854947332067}, "test": {"accuracy": 27.173913043478258}}, "0.1": {"time": 0.9292340278625488, "reduction": 31.652564323950962, "validation": {"accuracy": 24.020031082714556}, "test": {"accuracy": 26.552795031055897}}, "0.2": {"time": 0.927962064743042, "reduction": 31.652564323950962, "validation": {"accuracy": 24.020031082714556}, "test": {"accuracy": 26.552795031055897}}, "0.3": {"time": 0.9253010749816895, "reduction": 31.652564323950962, "validation": {"accuracy": 24.020031082714556}, "test": {"accuracy": 26.552795031055897}}, "0.4": {"time": 0.9277870655059814, "reduction": 31.652564323950962, "validation": {"accuracy": 24.020031082714556}, "test": {"accuracy": 26.552795031055897}}, "0.5": {"time": 0.9329311847686768, "reduction": 31.652564323950962, "validation": {"accuracy": 24.020031082714556}, "test": {"accuracy": 26.552795031055897}}, "0.6": {"time": 0.9288079738616943, "reduction": 31.652564323950962, "validation": {"accuracy": 24.020031082714556}, "test": {"accuracy": 26.552795031055897}}, "0.7": {"time": 0.9285261631011963, "reduction": 31.652564323950962, "validation": {"accuracy": 24.020031082714556}, "test": {"accuracy": 26.552795031055897}}, "0.8": {"time": 0.9248208999633789, "reduction": 31.652564323950962, "validation": {"accuracy": 24.020031082714556}, "test": {"accuracy": 26.552795031055897}}, "0.9": {"time": 0.9006788730621338, "reduction": 52.7542738732516, "validation": {"accuracy": 24.054567432222417}, "test": {"accuracy": 27.173913043478258}}, "1.0": {"time": 0.8617169857025146, "reduction": 76.18718701433258, "validation": {"accuracy": 23.812812985667414}, "test": {"accuracy": 23.91304347826087}}}, "5": {"0.0": {"time": 0.9704091548919678, "reduction": 0.0, "validation": {"accuracy": 23.812812985667414}, "test": {"accuracy": 24.84472049689441}}, "0.1": {"time": 0.9189932346343994, "reduction": 31.652564323950962, "validation": {"accuracy": 23.812812985667414}, "test": {"accuracy": 24.22360248447205}}, "0.2": {"time": 0.9145727157592773, "reduction": 31.652564323950962, "validation": {"accuracy": 23.812812985667414}, "test": {"accuracy": 24.22360248447205}}, "0.3": {"time": 0.9180920124053955, "reduction": 31.652564323950962, "validation": {"accuracy": 23.812812985667414}, "test": {"accuracy": 24.22360248447205}}, "0.4": {"time": 0.9159731864929199, "reduction": 31.652564323950962, "validation": {"accuracy": 23.812812985667414}, "test": {"accuracy": 24.22360248447205}}, "0.5": {"time": 0.9150447845458984, "reduction": 31.652564323950962, "validation": {"accuracy": 23.812812985667414}, "test": {"accuracy": 24.22360248447205}}, "0.6": {"time": 0.9162828922271729, "reduction": 31.652564323950962, "validation": {"accuracy": 23.812812985667414}, "test": {"accuracy": 24.22360248447205}}, "0.7": {"time": 0.9363529682159424, "reduction": 31.652564323950962, "validation": {"accuracy": 23.812812985667414}, "test": {"accuracy": 24.22360248447205}}, "0.8": {"time": 0.9212279319763184, "reduction": 31.652564323950962, "validation": {"accuracy": 23.812812985667414}, "test": {"accuracy": 24.22360248447205}}, "0.9": {"time": 0.8969259262084961, "reduction": 52.7542738732516, "validation": {"accuracy": 23.812812985667414}, "test": {"accuracy": 23.91304347826087}}, "1.0": {"time": 0.8758132457733154, "reduction": 76.18718701433258, "validation": {"accuracy": 23.812812985667414}, "test": {"accuracy": 23.91304347826087}}}, "6": {"0.0": {"time": 0.960036039352417, "reduction": 0.0, "validation": {"accuracy": 24.03314917127072}, "test": {"accuracy": 25.505443234836704}}, "0.1": {"time": 0.9257681369781494, "reduction": 31.647099447513817, "validation": {"accuracy": 24.067679558011047}, "test": {"accuracy": 25.505443234836704}}, "0.2": {"time": 0.9142780303955078, "reduction": 31.647099447513817, "validation": {"accuracy": 24.067679558011047}, "test": {"accuracy": 25.505443234836704}}, "0.3": {"time": 0.9149858951568604, "reduction": 31.647099447513817, "validation": {"accuracy": 24.067679558011047}, "test": {"accuracy": 25.505443234836704}}, "0.4": {"time": 0.9208488464355469, "reduction": 31.647099447513817, "validation": {"accuracy": 24.067679558011047}, "test": {"accuracy": 25.505443234836704}}, "0.5": {"time": 0.9195089340209961, "reduction": 31.647099447513817, "validation": {"accuracy": 24.067679558011047}, "test": {"accuracy": 25.505443234836704}}, "0.6": {"time": 0.9271988868713379, "reduction": 31.647099447513817, "validation": {"accuracy": 24.067679558011047}, "test": {"accuracy": 25.505443234836704}}, "0.7": {"time": 0.9222412109375, "reduction": 31.647099447513817, "validation": {"accuracy": 24.067679558011047}, "test": {"accuracy": 25.505443234836704}}, "0.8": {"time": 0.9157109260559082, "reduction": 31.647099447513817, "validation": {"accuracy": 24.067679558011047}, "test": {"accuracy": 25.505443234836704}}, "0.9": {"time": 0.8926358222961426, "reduction": 52.74516574585635, "validation": {"accuracy": 24.084944751381215}, "test": {"accuracy": 25.194401244167963}}, "1.0": {"time": 0.8604950904846191, "reduction": 76.17403314917127, "validation": {"accuracy": 23.825966850828728}, "test": {"accuracy": 23.79471228615863}}}, "7": {"0.0": {"time": 0.9640820026397705, "reduction": 0.0, "validation": {"accuracy": 24.050414364640886}, "test": {"accuracy": 25.816485225505442}}, "0.1": {"time": 0.9143409729003906, "reduction": 31.647099447513817, "validation": {"accuracy": 24.050414364640886}, "test": {"accuracy": 26.283048211508554}}, "0.2": {"time": 0.9196352958679199, "reduction": 31.647099447513817, "validation": {"accuracy": 24.050414364640886}, "test": {"accuracy": 26.283048211508554}}, "0.3": {"time": 0.912635087966919, "reduction": 31.647099447513817, "validation": {"accuracy": 24.050414364640886}, "test": {"accuracy": 26.283048211508554}}, "0.4": {"time": 0.9237198829650879, "reduction": 31.647099447513817, "validation": {"accuracy": 24.050414364640886}, "test": {"accuracy": 26.283048211508554}}, "0.5": {"time": 0.9142091274261475, "reduction": 31.647099447513817, "validation": {"accuracy": 24.050414364640886}, "test": {"accuracy": 26.283048211508554}}, "0.6": {"time": 0.9141490459442139, "reduction": 31.647099447513817,