{"3": {"0.0": {"time": 0.0010790824890136719, "reduction": 57.49999999999999, "validation": {"accuracy": 65.625}, "test": {"accuracy": 55.55555555555556}}, "0.1": {"time": 0.0007030963897705078, "reduction": 59.375, "validation": {"accuracy": 65.625}, "test": {"accuracy": 55.55555555555556}}, "0.2": {"time": 0.0007307529449462891, "reduction": 62.5, "validation": {"accuracy": 65.0}, "test": {"accuracy": 55.55555555555556}}, "0.3": {"time": 0.0007121562957763672, "reduction": 75.625, "validation": {"accuracy": 66.25}, "test": {"accuracy": 44.44444444444444}}, "0.4": {"time": 0.0007328987121582031, "reduction": 78.125, "validation": {"accuracy": 63.74999999999999}, "test": {"accuracy": 38.88888888888889}}, "0.5": {"time": 0.0009667873382568359, "reduction": 79.375, "validation": {"accuracy": 63.125}, "test": {"accuracy": 38.88888888888889}}, "0.6": {"time": 0.0008242130279541016, "reduction": 86.25, "validation": {"accuracy": 63.74999999999999}, "test": {"accuracy": 38.88888888888889}}, "0.7": {"time": 0.0009100437164306641, "reduction": 90.0, "validation": {"accuracy": 63.74999999999999}, "test": {"accuracy": 38.88888888888889}}, "0.8": {"time": 0.0008330345153808594, "reduction": 94.375, "validation": {"accuracy": 40.0}, "test": {"accuracy": 38.88888888888889}}, "0.9": {"time": 0.0007531642913818359, "reduction": 96.25, "validation": {"accuracy": 40.0}, "test": {"accuracy": 38.88888888888889}}, "1.0": {"time": 0.0007297992706298828, "reduction": 99.375, "validation": {"accuracy": 40.0}, "test": {"accuracy": 38.88888888888889}}}, "4": {"0.0": {"time": 0.0007009506225585938, "reduction": 56.25, "validation": {"accuracy": 67.5}, "test": {"accuracy": 44.44444444444444}}, "0.1": {"time": 0.0006940364837646484, "reduction": 58.75, "validation": {"accuracy": 67.5}, "test": {"accuracy": 44.44444444444444}}, "0.2": {"time": 0.0008580684661865234, "reduction": 58.75, "validation": {"accuracy": 67.5}, "test": {"accuracy": 44.44444444444444}}, "0.3": {"time": 0.0006940364837646484, "reduction": 81.25, "validation": {"accuracy": 70.0}, "test": {"accuracy": 44.44444444444444}}, "0.4": {"time": 0.0006887912750244141, "reduction": 81.875, "validation": {"accuracy": 70.0}, "test": {"accuracy": 44.44444444444444}}, "0.5": {"time": 0.0006661415100097656, "reduction": 84.375, "validation": {"accuracy": 68.125}, "test": {"accuracy": 38.88888888888889}}, "0.6": {"time": 0.0006568431854248047, "reduction": 88.75, "validation": {"accuracy": 68.125}, "test": {"accuracy": 38.88888888888889}}, "0.7": {"time": 0.0008020401000976562, "reduction": 91.875, "validation": {"accuracy": 55.625}, "test": {"accuracy": 38.88888888888889}}, "0.8": {"time": 0.0008800029754638672, "reduction": 96.25, "validation": {"accuracy": 40.0}, "test": {"accuracy": 38.88888888888889}}, "0.9": {"time": 0.0007538795471191406, "reduction": 96.875, "validation": {"accuracy": 40.0}, "test": {"accuracy": 38.88888888888889}}, "1.0": {"time": 0.0008471012115478516, "reduction": 99.375, "validation": {"accuracy": 40.0}, "test": {"accuracy": 38.88888888888889}}}, "5": {"0.0": {"time": 0.0014641284942626953, "reduction": 64.375, "validation": {"accuracy": 57.49999999999999}, "test": {"accuracy": 50.0}}, "0.1": {"time": 0.000823974609375, "reduction": 66.875, "validation": {"accuracy": 57.49999999999999}, "test": {"accuracy": 50.0}}, "0.2": {"time": 0.0011768341064453125, "reduction": 68.125, "validation": {"accuracy": 57.49999999999999}, "test": {"accuracy": 50.0}}, "0.3": {"time": 0.0008678436279296875, "reduction": 81.25, "validation": {"accuracy": 61.875}, "test": {"accuracy": 33.33333333333333}}, "0.4": {"time": 0.0006783008575439453, "reduction": 83.125, "validation": {"accuracy": 61.875}, "test": {"accuracy": 33.33333333333333}}, "0.5": {"time": 0.0006730556488037109, "reduction": 84.375, "validation": {"accuracy": 61.875}, "test": {"accuracy": 33.33333333333333}}, "0.6": {"time": 0.000720977783203125, "reduction": 85.625, "validation": {"accuracy": 61.875}, "test": {"accuracy": 33.33333333333333}}, "0.7": {"time": 0.001094818115234375, "reduction": 86.875, "validation": {"accuracy": 61.875}, "test": {"accuracy": 33.33333333333333}}, "0.8": {"time": 0.0009200572967529297, "reduction": 90.625, "validation": {"accuracy": 40.0}, "test": {"accuracy": 38.88888888888889}}, "0.9": {"time": 0.0007617473602294922, "reduction": 93.75, "validation": {"accuracy": 40.0}, "test": {"accuracy": 38.88888888888889}}, "1.0": {"time": 0.0006518363952636719, "reduction": 99.375, "validation": {"accuracy": 40.0}, "test": {"accuracy": 38.88888888888889}}}, "6": {"0.0": {"time": 0.0008199214935302734, "reduction": 61.875, "validation": {"accuracy": 61.875}, "test": {"accuracy": 55.55555555555556}}, "0.1": {"time": 0.0008037090301513672, "reduction": 64.375, "validation": {"accuracy": 61.875}, "test": {"accuracy": 55.55555555555556}}, "0.2": {"time": 0.000743865966796875, "reduction": 65.625, "validation": {"accuracy": 61.875}, "test": {"accuracy": 55.55555555555556}}, "0.3": {"time": 0.0007150173187255859, "reduction": 85.625, "validation": {"accuracy": 66.25}, "test": {"accuracy": 44.44444444444444}}, "0.4": {"time": 0.0006971359252929688, "reduction": 86.875, "validation": {"accuracy": 65.0}, "test": {"accuracy": 44.44444444444444}}, "0.5": {"time": 0.0006930828094482422, "reduction": 88.125, "validation": {"accuracy": 65.0}, "test": {"accuracy": 44.44444444444444}}, "0.6": {"time": 0.0006930828094482422, "reduction": 90.625, "validation": {"accuracy": 65.0}, "test": {"accuracy": 44.44444444444444}}, "0.7": {"time": 0.0008721351623535156, "reduction": 91.875, "validation": {"accuracy": 66.25}, "test": {"accuracy": 44.44444444444444}}, "0.8": {"time": 0.0009868144989013672, "reduction": 93.75, "validation": {"accuracy": 40.0}, "test": {"accuracy": 38.88888888888889}}, "0.9": {"time": 0.0007059574127197266, "reduction": 96.25, "validation": {"accuracy": 40.0}, "test": {"accuracy": 38.88888888888889}}, "1.0": {"time": 0.0006897449493408203, "reduction": 99.375, "validation": {"accuracy": 40.0}, "test": {"accuracy": 38.88888888888889}}}, "7": {"0.0": {"time": 0.0007288455963134766, "reduction": 57.49999999999999, "validation": {"accuracy": 56.25}, "test": {"accuracy": 72.22222222222221}}, "0.1": {"time": 0.0007219314575195312, "reduction": 58.75, "validation": {"accuracy": 56.25}, "test": {"accuracy": 72.22222222222221}}, "0.2": {"time": 0.0007450580596923828, "reduction": 61.875, "validation": {"accuracy": 58.75}, "test": {"accuracy": 72.22222222222221}}, "0.3": {"time": 0.0007700920104980469, "reduction": 81.875, "validation": {"accuracy": 68.75}, "test": {"accuracy": 50.0}}, "0.4": {"time": 0.0007021427154541016, "reduction": 83.125, "validation": {"accuracy": 68.75}, "test": {"accuracy": 50.0}}, "0.5": {"time": 0.0006978511810302734, "reduction": 85.0, "validation": {"accuracy": 68.75}, "test": {"accuracy": 50.0}}, "0.6": {"time": 0.0007390975952148438, "reduction": 85.625, "validation": {"accuracy": 68.75}, "test": {"accuracy": 50.0}}, "0.7": {"time": 0.0008597373962402344, "reduction": 91.25, "validation": {"accuracy": 69.375}, "test": {"accuracy": 50.0}}, "0.8": {"time": 0.0007250308990478516, "reduction": 98.75, "validation": {"accuracy": 40.0}, "test": {"accuracy": 38.88888888888889}}, "0.9": {"time": 0.0007448196411132812, "reduction": 98.75, "validation": {"accuracy": 40.0}, "test": {"accuracy": 38.88888888888889}}, "1.0": {"time": 0.0006871223449707031, "reduction": 99.375, "validation": {"accuracy": 40.0}, "test": {"accuracy": 38.88888888888889}}}, "8": {"0.0": {"time": 0.0007181167602539062, "reduction": 65.0, "validation": {"accuracy": 64.375}, "test": {"accuracy": 72.22222222222221}}, "0.1": {"time": 0.0007150173187255859, "reduction": 68.125, "validation": {"accuracy": 64.375}, "test": {"accuracy": 72.22222222222221}}, "0.2": {"time": 0.000982046127319336, "reduction": 69.375, "validation": {"accuracy": 64.375}, "test": {"accuracy": 72.22222222222221}}, "0.3": {"time": 0.0007309913635253906, "reduction": 86.875,