{"3": {"0.0": {"time": 0.001672983169555664, "reduction": 45.81818181818181, "validation": {"accuracy": 72.0}, "test": {"accuracy": 70.96774193548387}}, "0.1": {"time": 0.0014841556549072266, "reduction": 68.72727272727272, "validation": {"accuracy": 73.45454545454545}, "test": {"accuracy": 74.19354838709677}}, "0.2": {"time": 0.001413106918334961, "reduction": 68.72727272727272, "validation": {"accuracy": 73.45454545454545}, "test": {"accuracy": 74.19354838709677}}, "0.3": {"time": 0.001386880874633789, "reduction": 68.72727272727272, "validation": {"accuracy": 73.45454545454545}, "test": {"accuracy": 74.19354838709677}}, "0.4": {"time": 0.0012562274932861328, "reduction": 68.72727272727272, "validation": {"accuracy": 73.45454545454545}, "test": {"accuracy": 74.19354838709677}}, "0.5": {"time": 0.0011641979217529297, "reduction": 68.72727272727272, "validation": {"accuracy": 73.45454545454545}, "test": {"accuracy": 74.19354838709677}}, "0.6": {"time": 0.0011138916015625, "reduction": 68.72727272727272, "validation": {"accuracy": 73.45454545454545}, "test": {"accuracy": 74.19354838709677}}, "0.7": {"time": 0.0013248920440673828, "reduction": 68.72727272727272, "validation": {"accuracy": 73.45454545454545}, "test": {"accuracy": 74.19354838709677}}, "0.8": {"time": 0.001111745834350586, "reduction": 68.72727272727272, "validation": {"accuracy": 73.45454545454545}, "test": {"accuracy": 74.19354838709677}}, "0.9": {"time": 0.001116037368774414, "reduction": 68.72727272727272, "validation": {"accuracy": 73.45454545454545}, "test": {"accuracy": 74.19354838709677}}, "1.0": {"time": 0.0010461807250976562, "reduction": 99.63636363636364, "validation": {"accuracy": 73.45454545454545}, "test": {"accuracy": 74.19354838709677}}}, "4": {"0.0": {"time": 0.00121307373046875, "reduction": 48.0, "validation": {"accuracy": 67.63636363636364}, "test": {"accuracy": 77.41935483870968}}, "0.1": {"time": 0.0012099742889404297, "reduction": 68.72727272727272, "validation": {"accuracy": 73.45454545454545}, "test": {"accuracy": 74.19354838709677}}, "0.2": {"time": 0.001306772232055664, "reduction": 68.72727272727272, "validation": {"accuracy": 73.45454545454545}, "test": {"accuracy": 74.19354838709677}}, "0.3": {"time": 0.0017268657684326172, "reduction": 68.72727272727272, "validation": {"accuracy": 73.45454545454545}, "test": {"accuracy": 74.19354838709677}}, "0.4": {"time": 0.0016248226165771484, "reduction": 68.72727272727272, "validation": {"accuracy": 73.45454545454545}, "test": {"accuracy": 74.19354838709677}}, "0.5": {"time": 0.0011599063873291016, "reduction": 68.72727272727272, "validation": {"accuracy": 73.45454545454545}, "test": {"accuracy": 74.19354838709677}}, "0.6": {"time": 0.0011479854583740234, "reduction": 68.72727272727272, "validation": {"accuracy": 73.45454545454545}, "test": {"accuracy": 74.19354838709677}}, "0.7": {"time": 0.0011360645294189453, "reduction": 68.72727272727272, "validation": {"accuracy": 73.45454545454545}, "test": {"accuracy": 74.19354838709677}}, "0.8": {"time": 0.001138925552368164, "reduction": 68.72727272727272, "validation": {"accuracy": 73.45454545454545}, "test": {"accuracy": 74.19354838709677}}, "0.9": {"time": 0.00115203857421875, "reduction": 68.72727272727272, "validation": {"accuracy": 73.45454545454545}, "test": {"accuracy": 74.19354838709677}}, "1.0": {"time": 0.0011818408966064453, "reduction": 99.63636363636364, "validation": {"accuracy": 73.45454545454545}, "test": {"accuracy": 74.19354838709677}}}, "5": {"0.0": {"time": 0.0012049674987792969, "reduction": 43.27272727272727, "validation": {"accuracy": 71.63636363636363}, "test": {"accuracy": 74.19354838709677}}, "0.1": {"time": 0.001155853271484375, "reduction": 65.45454545454545, "validation": {"accuracy": 73.45454545454545}, "test": {"accuracy": 74.19354838709677}}, "0.2": {"time": 0.0012447834014892578, "reduction": 65.45454545454545, "validation": {"accuracy": 73.45454545454545}, "test": {"accuracy": 74.19354838709677}}, "0.3": {"time": 0.0011620521545410156, "reduction": 65.45454545454545, "validation": {"accuracy": 73.45454545454545}, "test": {"accuracy": 74.19354838709677}}, "0.4": {"time": 0.0011529922485351562, "reduction": 65.45454545454545, "validation": {"accuracy": 73.45454545454545}, "test": {"accuracy": 74.19354838709677}}, "0.5": {"time": 0.00115203857421875, "reduction": 65.45454545454545, "validation": {"accuracy": 73.45454545454545}, "test": {"accuracy": 74.19354838709677}}, "0.6": {"time": 0.002228975296020508, "reduction": 65.45454545454545, "validation": {"accuracy": 73.45454545454545}, "test": {"accuracy": 74.19354838709677}}, "0.7": {"time": 0.0013828277587890625, "reduction": 65.45454545454545, "validation": {"accuracy": 73.45454545454545}, "test": {"accuracy": 74.19354838709677}}, "0.8": {"time": 0.0011930465698242188, "reduction": 65.45454545454545, "validation": {"accuracy": 73.45454545454545}, "test": {"accuracy": 74.19354838709677}}, "0.9": {"time": 0.001177072525024414, "reduction": 65.45454545454545, "validation": {"accuracy": 73.45454545454545}, "test": {"accuracy": 74.19354838709677}}, "1.0": {"time": 0.0011088848114013672, "reduction": 99.63636363636364, "validation": {"accuracy": 73.45454545454545}, "test": {"accuracy": 74.19354838709677}}}, "6": {"0.0": {"time": 0.0011849403381347656, "reduction": 46.54545454545455, "validation": {"accuracy": 65.0909090909091}, "test": {"accuracy": 74.19354838709677}}, "0.1": {"time": 0.0011370182037353516, "reduction": 67.63636363636364, "validation": {"accuracy": 73.81818181818181}, "test": {"accuracy": 70.96774193548387}}, "0.2": {"time": 0.0012450218200683594, "reduction": 67.63636363636364, "validation": {"accuracy": 73.81818181818181}, "test": {"accuracy": 70.96774193548387}}, "0.3": {"time": 0.0011310577392578125, "reduction": 67.63636363636364, "validation": {"accuracy": 73.81818181818181}, "test": {"accuracy": 70.96774193548387}}, "0.4": {"time": 0.0011303424835205078, "reduction": 67.63636363636364, "validation": {"accuracy": 73.81818181818181}, "test": {"accuracy": 70.96774193548387}}, "0.5": {"time": 0.0011310577392578125, "reduction": 67.63636363636364, "validation": {"accuracy": 73.81818181818181}, "test": {"accuracy": 70.96774193548387}}, "0.6": {"time": 0.0011310577392578125, "reduction": 67.63636363636364, "validation": {"accuracy": 73.81818181818181}, "test": {"accuracy": 70.96774193548387}}, "0.7": {"time": 0.0011823177337646484, "reduction": 67.63636363636364, "validation": {"accuracy": 73.81818181818181}, "test": {"accuracy": 70.96774193548387}}, "0.8": {"time": 0.0011849403381347656, "reduction": 67.63636363636364, "validation": {"accuracy": 73.81818181818181}, "test": {"accuracy": 70.96774193548387}}, "0.9": {"time": 0.001180887222290039, "reduction": 67.63636363636364, "validation": {"accuracy": 73.81818181818181}, "test": {"accuracy": 70.96774193548387}}, "1.0": {"time": 0.0011091232299804688, "reduction": 99.63636363636364, "validation": {"accuracy": 73.81818181818181}, "test": {"accuracy": 70.96774193548387}}}, "7": {"0.0": {"time": 0.001257181167602539, "reduction": 43.11594202898551, "validation": {"accuracy": 63.76811594202898}, "test": {"accuracy": 76.66666666666667}}, "0.1": {"time": 0.0012030601501464844, "reduction": 66.30434782608697, "validation": {"accuracy": 73.55072463768117}, "test": {"accuracy": 73.33333333333333}}, "0.2": {"time": 0.0011968612670898438, "reduction": 66.30434782608697, "validation": {"accuracy": 73.55072463768117}, "test": {"accuracy": 73.33333333333333}}, "0.3": {"time": 0.0011990070343017578, "reduction": 66.30434782608697, "validation": {"accuracy": 73.55072463768117}, "test": {"accuracy": 73.33333333333333}}, "0.4": {"time": 0.001194000244140625, "reduction": 66.30434782608697, "validation": {"accuracy": 73.55072463768117}, "test": {"accuracy": 73.33333333333333}}, "0.5": {"time": 0.0012481212615966797, "reduction": 66.30434782608697, "validation": {"accuracy": 73.55072463768117}, "test": {"accuracy": 73.33333333333333}},