{"3": {"0.0": {"time": 9.057437896728516, "reduction": 28.042986425339368, "validation": {"accuracy": 93.20135746606336}, "test": {"accuracy": 93.38085539714868}}, "0.1": {"time": 9.17414402961731, "reduction": 33.95927601809955, "validation": {"accuracy": 94.02714932126696}, "test": {"accuracy": 94.09368635437882}}, "0.2": {"time": 8.740239143371582, "reduction": 33.95927601809955, "validation": {"accuracy": 94.02714932126696}, "test": {"accuracy": 94.09368635437882}}, "0.3": {"time": 8.573603868484497, "reduction": 33.95927601809955, "validation": {"accuracy": 94.02714932126696}, "test": {"accuracy": 94.09368635437882}}, "0.4": {"time": 8.576550960540771, "reduction": 33.95927601809955, "validation": {"accuracy": 94.02714932126696}, "test": {"accuracy": 94.09368635437882}}, "0.5": {"time": 8.475190877914429, "reduction": 33.95927601809955, "validation": {"accuracy": 94.02714932126696}, "test": {"accuracy": 94.09368635437882}}, "0.6": {"time": 8.471271753311157, "reduction": 33.95927601809955, "validation": {"accuracy": 94.02714932126696}, "test": {"accuracy": 94.09368635437882}}, "0.7": {"time": 8.445132970809937, "reduction": 33.95927601809955, "validation": {"accuracy": 94.02714932126696}, "test": {"accuracy": 94.09368635437882}}, "0.8": {"time": 8.573141098022461, "reduction": 33.95927601809955, "validation": {"accuracy": 94.02714932126696}, "test": {"accuracy": 94.09368635437882}}, "0.9": {"time": 8.782217025756836, "reduction": 33.95927601809955, "validation": {"accuracy": 94.02714932126696}, "test": {"accuracy": 94.09368635437882}}, "1.0": {"time": 6.9071290493011475, "reduction": 93.23529411764706, "validation": {"accuracy": 94.02714932126696}, "test": {"accuracy": 94.09368635437882}}}, "4": {"0.0": {"time": 8.755128145217896, "reduction": 17.87330316742082, "validation": {"accuracy": 93.35972850678733}, "test": {"accuracy": 93.48268839103869}}, "0.1": {"time": 8.718353986740112, "reduction": 23.80090497737557, "validation": {"accuracy": 94.02714932126696}, "test": {"accuracy": 94.09368635437882}}, "0.2": {"time": 8.710767984390259, "reduction": 23.80090497737557, "validation": {"accuracy": 94.02714932126696}, "test": {"accuracy": 94.09368635437882}}, "0.3": {"time": 8.755470037460327, "reduction": 23.80090497737557, "validation": {"accuracy": 94.02714932126696}, "test": {"accuracy": 94.09368635437882}}, "0.4": {"time": 8.882461309432983, "reduction": 23.80090497737557, "validation": {"accuracy": 94.02714932126696}, "test": {"accuracy": 94.09368635437882}}, "0.5": {"time": 8.783370971679688, "reduction": 23.80090497737557, "validation": {"accuracy": 94.02714932126696}, "test": {"accuracy": 94.09368635437882}}, "0.6": {"time": 8.706638097763062, "reduction": 23.80090497737557, "validation": {"accuracy": 94.02714932126696}, "test": {"accuracy": 94.09368635437882}}, "0.7": {"time": 8.786243200302124, "reduction": 23.80090497737557, "validation": {"accuracy": 94.02714932126696}, "test": {"accuracy": 94.09368635437882}}, "0.8": {"time": 8.805844068527222, "reduction": 23.80090497737557, "validation": {"accuracy": 94.02714932126696}, "test": {"accuracy": 94.09368635437882}}, "0.9": {"time": 8.757025003433228, "reduction": 23.80090497737557, "validation": {"accuracy": 94.02714932126696}, "test": {"accuracy": 94.09368635437882}}, "1.0": {"time": 6.75911808013916, "reduction": 93.24660633484163, "validation": {"accuracy": 94.02714932126696}, "test": {"accuracy": 94.09368635437882}}}, "5": {"0.0": {"time": 8.706789016723633, "reduction": 18.981900452488688, "validation": {"accuracy": 92.62443438914028}, "test": {"accuracy": 92.76985743380855}}, "0.1": {"time": 8.76599907875061, "reduction": 24.84162895927602, "validation": {"accuracy": 94.02714932126696}, "test": {"accuracy": 94.09368635437882}}, "0.2": {"time": 8.722995042800903, "reduction": 24.84162895927602, "validation": {"accuracy": 94.02714932126696}, "test": {"accuracy": 94.09368635437882}}, "0.3": {"time": 8.755209922790527, "reduction": 24.84162895927602, "validation": {"accuracy": 94.02714932126696}, "test": {"accuracy": 94.09368635437882}}, "0.4": {"time": 8.720733880996704, "reduction": 24.84162895927602, "validation": {"accuracy": 94.02714932126696}, "test": {"accuracy": 94.09368635437882}}, "0.5": {"time": 8.615185737609863, "reduction": 24.84162895927602, "validation": {"accuracy": 94.02714932126696}, "test": {"accuracy": 94.09368635437882}}, "0.6": {"time": 8.75607681274414, "reduction": 24.84162895927602, "validation": {"accuracy": 94.02714932126696}, "test": {"accuracy": 94.09368635437882}}, "0.7": {"time": 8.351524114608765, "reduction": 24.84162895927602, "validation": {"accuracy": 94.02714932126696}, "test": {"accuracy": 94.09368635437882}}, "0.8": {"time": 8.751306056976318, "reduction": 24.84162895927602, "validation": {"accuracy": 94.02714932126696}, "test": {"accuracy": 94.09368635437882}}, "0.9": {"time": 8.74809217453003, "reduction": 24.84162895927602, "validation": {"accuracy": 94.02714932126696}, "test": {"accuracy": 94.09368635437882}}, "1.0": {"time": 7.08946681022644, "reduction": 94.20814479638008, "validation": {"accuracy": 94.02714932126696}, "test": {"accuracy": 94.09368635437882}}}, "6": {"0.0": {"time": 8.472609996795654, "reduction": 33.82352941176471, "validation": {"accuracy": 92.72624434389141}, "test": {"accuracy": 92.4643584521385}}, "0.1": {"time": 8.430530071258545, "reduction": 39.75113122171946, "validation": {"accuracy": 94.02714932126696}, "test": {"accuracy": 94.09368635437882}}, "0.2": {"time": 8.296788215637207, "reduction": 39.75113122171946, "validation": {"accuracy": 94.02714932126696}, "test": {"accuracy": 94.09368635437882}}, "0.3": {"time": 8.159110069274902, "reduction": 39.75113122171946, "validation": {"accuracy": 94.02714932126696}, "test": {"accuracy": 94.09368635437882}}, "0.4": {"time": 8.422132968902588, "reduction": 39.75113122171946, "validation": {"accuracy": 94.02714932126696}, "test": {"accuracy": 94.09368635437882}}, "0.5": {"time": 8.403042078018188, "reduction": 39.75113122171946, "validation": {"accuracy": 94.02714932126696}, "test": {"accuracy": 94.09368635437882}}, "0.6": {"time": 8.042312145233154, "reduction": 39.75113122171946, "validation": {"accuracy": 94.02714932126696}, "test": {"accuracy": 94.09368635437882}}, "0.7": {"time": 8.405488967895508, "reduction": 39.75113122171946, "validation": {"accuracy": 94.02714932126696}, "test": {"accuracy": 94.09368635437882}}, "0.8": {"time": 8.323998928070068, "reduction": 39.75113122171946, "validation": {"accuracy": 94.02714932126696}, "test": {"accuracy": 94.09368635437882}}, "0.9": {"time": 8.345568180084229, "reduction": 39.75113122171946, "validation": {"accuracy": 94.02714932126696}, "test": {"accuracy": 94.09368635437882}}, "1.0": {"time": 6.921460866928101, "reduction": 99.98868778280543, "validation": {"accuracy": 94.02714932126696}, "test": {"accuracy": 94.09368635437882}}}, "7": {"0.0": {"time": 8.488119125366211, "reduction": 31.142533936651585, "validation": {"accuracy": 93.84615384615384}, "test": {"accuracy": 93.89002036659878}}, "0.1": {"time": 8.38985276222229, "reduction": 37.036199095022624, "validation": {"accuracy": 94.03846153846153}, "test": {"accuracy": 93.9918533604888}}, "0.2": {"time": 8.355436086654663, "reduction": 37.036199095022624, "validation": {"accuracy": 94.03846153846153}, "test": {"accuracy": 93.9918533604888}}, "0.3": {"time": 8.200382947921753, "reduction": 37.036199095022624, "validation": {"accuracy": 94.03846153846153}, "test": {"accuracy": 93.9918533604888}}, "0.4": {"time": 8.359791040420532, "reduction": 37.036199095022624, "validation": {"accuracy": 94.03846153846153}, "test": {"accuracy": 93.9918533604888}}, "0.5": {"time": 7.885040044784546, "reduction": 37.036199095022624, "validation": {"accuracy": 94.03846153846153}, "test": {"accuracy": 93.9918533604888}}, "0.6": {"time": 8.367156982421875, "reduction": 37.036199095022624, "validation": {"accuracy": 94.03846153846153}, "test": {"accuracy": 93.9918533604888}},