{"3": {"0.0": {"time": 0.000982046127319336, "reduction": 8.333333333333337, "validation": {"accuracy": 35.41666666666667}, "test": {"accuracy": 31.25}}, "0.1": {"time": 0.0008671283721923828, "reduction": 9.722222222222221, "validation": {"accuracy": 34.72222222222222}, "test": {"accuracy": 31.25}}, "0.2": {"time": 0.0005459785461425781, "reduction": 20.833333333333336, "validation": {"accuracy": 33.33333333333333}, "test": {"accuracy": 43.75}}, "0.3": {"time": 0.0005691051483154297, "reduction": 26.388888888888886, "validation": {"accuracy": 43.05555555555556}, "test": {"accuracy": 37.5}}, "0.4": {"time": 0.0005140304565429688, "reduction": 26.388888888888886, "validation": {"accuracy": 43.05555555555556}, "test": {"accuracy": 37.5}}, "0.5": {"time": 0.0005140304565429688, "reduction": 26.388888888888886, "validation": {"accuracy": 43.05555555555556}, "test": {"accuracy": 37.5}}, "0.6": {"time": 0.0006000995635986328, "reduction": 26.388888888888886, "validation": {"accuracy": 43.05555555555556}, "test": {"accuracy": 37.5}}, "0.7": {"time": 0.0006570816040039062, "reduction": 26.388888888888886, "validation": {"accuracy": 43.05555555555556}, "test": {"accuracy": 37.5}}, "0.8": {"time": 0.0005328655242919922, "reduction": 27.083333333333336, "validation": {"accuracy": 43.05555555555556}, "test": {"accuracy": 37.5}}, "0.9": {"time": 0.0006520748138427734, "reduction": 75.69444444444444, "validation": {"accuracy": 44.44444444444444}, "test": {"accuracy": 31.25}}, "1.0": {"time": 0.00046706199645996094, "reduction": 90.27777777777779, "validation": {"accuracy": 40.27777777777778}, "test": {"accuracy": 43.75}}}, "4": {"0.0": {"time": 0.0005419254302978516, "reduction": 3.472222222222221, "validation": {"accuracy": 36.11111111111111}, "test": {"accuracy": 50.0}}, "0.1": {"time": 0.0008211135864257812, "reduction": 17.361111111111114, "validation": {"accuracy": 39.58333333333333}, "test": {"accuracy": 43.75}}, "0.2": {"time": 0.0009000301361083984, "reduction": 21.52777777777778, "validation": {"accuracy": 41.66666666666667}, "test": {"accuracy": 43.75}}, "0.3": {"time": 0.0009338855743408203, "reduction": 21.52777777777778, "validation": {"accuracy": 41.66666666666667}, "test": {"accuracy": 43.75}}, "0.4": {"time": 0.0009238719940185547, "reduction": 21.52777777777778, "validation": {"accuracy": 41.66666666666667}, "test": {"accuracy": 43.75}}, "0.5": {"time": 0.0005681514739990234, "reduction": 21.52777777777778, "validation": {"accuracy": 41.66666666666667}, "test": {"accuracy": 43.75}}, "0.6": {"time": 0.0005259513854980469, "reduction": 21.52777777777778, "validation": {"accuracy": 41.66666666666667}, "test": {"accuracy": 43.75}}, "0.7": {"time": 0.0005660057067871094, "reduction": 21.52777777777778, "validation": {"accuracy": 41.66666666666667}, "test": {"accuracy": 43.75}}, "0.8": {"time": 0.0005366802215576172, "reduction": 21.52777777777778, "validation": {"accuracy": 41.66666666666667}, "test": {"accuracy": 43.75}}, "0.9": {"time": 0.0005769729614257812, "reduction": 56.25, "validation": {"accuracy": 43.05555555555556}, "test": {"accuracy": 56.25}}, "1.0": {"time": 0.00047469139099121094, "reduction": 90.27777777777779, "validation": {"accuracy": 40.27777777777778}, "test": {"accuracy": 43.75}}}, "5": {"0.0": {"time": 0.0008561611175537109, "reduction": 9.722222222222221, "validation": {"accuracy": 25.0}, "test": {"accuracy": 37.5}}, "0.1": {"time": 0.0007228851318359375, "reduction": 18.75, "validation": {"accuracy": 29.86111111111111}, "test": {"accuracy": 37.5}}, "0.2": {"time": 0.0005230903625488281, "reduction": 29.166666666666664, "validation": {"accuracy": 38.88888888888889}, "test": {"accuracy": 37.5}}, "0.3": {"time": 0.0005962848663330078, "reduction": 29.166666666666664, "validation": {"accuracy": 38.88888888888889}, "test": {"accuracy": 37.5}}, "0.4": {"time": 0.0005159378051757812, "reduction": 29.166666666666664, "validation": {"accuracy": 38.88888888888889}, "test": {"accuracy": 37.5}}, "0.5": {"time": 0.0007560253143310547, "reduction": 29.166666666666664, "validation": {"accuracy": 38.88888888888889}, "test": {"accuracy": 37.5}}, "0.6": {"time": 0.0005280971527099609, "reduction": 29.166666666666664, "validation": {"accuracy": 38.88888888888889}, "test": {"accuracy": 37.5}}, "0.7": {"time": 0.0005371570587158203, "reduction": 29.861111111111114, "validation": {"accuracy": 38.88888888888889}, "test": {"accuracy": 37.5}}, "0.8": {"time": 0.0004928112030029297, "reduction": 61.111111111111114, "validation": {"accuracy": 38.19444444444444}, "test": {"accuracy": 25.0}}, "0.9": {"time": 0.0004591941833496094, "reduction": 98.61111111111111, "validation": {"accuracy": 40.97222222222222}, "test": {"accuracy": 43.75}}, "1.0": {"time": 0.0004527568817138672, "reduction": 99.30555555555556, "validation": {"accuracy": 40.27777777777778}, "test": {"accuracy": 43.75}}}, "6": {"0.0": {"time": 0.000782012939453125, "reduction": 4.861111111111116, "validation": {"accuracy": 30.555555555555557}, "test": {"accuracy": 31.25}}, "0.1": {"time": 0.0008068084716796875, "reduction": 19.444444444444443, "validation": {"accuracy": 36.80555555555556}, "test": {"accuracy": 31.25}}, "0.2": {"time": 0.0007691383361816406, "reduction": 22.916666666666664, "validation": {"accuracy": 38.88888888888889}, "test": {"accuracy": 31.25}}, "0.3": {"time": 0.0005590915679931641, "reduction": 22.916666666666664, "validation": {"accuracy": 38.88888888888889}, "test": {"accuracy": 31.25}}, "0.4": {"time": 0.0008690357208251953, "reduction": 22.916666666666664, "validation": {"accuracy": 38.88888888888889}, "test": {"accuracy": 31.25}}, "0.5": {"time": 0.0008189678192138672, "reduction": 22.916666666666664, "validation": {"accuracy": 38.88888888888889}, "test": {"accuracy": 31.25}}, "0.6": {"time": 0.0005648136138916016, "reduction": 22.916666666666664, "validation": {"accuracy": 38.88888888888889}, "test": {"accuracy": 31.25}}, "0.7": {"time": 0.0005199909210205078, "reduction": 22.916666666666664, "validation": {"accuracy": 38.88888888888889}, "test": {"accuracy": 31.25}}, "0.8": {"time": 0.0006151199340820312, "reduction": 29.861111111111114, "validation": {"accuracy": 39.58333333333333}, "test": {"accuracy": 25.0}}, "0.9": {"time": 0.000492095947265625, "reduction": 72.22222222222221, "validation": {"accuracy": 39.58333333333333}, "test": {"accuracy": 31.25}}, "1.0": {"time": 0.0005366802215576172, "reduction": 90.97222222222221, "validation": {"accuracy": 40.97222222222222}, "test": {"accuracy": 37.5}}}, "7": {"0.0": {"time": 0.0005431175231933594, "reduction": 2.777777777777779, "validation": {"accuracy": 34.72222222222222}, "test": {"accuracy": 31.25}}, "0.1": {"time": 0.0005369186401367188, "reduction": 3.472222222222221, "validation": {"accuracy": 34.72222222222222}, "test": {"accuracy": 31.25}}, "0.2": {"time": 0.0005171298980712891, "reduction": 21.52777777777778, "validation": {"accuracy": 40.97222222222222}, "test": {"accuracy": 37.5}}, "0.3": {"time": 0.0005190372467041016, "reduction": 21.52777777777778, "validation": {"accuracy": 40.97222222222222}, "test": {"accuracy": 37.5}}, "0.4": {"time": 0.0006470680236816406, "reduction": 21.52777777777778, "validation": {"accuracy": 40.97222222222222}, "test": {"accuracy": 37.5}}, "0.5": {"time": 0.0005471706390380859, "reduction": 21.52777777777778, "validation": {"accuracy": 40.97222222222222}, "test": {"accuracy": 37.5}}, "0.6": {"time": 0.0005512237548828125, "reduction": 21.52777777777778, "validation": {"accuracy": 40.97222222222222}, "test": {"accuracy": 37.5}}, "0.7": {"time": 0.0006279945373535156, "reduction": 21.52777777777778, "validation": {"accuracy": 40.97222222222222}, "test": {"accuracy": 37.5}}, "0.8": {"time": 0.0005080699920654297, "reduction": 33.333333333333336, "validation": {"accuracy": 40.27777777777778}, "test": {"accuracy": 50.0}}, "0.9": {"time": 0.00046181678771972656, "reduction": 84.72222222222221, "validation": {"accuracy": 40.97222222222222}, "test": {"accuracy": 37.5}},