{"3": {"0.0": {"time": 0.0011830329895019531, "reduction": 3.472222222222221, "validation": {"accuracy": 28.47222222222222}, "test": {"accuracy": 18.75}}, "0.1": {"time": 0.0007102489471435547, "reduction": 6.944444444444442, "validation": {"accuracy": 27.77777777777778}, "test": {"accuracy": 18.75}}, "0.2": {"time": 0.0006682872772216797, "reduction": 22.22222222222222, "validation": {"accuracy": 41.66666666666667}, "test": {"accuracy": 37.5}}, "0.3": {"time": 0.0007669925689697266, "reduction": 22.22222222222222, "validation": {"accuracy": 41.66666666666667}, "test": {"accuracy": 37.5}}, "0.4": {"time": 0.0008759498596191406, "reduction": 22.22222222222222, "validation": {"accuracy": 41.66666666666667}, "test": {"accuracy": 37.5}}, "0.5": {"time": 0.0005280971527099609, "reduction": 22.22222222222222, "validation": {"accuracy": 41.66666666666667}, "test": {"accuracy": 37.5}}, "0.6": {"time": 0.0008566379547119141, "reduction": 22.22222222222222, "validation": {"accuracy": 41.66666666666667}, "test": {"accuracy": 37.5}}, "0.7": {"time": 0.0005280971527099609, "reduction": 22.22222222222222, "validation": {"accuracy": 41.66666666666667}, "test": {"accuracy": 37.5}}, "0.8": {"time": 0.0007948875427246094, "reduction": 22.22222222222222, "validation": {"accuracy": 41.66666666666667}, "test": {"accuracy": 37.5}}, "0.9": {"time": 0.0008101463317871094, "reduction": 34.02777777777778, "validation": {"accuracy": 40.97222222222222}, "test": {"accuracy": 37.5}}, "1.0": {"time": 0.0006809234619140625, "reduction": 98.61111111111111, "validation": {"accuracy": 40.27777777777778}, "test": {"accuracy": 43.75}}}, "4": {"0.0": {"time": 0.0005400180816650391, "reduction": 4.1666666666666625, "validation": {"accuracy": 39.58333333333333}, "test": {"accuracy": 31.25}}, "0.1": {"time": 0.0005247592926025391, "reduction": 15.277777777777779, "validation": {"accuracy": 41.66666666666667}, "test": {"accuracy": 25.0}}, "0.2": {"time": 0.0007541179656982422, "reduction": 22.22222222222222, "validation": {"accuracy": 43.05555555555556}, "test": {"accuracy": 25.0}}, "0.3": {"time": 0.0009639263153076172, "reduction": 22.22222222222222, "validation": {"accuracy": 43.05555555555556}, "test": {"accuracy": 25.0}}, "0.4": {"time": 0.0014011859893798828, "reduction": 22.22222222222222, "validation": {"accuracy": 43.05555555555556}, "test": {"accuracy": 25.0}}, "0.5": {"time": 0.0006430149078369141, "reduction": 22.22222222222222, "validation": {"accuracy": 43.05555555555556}, "test": {"accuracy": 25.0}}, "0.6": {"time": 0.0005888938903808594, "reduction": 22.22222222222222, "validation": {"accuracy": 43.05555555555556}, "test": {"accuracy": 25.0}}, "0.7": {"time": 0.000637054443359375, "reduction": 22.22222222222222, "validation": {"accuracy": 43.05555555555556}, "test": {"accuracy": 25.0}}, "0.8": {"time": 0.0005609989166259766, "reduction": 27.77777777777778, "validation": {"accuracy": 43.05555555555556}, "test": {"accuracy": 25.0}}, "0.9": {"time": 0.0006878376007080078, "reduction": 86.11111111111111, "validation": {"accuracy": 38.88888888888889}, "test": {"accuracy": 37.5}}, "1.0": {"time": 0.000530242919921875, "reduction": 89.58333333333334, "validation": {"accuracy": 40.27777777777778}, "test": {"accuracy": 43.75}}}, "5": {"0.0": {"time": 0.000640869140625, "reduction": 2.777777777777779, "validation": {"accuracy": 30.555555555555557}, "test": {"accuracy": 31.25}}, "0.1": {"time": 0.0005838871002197266, "reduction": 4.861111111111116, "validation": {"accuracy": 31.944444444444443}, "test": {"accuracy": 31.25}}, "0.2": {"time": 0.0008149147033691406, "reduction": 22.22222222222222, "validation": {"accuracy": 36.80555555555556}, "test": {"accuracy": 50.0}}, "0.3": {"time": 0.0005309581756591797, "reduction": 22.22222222222222, "validation": {"accuracy": 36.80555555555556}, "test": {"accuracy": 50.0}}, "0.4": {"time": 0.0005381107330322266, "reduction": 22.22222222222222, "validation": {"accuracy": 36.80555555555556}, "test": {"accuracy": 50.0}}, "0.5": {"time": 0.0005879402160644531, "reduction": 22.22222222222222, "validation": {"accuracy": 36.80555555555556}, "test": {"accuracy": 50.0}}, "0.6": {"time": 0.0005488395690917969, "reduction": 22.22222222222222, "validation": {"accuracy": 36.80555555555556}, "test": {"accuracy": 50.0}}, "0.7": {"time": 0.0007710456848144531, "reduction": 22.22222222222222, "validation": {"accuracy": 36.80555555555556}, "test": {"accuracy": 50.0}}, "0.8": {"time": 0.0007250308990478516, "reduction": 26.388888888888886, "validation": {"accuracy": 36.80555555555556}, "test": {"accuracy": 50.0}}, "0.9": {"time": 0.0006687641143798828, "reduction": 43.05555555555556, "validation": {"accuracy": 35.41666666666667}, "test": {"accuracy": 50.0}}, "1.0": {"time": 0.0007259845733642578, "reduction": 99.30555555555556, "validation": {"accuracy": 40.27777777777778}, "test": {"accuracy": 43.75}}}, "6": {"0.0": {"time": 0.0011200904846191406, "reduction": 6.25, "validation": {"accuracy": 34.72222222222222}, "test": {"accuracy": 37.5}}, "0.1": {"time": 0.001100778579711914, "reduction": 7.638888888888884, "validation": {"accuracy": 34.72222222222222}, "test": {"accuracy": 37.5}}, "0.2": {"time": 0.0006489753723144531, "reduction": 24.305555555555557, "validation": {"accuracy": 41.66666666666667}, "test": {"accuracy": 37.5}}, "0.3": {"time": 0.0005238056182861328, "reduction": 24.305555555555557, "validation": {"accuracy": 41.66666666666667}, "test": {"accuracy": 37.5}}, "0.4": {"time": 0.0006639957427978516, "reduction": 24.305555555555557, "validation": {"accuracy": 41.66666666666667}, "test": {"accuracy": 37.5}}, "0.5": {"time": 0.0005180835723876953, "reduction": 24.305555555555557, "validation": {"accuracy": 41.66666666666667}, "test": {"accuracy": 37.5}}, "0.6": {"time": 0.0008599758148193359, "reduction": 24.305555555555557, "validation": {"accuracy": 41.66666666666667}, "test": {"accuracy": 37.5}}, "0.7": {"time": 0.0007879734039306641, "reduction": 24.305555555555557, "validation": {"accuracy": 41.66666666666667}, "test": {"accuracy": 37.5}}, "0.8": {"time": 0.0005528926849365234, "reduction": 44.44444444444444, "validation": {"accuracy": 41.66666666666667}, "test": {"accuracy": 37.5}}, "0.9": {"time": 0.0004601478576660156, "reduction": 86.11111111111111, "validation": {"accuracy": 40.97222222222222}, "test": {"accuracy": 37.5}}, "1.0": {"time": 0.0004971027374267578, "reduction": 90.27777777777779, "validation": {"accuracy": 40.97222222222222}, "test": {"accuracy": 37.5}}}, "7": {"0.0": {"time": 0.0005309581756591797, "reduction": 5.555555555555558, "validation": {"accuracy": 38.88888888888889}, "test": {"accuracy": 31.25}}, "0.1": {"time": 0.000881195068359375, "reduction": 8.333333333333337, "validation": {"accuracy": 38.88888888888889}, "test": {"accuracy": 25.0}}, "0.2": {"time": 0.0007719993591308594, "reduction": 25.0, "validation": {"accuracy": 42.36111111111111}, "test": {"accuracy": 25.0}}, "0.3": {"time": 0.0007798671722412109, "reduction": 25.0, "validation": {"accuracy": 42.36111111111111}, "test": {"accuracy": 25.0}}, "0.4": {"time": 0.0006220340728759766, "reduction": 25.0, "validation": {"accuracy": 42.36111111111111}, "test": {"accuracy": 25.0}}, "0.5": {"time": 0.0005340576171875, "reduction": 25.0, "validation": {"accuracy": 42.36111111111111}, "test": {"accuracy": 25.0}}, "0.6": {"time": 0.0005698204040527344, "reduction": 25.0, "validation": {"accuracy": 42.36111111111111}, "test": {"accuracy": 25.0}}, "0.7": {"time": 0.0008690357208251953, "reduction": 25.0, "validation": {"accuracy": 42.36111111111111}, "test": {"accuracy": 25.0}}, "0.8": {"time": 0.0010061264038085938, "reduction": 25.694444444444443, "validation": {"accuracy": 42.36111111111111}, "test": {"accuracy": 25.0}}, "0.9": {"time": 0.0007491111755371094, "reduction": 50.69444444444444, "validation": {"accuracy": 39.58333333333333}, "test": {"accuracy": 25.0}}, "1.0": {"time": 0.0006451606750488281, "reduction": 90.27777777777779,