{"3": {"0.0": {"time": 36.52611780166626, "reduction": 46.943488943488944, "validation": {"accuracy": 73.65601965601965}, "test": {"accuracy": 73.9938080495356}}, "0.1": {"time": 33.462059020996094, "reduction": 67.35626535626535, "validation": {"accuracy": 75.21375921375922}, "test": {"accuracy": 75.23219814241486}}, "0.2": {"time": 33.33484601974487, "reduction": 67.35626535626535, "validation": {"accuracy": 75.21375921375922}, "test": {"accuracy": 75.23219814241486}}, "0.3": {"time": 34.038514852523804, "reduction": 67.35626535626535, "validation": {"accuracy": 75.21375921375922}, "test": {"accuracy": 75.23219814241486}}, "0.4": {"time": 33.403239727020264, "reduction": 67.35626535626535, "validation": {"accuracy": 75.21375921375922}, "test": {"accuracy": 75.23219814241486}}, "0.5": {"time": 33.49488019943237, "reduction": 67.35626535626535, "validation": {"accuracy": 75.21375921375922}, "test": {"accuracy": 75.23219814241486}}, "0.6": {"time": 33.55913972854614, "reduction": 67.35626535626535, "validation": {"accuracy": 75.21375921375922}, "test": {"accuracy": 75.23219814241486}}, "0.7": {"time": 33.98695230484009, "reduction": 67.35626535626535, "validation": {"accuracy": 75.21375921375922}, "test": {"accuracy": 75.23219814241486}}, "0.8": {"time": 33.125394105911255, "reduction": 67.35626535626535, "validation": {"accuracy": 75.21375921375922}, "test": {"accuracy": 75.23219814241486}}, "0.9": {"time": 33.14354205131531, "reduction": 67.35626535626535, "validation": {"accuracy": 75.21375921375922}, "test": {"accuracy": 75.23219814241486}}, "1.0": {"time": 30.159088134765625, "reduction": 99.997542997543, "validation": {"accuracy": 75.21375921375922}, "test": {"accuracy": 75.23219814241486}}}, "4": {"0.0": {"time": 34.52288198471069, "reduction": 47.420147420147416, "validation": {"accuracy": 74.47665847665847}, "test": {"accuracy": 74.39186200796108}}, "0.1": {"time": 33.06790089607239, "reduction": 67.57248157248156, "validation": {"accuracy": 75.21375921375922}, "test": {"accuracy": 75.23219814241486}}, "0.2": {"time": 32.30442023277283, "reduction": 67.57248157248156, "validation": {"accuracy": 75.21375921375922}, "test": {"accuracy": 75.23219814241486}}, "0.3": {"time": 32.1987988948822, "reduction": 67.57248157248156, "validation": {"accuracy": 75.21375921375922}, "test": {"accuracy": 75.23219814241486}}, "0.4": {"time": 32.228119134902954, "reduction": 67.57248157248156, "validation": {"accuracy": 75.21375921375922}, "test": {"accuracy": 75.23219814241486}}, "0.5": {"time": 32.26052403450012, "reduction": 67.57248157248156, "validation": {"accuracy": 75.21375921375922}, "test": {"accuracy": 75.23219814241486}}, "0.6": {"time": 32.38335680961609, "reduction": 67.57248157248156, "validation": {"accuracy": 75.21375921375922}, "test": {"accuracy": 75.23219814241486}}, "0.7": {"time": 32.54157304763794, "reduction": 67.57248157248156, "validation": {"accuracy": 75.21375921375922}, "test": {"accuracy": 75.23219814241486}}, "0.8": {"time": 32.58654999732971, "reduction": 67.57248157248156, "validation": {"accuracy": 75.21375921375922}, "test": {"accuracy": 75.23219814241486}}, "0.9": {"time": 32.32166314125061, "reduction": 67.57248157248156, "validation": {"accuracy": 75.21375921375922}, "test": {"accuracy": 75.23219814241486}}, "1.0": {"time": 30.504539012908936, "reduction": 99.997542997543, "validation": {"accuracy": 75.21375921375922}, "test": {"accuracy": 75.23219814241486}}}, "5": {"0.0": {"time": 33.53192210197449, "reduction": 47.1941031941032, "validation": {"accuracy": 74.74692874692875}, "test": {"accuracy": 74.81203007518798}}, "0.1": {"time": 32.772820234298706, "reduction": 67.51105651105651, "validation": {"accuracy": 75.21621621621621}, "test": {"accuracy": 75.21008403361344}}, "0.2": {"time": 33.14224100112915, "reduction": 67.51105651105651, "validation": {"accuracy": 75.21621621621621}, "test": {"accuracy": 75.21008403361344}}, "0.3": {"time": 32.84683394432068, "reduction": 67.51105651105651, "validation": {"accuracy": 75.21621621621621}, "test": {"accuracy": 75.21008403361344}}, "0.4": {"time": 32.79309272766113, "reduction": 67.51105651105651, "validation": {"accuracy": 75.21621621621621}, "test": {"accuracy": 75.21008403361344}}, "0.5": {"time": 32.7027792930603, "reduction": 67.51105651105651, "validation": {"accuracy": 75.21621621621621}, "test": {"accuracy": 75.21008403361344}}, "0.6": {"time": 32.81539988517761, "reduction": 67.51105651105651, "validation": {"accuracy": 75.21621621621621}, "test": {"accuracy": 75.21008403361344}}, "0.7": {"time": 32.42170715332031, "reduction": 67.51105651105651, "validation": {"accuracy": 75.21621621621621}, "test": {"accuracy": 75.21008403361344}}, "0.8": {"time": 32.17690396308899, "reduction": 67.51105651105651, "validation": {"accuracy": 75.21621621621621}, "test": {"accuracy": 75.21008403361344}}, "0.9": {"time": 32.426307916641235, "reduction": 67.51105651105651, "validation": {"accuracy": 75.21621621621621}, "test": {"accuracy": 75.21008403361344}}, "1.0": {"time": 29.771090030670166, "reduction": 99.997542997543, "validation": {"accuracy": 75.21621621621621}, "test": {"accuracy": 75.21008403361344}}}, "6": {"0.0": {"time": 33.928391218185425, "reduction": 47.3980343980344, "validation": {"accuracy": 75.1007371007371}, "test": {"accuracy": 75.16585581601062}}, "0.1": {"time": 32.3862988948822, "reduction": 67.6928746928747, "validation": {"accuracy": 75.21621621621621}, "test": {"accuracy": 75.21008403361344}}, "0.2": {"time": 32.51245975494385, "reduction": 67.6928746928747, "validation": {"accuracy": 75.21621621621621}, "test": {"accuracy": 75.21008403361344}}, "0.3": {"time": 32.39724278450012, "reduction": 67.6928746928747, "validation": {"accuracy": 75.21621621621621}, "test": {"accuracy": 75.21008403361344}}, "0.4": {"time": 32.25271701812744, "reduction": 67.6928746928747, "validation": {"accuracy": 75.21621621621621}, "test": {"accuracy": 75.21008403361344}}, "0.5": {"time": 32.33679795265198, "reduction": 67.6928746928747, "validation": {"accuracy": 75.21621621621621}, "test": {"accuracy": 75.21008403361344}}, "0.6": {"time": 32.85789895057678, "reduction": 67.6928746928747, "validation": {"accuracy": 75.21621621621621}, "test": {"accuracy": 75.21008403361344}}, "0.7": {"time": 32.934783935546875, "reduction": 67.6928746928747, "validation": {"accuracy": 75.21621621621621}, "test": {"accuracy": 75.21008403361344}}, "0.8": {"time": 32.21379899978638, "reduction": 67.6928746928747, "validation": {"accuracy": 75.21621621621621}, "test": {"accuracy": 75.21008403361344}}, "0.9": {"time": 32.4756019115448, "reduction": 67.6928746928747, "validation": {"accuracy": 75.21621621621621}, "test": {"accuracy": 75.21008403361344}}, "1.0": {"time": 29.789438009262085, "reduction": 99.997542997543, "validation": {"accuracy": 75.21621621621621}, "test": {"accuracy": 75.21008403361344}}}, "7": {"0.0": {"time": 33.66297793388367, "reduction": 47.4004914004914, "validation": {"accuracy": 75.17936117936118}, "test": {"accuracy": 75.18796992481202}}, "0.1": {"time": 32.22489905357361, "reduction": 67.70761670761671, "validation": {"accuracy": 75.21621621621621}, "test": {"accuracy": 75.21008403361344}}, "0.2": {"time": 32.17929124832153, "reduction": 67.70761670761671, "validation": {"accuracy": 75.21621621621621}, "test": {"accuracy": 75.21008403361344}}, "0.3": {"time": 32.30875587463379, "reduction": 67.70761670761671, "validation": {"accuracy": 75.21621621621621}, "test": {"accuracy": 75.21008403361344}}, "0.4": {"time": 32.364251136779785, "reduction": 67.70761670761671, "validation": {"accuracy": 75.21621621621621}, "test": {"accuracy": 75.21008403361344}}, "0.5": {"time": 32.320817708969116, "reduction": 67.70761670761671, "validation": {"accuracy": 75.21621621621621}, "test": {"accuracy": 75.21008403361344}}, "0.6": {"time": 32.39184927940369, "reduction": 67.70761670761671, "validation": {"accuracy": 75.21621621621621}, "test": {"accuracy": 75.21008403361344}},