{"3": {"0.0": {"time": 0.1277310848236084, "reduction": 7.8884078884078885, "validation": {"accuracy": 16.402116402116402}, "test": {"accuracy": 16.017316017316016}}, "0.1": {"time": 0.1221919059753418, "reduction": 8.12890812890813, "validation": {"accuracy": 16.450216450216452}, "test": {"accuracy": 16.017316017316016}}, "0.2": {"time": 0.14946293830871582, "reduction": 9.620009620009618, "validation": {"accuracy": 16.546416546416545}, "test": {"accuracy": 16.017316017316016}}, "0.3": {"time": 0.12328815460205078, "reduction": 14.526214526214531, "validation": {"accuracy": 16.546416546416545}, "test": {"accuracy": 16.017316017316016}}, "0.4": {"time": 0.12144899368286133, "reduction": 25.012025012025006, "validation": {"accuracy": 16.402116402116402}, "test": {"accuracy": 16.017316017316016}}, "0.5": {"time": 0.12655091285705566, "reduction": 47.81144781144781, "validation": {"accuracy": 17.94131794131794}, "test": {"accuracy": 17.316017316017316}}, "0.6": {"time": 0.11950397491455078, "reduction": 70.89947089947091, "validation": {"accuracy": 18.56661856661857}, "test": {"accuracy": 16.883116883116884}}, "0.7": {"time": 0.118988037109375, "reduction": 86.67628667628668, "validation": {"accuracy": 19.384319384319383}, "test": {"accuracy": 16.450216450216452}}, "0.8": {"time": 0.11442995071411133, "reduction": 95.62289562289563, "validation": {"accuracy": 17.17171717171717}, "test": {"accuracy": 15.151515151515152}}, "0.9": {"time": 0.11220312118530273, "reduction": 99.32659932659934, "validation": {"accuracy": 15.343915343915343}, "test": {"accuracy": 18.614718614718615}}, "1.0": {"time": 0.11014604568481445, "reduction": 99.95189995189995, "validation": {"accuracy": 14.285714285714285}, "test": {"accuracy": 14.285714285714285}}}, "4": {"0.0": {"time": 0.12103414535522461, "reduction": 9.187109187109188, "validation": {"accuracy": 16.546416546416545}, "test": {"accuracy": 14.71861471861472}}, "0.1": {"time": 0.12941598892211914, "reduction": 9.523809523809524, "validation": {"accuracy": 16.546416546416545}, "test": {"accuracy": 14.71861471861472}}, "0.2": {"time": 0.12221002578735352, "reduction": 11.64021164021164, "validation": {"accuracy": 16.4983164983165}, "test": {"accuracy": 14.71861471861472}}, "0.3": {"time": 0.1240541934967041, "reduction": 17.460317460317466, "validation": {"accuracy": 16.594516594516595}, "test": {"accuracy": 13.852813852813853}}, "0.4": {"time": 0.11454200744628906, "reduction": 32.41943241943241, "validation": {"accuracy": 16.786916786916787}, "test": {"accuracy": 13.852813852813853}}, "0.5": {"time": 0.10763406753540039, "reduction": 57.57575757575757, "validation": {"accuracy": 16.738816738816737}, "test": {"accuracy": 13.41991341991342}}, "0.6": {"time": 0.10422301292419434, "reduction": 77.48917748917748, "validation": {"accuracy": 16.97931697931698}, "test": {"accuracy": 16.883116883116884}}, "0.7": {"time": 0.10997605323791504, "reduction": 89.46608946608947, "validation": {"accuracy": 16.97931697931698}, "test": {"accuracy": 17.74891774891775}}, "0.8": {"time": 0.11339521408081055, "reduction": 96.58489658489658, "validation": {"accuracy": 15.103415103415102}, "test": {"accuracy": 14.285714285714285}}, "0.9": {"time": 0.11154890060424805, "reduction": 99.47089947089947, "validation": {"accuracy": 13.949013949013949}, "test": {"accuracy": 13.852813852813853}}, "1.0": {"time": 0.10840988159179688, "reduction": 99.95189995189995, "validation": {"accuracy": 14.285714285714285}, "test": {"accuracy": 14.285714285714285}}}, "5": {"0.0": {"time": 0.11974978446960449, "reduction": 8.080808080808078, "validation": {"accuracy": 14.381914381914381}, "test": {"accuracy": 11.688311688311687}}, "0.1": {"time": 0.11988401412963867, "reduction": 8.994708994709, "validation": {"accuracy": 14.381914381914381}, "test": {"accuracy": 12.554112554112553}}, "0.2": {"time": 0.11852812767028809, "reduction": 11.592111592111587, "validation": {"accuracy": 14.526214526214526}, "test": {"accuracy": 12.121212121212121}}, "0.3": {"time": 0.12148785591125488, "reduction": 17.267917267917266, "validation": {"accuracy": 14.622414622414622}, "test": {"accuracy": 12.121212121212121}}, "0.4": {"time": 0.11641383171081543, "reduction": 32.27513227513228, "validation": {"accuracy": 14.766714766714767}, "test": {"accuracy": 12.987012987012985}}, "0.5": {"time": 0.1109919548034668, "reduction": 54.06445406445406, "validation": {"accuracy": 15.728715728715729}, "test": {"accuracy": 18.614718614718615}}, "0.6": {"time": 0.10480785369873047, "reduction": 75.8056758056758, "validation": {"accuracy": 15.63251563251563}, "test": {"accuracy": 19.913419913419915}}, "0.7": {"time": 0.10751700401306152, "reduction": 88.88888888888889, "validation": {"accuracy": 16.883116883116884}, "test": {"accuracy": 18.181818181818183}}, "0.8": {"time": 0.10377883911132812, "reduction": 94.94949494949495, "validation": {"accuracy": 16.69071669071669}, "test": {"accuracy": 17.316017316017316}}, "0.9": {"time": 0.10194087028503418, "reduction": 98.36459836459836, "validation": {"accuracy": 14.766714766714767}, "test": {"accuracy": 14.285714285714285}}, "1.0": {"time": 0.10352611541748047, "reduction": 99.95189995189995, "validation": {"accuracy": 14.285714285714285}, "test": {"accuracy": 14.285714285714285}}}, "6": {"0.0": {"time": 0.12248611450195312, "reduction": 8.465608465608465, "validation": {"accuracy": 15.44011544011544}, "test": {"accuracy": 14.285714285714285}}, "0.1": {"time": 0.1201021671295166, "reduction": 8.898508898508894, "validation": {"accuracy": 15.44011544011544}, "test": {"accuracy": 14.285714285714285}}, "0.2": {"time": 0.12112069129943848, "reduction": 11.544011544011546, "validation": {"accuracy": 15.295815295815295}, "test": {"accuracy": 14.285714285714285}}, "0.3": {"time": 0.11476302146911621, "reduction": 20.779220779220775, "validation": {"accuracy": 15.295815295815295}, "test": {"accuracy": 14.285714285714285}}, "0.4": {"time": 0.11913704872131348, "reduction": 39.10533910533911, "validation": {"accuracy": 15.44011544011544}, "test": {"accuracy": 15.151515151515152}}, "0.5": {"time": 0.1236262321472168, "reduction": 63.97306397306397, "validation": {"accuracy": 16.20971620971621}, "test": {"accuracy": 12.987012987012985}}, "0.6": {"time": 0.11763596534729004, "reduction": 82.82828282828282, "validation": {"accuracy": 18.133718133718133}, "test": {"accuracy": 16.883116883116884}}, "0.7": {"time": 0.1200871467590332, "reduction": 92.68879268879269, "validation": {"accuracy": 16.594516594516595}, "test": {"accuracy": 18.614718614718615}}, "0.8": {"time": 0.11287593841552734, "reduction": 97.4987974987975, "validation": {"accuracy": 20.2020202020202}, "test": {"accuracy": 19.913419913419915}}, "0.9": {"time": 0.10895180702209473, "reduction": 99.23039923039923, "validation": {"accuracy": 14.43001443001443}, "test": {"accuracy": 14.285714285714285}}, "1.0": {"time": 0.1141519546508789, "reduction": 99.95189995189995, "validation": {"accuracy": 14.285714285714285}, "test": {"accuracy": 14.285714285714285}}}, "7": {"0.0": {"time": 0.12378406524658203, "reduction": 7.599807599807596, "validation": {"accuracy": 16.065416065416066}, "test": {"accuracy": 16.017316017316016}}, "0.1": {"time": 0.13435792922973633, "reduction": 8.273208273208276, "validation": {"accuracy": 16.065416065416066}, "test": {"accuracy": 16.017316017316016}}, "0.2": {"time": 0.13681888580322266, "reduction": 10.630110630110634, "validation": {"accuracy": 15.921115921115922}, "test": {"accuracy": 15.584415584415584}}, "0.3": {"time": 0.13202619552612305, "reduction": 16.835016835016837, "validation": {"accuracy": 16.017316017316016}, "test": {"accuracy": 15.584415584415584}}, "0.4": {"time": 0.12091207504272461, "reduction": 31.072631072631076, "validation": {"accuracy": 16.450216450216452}, "test": {"accuracy": 16.017316017316016}}, "0.5": {"time": 0.1163489818572998, "reduction": 53.775853775853776, "validation": {"accuracy": 16.93121693121693},