{"3": {"0.0": {"time": 0.05337190628051758, "reduction": 21.056289089645585, "validation": {"accuracy": 42.46004169562196}, "test": {"accuracy": 40.0}}, "0.1": {"time": 0.0432279109954834, "reduction": 26.059763724808892, "validation": {"accuracy": 42.599027102154274}, "test": {"accuracy": 40.625}}, "0.2": {"time": 0.04405570030212402, "reduction": 26.059763724808892, "validation": {"accuracy": 42.599027102154274}, "test": {"accuracy": 40.625}}, "0.3": {"time": 0.05292797088623047, "reduction": 37.595552466990966, "validation": {"accuracy": 42.52953439888812}, "test": {"accuracy": 41.25}}, "0.4": {"time": 0.043511152267456055, "reduction": 37.595552466990966, "validation": {"accuracy": 42.52953439888812}, "test": {"accuracy": 41.25}}, "0.5": {"time": 0.044438838958740234, "reduction": 37.595552466990966, "validation": {"accuracy": 42.52953439888812}, "test": {"accuracy": 41.25}}, "0.6": {"time": 0.04408597946166992, "reduction": 37.595552466990966, "validation": {"accuracy": 42.52953439888812}, "test": {"accuracy": 41.25}}, "0.7": {"time": 0.044156789779663086, "reduction": 37.595552466990966, "validation": {"accuracy": 42.52953439888812}, "test": {"accuracy": 41.25}}, "0.8": {"time": 0.04261612892150879, "reduction": 37.595552466990966, "validation": {"accuracy": 42.52953439888812}, "test": {"accuracy": 41.25}}, "0.9": {"time": 0.04151415824890137, "reduction": 64.62821403752605, "validation": {"accuracy": 42.73801250868659}, "test": {"accuracy": 40.625}}, "1.0": {"time": 0.03596019744873047, "reduction": 99.93050729673384, "validation": {"accuracy": 42.599027102154274}, "test": {"accuracy": 42.5}}}, "4": {"0.0": {"time": 0.04604601860046387, "reduction": 20.15288394718554, "validation": {"accuracy": 39.888811674774146}, "test": {"accuracy": 41.25}}, "0.1": {"time": 0.04687690734863281, "reduction": 25.156358582348858, "validation": {"accuracy": 39.888811674774146}, "test": {"accuracy": 41.25}}, "0.2": {"time": 0.04813098907470703, "reduction": 25.156358582348858, "validation": {"accuracy": 39.888811674774146}, "test": {"accuracy": 41.25}}, "0.3": {"time": 0.041371822357177734, "reduction": 36.27519110493398, "validation": {"accuracy": 39.888811674774146}, "test": {"accuracy": 41.25}}, "0.4": {"time": 0.04239797592163086, "reduction": 36.27519110493398, "validation": {"accuracy": 39.888811674774146}, "test": {"accuracy": 41.25}}, "0.5": {"time": 0.04049515724182129, "reduction": 36.27519110493398, "validation": {"accuracy": 39.888811674774146}, "test": {"accuracy": 41.25}}, "0.6": {"time": 0.04132390022277832, "reduction": 36.27519110493398, "validation": {"accuracy": 39.888811674774146}, "test": {"accuracy": 41.25}}, "0.7": {"time": 0.043511152267456055, "reduction": 36.27519110493398, "validation": {"accuracy": 39.888811674774146}, "test": {"accuracy": 41.25}}, "0.8": {"time": 0.04018998146057129, "reduction": 36.27519110493398, "validation": {"accuracy": 39.888811674774146}, "test": {"accuracy": 41.25}}, "0.9": {"time": 0.040982961654663086, "reduction": 64.48922863099375, "validation": {"accuracy": 39.9583043780403}, "test": {"accuracy": 39.375}}, "1.0": {"time": 0.03592395782470703, "reduction": 99.93050729673384, "validation": {"accuracy": 42.599027102154274}, "test": {"accuracy": 42.5}}}, "5": {"0.0": {"time": 0.04111313819885254, "reduction": 21.056289089645585, "validation": {"accuracy": 38.56845031271717}, "test": {"accuracy": 40.0}}, "0.1": {"time": 0.04302072525024414, "reduction": 26.129256428075053, "validation": {"accuracy": 38.56845031271717}, "test": {"accuracy": 40.0}}, "0.2": {"time": 0.04741501808166504, "reduction": 26.129256428075053, "validation": {"accuracy": 38.56845031271717}, "test": {"accuracy": 40.0}}, "0.3": {"time": 0.0399470329284668, "reduction": 37.387074357192496, "validation": {"accuracy": 38.56845031271717}, "test": {"accuracy": 40.0}}, "0.4": {"time": 0.04042863845825195, "reduction": 37.387074357192496, "validation": {"accuracy": 38.56845031271717}, "test": {"accuracy": 40.0}}, "0.5": {"time": 0.05196714401245117, "reduction": 37.387074357192496, "validation": {"accuracy": 38.56845031271717}, "test": {"accuracy": 40.0}}, "0.6": {"time": 0.04140806198120117, "reduction": 37.387074357192496, "validation": {"accuracy": 38.56845031271717}, "test": {"accuracy": 40.0}}, "0.7": {"time": 0.041403770446777344, "reduction": 37.387074357192496, "validation": {"accuracy": 38.56845031271717}, "test": {"accuracy": 40.0}}, "0.8": {"time": 0.04892587661743164, "reduction": 37.387074357192496, "validation": {"accuracy": 38.56845031271717}, "test": {"accuracy": 40.0}}, "0.9": {"time": 0.04040980339050293, "reduction": 65.46212647671994, "validation": {"accuracy": 38.707435719249474}, "test": {"accuracy": 41.25}}, "1.0": {"time": 0.03712201118469238, "reduction": 99.93050729673384, "validation": {"accuracy": 42.599027102154274}, "test": {"accuracy": 42.5}}}, "6": {"0.0": {"time": 0.04140591621398926, "reduction": 20.847810979847115, "validation": {"accuracy": 39.54134815844336}, "test": {"accuracy": 36.875}}, "0.1": {"time": 0.04142403602600098, "reduction": 25.920778318276582, "validation": {"accuracy": 39.54134815844336}, "test": {"accuracy": 36.875}}, "0.2": {"time": 0.04039788246154785, "reduction": 25.920778318276582, "validation": {"accuracy": 39.54134815844336}, "test": {"accuracy": 36.875}}, "0.3": {"time": 0.04322385787963867, "reduction": 36.970118137595556, "validation": {"accuracy": 39.54134815844336}, "test": {"accuracy": 36.875}}, "0.4": {"time": 0.04198193550109863, "reduction": 36.970118137595556, "validation": {"accuracy": 39.54134815844336}, "test": {"accuracy": 36.875}}, "0.5": {"time": 0.04099297523498535, "reduction": 36.970118137595556, "validation": {"accuracy": 39.54134815844336}, "test": {"accuracy": 36.875}}, "0.6": {"time": 0.0421602725982666, "reduction": 36.970118137595556, "validation": {"accuracy": 39.54134815844336}, "test": {"accuracy": 36.875}}, "0.7": {"time": 0.04508209228515625, "reduction": 36.970118137595556, "validation": {"accuracy": 39.54134815844336}, "test": {"accuracy": 36.875}}, "0.8": {"time": 0.04219698905944824, "reduction": 36.970118137595556, "validation": {"accuracy": 39.54134815844336}, "test": {"accuracy": 36.875}}, "0.9": {"time": 0.039868831634521484, "reduction": 65.11466296038915, "validation": {"accuracy": 39.819318971508}, "test": {"accuracy": 36.25}}, "1.0": {"time": 0.03817915916442871, "reduction": 99.93050729673384, "validation": {"accuracy": 42.599027102154274}, "test": {"accuracy": 42.5}}}, "7": {"0.0": {"time": 0.04228687286376953, "reduction": 20.29186935371786, "validation": {"accuracy": 38.56845031271717}, "test": {"accuracy": 37.5}}, "0.1": {"time": 0.04404902458190918, "reduction": 25.295343988881168, "validation": {"accuracy": 38.637943015983325}, "test": {"accuracy": 37.5}}, "0.2": {"time": 0.04522895812988281, "reduction": 25.295343988881168, "validation": {"accuracy": 38.637943015983325}, "test": {"accuracy": 37.5}}, "0.3": {"time": 0.04316210746765137, "reduction": 37.178596247394026, "validation": {"accuracy": 38.637943015983325}, "test": {"accuracy": 37.5}}, "0.4": {"time": 0.04241800308227539, "reduction": 37.178596247394026, "validation": {"accuracy": 38.637943015983325}, "test": {"accuracy": 37.5}}, "0.5": {"time": 0.0413670539855957, "reduction": 37.178596247394026, "validation": {"accuracy": 38.637943015983325}, "test": {"accuracy": 37.5}}, "0.6": {"time": 0.04079008102416992, "reduction": 37.178596247394026, "validation": {"accuracy": 38.637943015983325}, "test": {"accuracy": 37.5}}, "0.7": {"time": 0.04251289367675781, "reduction": 37.178596247394026, "validation": {"accuracy": 38.637943015983325}, "test": {"accuracy": 37.5}}, "0.8": {"time": 0.042267799377441406, "reduction": 37.178596247394026, "validation": {"accuracy": 38.637943015983325}, "test": {"accuracy": 37.5}}, "0.9": {"time": 0.037367820739746094, "reduction": 63.79430159833217, "validation": {"accuracy": 38.15149409312023}, "test": {"accuracy": 38.125}},