{"3": {"0.0": {"time": 0.1208350658416748, "reduction": 8.8023088023088, "validation": {"accuracy": 14.71861471861472}, "test": {"accuracy": 14.285714285714285}}, "0.1": {"time": 0.1206059455871582, "reduction": 9.427609427609429, "validation": {"accuracy": 14.71861471861472}, "test": {"accuracy": 14.285714285714285}}, "0.2": {"time": 0.11778688430786133, "reduction": 12.265512265512267, "validation": {"accuracy": 14.911014911014911}, "test": {"accuracy": 14.71861471861472}}, "0.3": {"time": 0.11262083053588867, "reduction": 21.30832130832131, "validation": {"accuracy": 15.103415103415102}, "test": {"accuracy": 15.151515151515152}}, "0.4": {"time": 0.1182868480682373, "reduction": 37.80663780663781, "validation": {"accuracy": 15.343915343915343}, "test": {"accuracy": 16.017316017316016}}, "0.5": {"time": 0.10556221008300781, "reduction": 59.644059644059645, "validation": {"accuracy": 15.63251563251563}, "test": {"accuracy": 15.151515151515152}}, "0.6": {"time": 0.10424184799194336, "reduction": 77.24867724867725, "validation": {"accuracy": 16.354016354016355}, "test": {"accuracy": 14.285714285714285}}, "0.7": {"time": 0.10597991943359375, "reduction": 89.12938912938912, "validation": {"accuracy": 18.085618085618087}, "test": {"accuracy": 19.913419913419915}}, "0.8": {"time": 0.10011696815490723, "reduction": 96.48869648869649, "validation": {"accuracy": 19.19191919191919}, "test": {"accuracy": 15.584415584415584}}, "0.9": {"time": 0.10365891456604004, "reduction": 99.08609908609908, "validation": {"accuracy": 15.055315055315056}, "test": {"accuracy": 13.852813852813853}}, "1.0": {"time": 0.1022031307220459, "reduction": 99.95189995189995, "validation": {"accuracy": 14.285714285714285}, "test": {"accuracy": 14.285714285714285}}}, "4": {"0.0": {"time": 0.11540889739990234, "reduction": 9.571909571909575, "validation": {"accuracy": 15.199615199615199}, "test": {"accuracy": 13.41991341991342}}, "0.1": {"time": 0.11928391456604004, "reduction": 10.004810004810006, "validation": {"accuracy": 15.055315055315056}, "test": {"accuracy": 13.852813852813853}}, "0.2": {"time": 0.11806392669677734, "reduction": 12.457912457912457, "validation": {"accuracy": 15.055315055315056}, "test": {"accuracy": 13.852813852813853}}, "0.3": {"time": 0.11120319366455078, "reduction": 19.672919672919676, "validation": {"accuracy": 15.247715247715249}, "test": {"accuracy": 13.852813852813853}}, "0.4": {"time": 0.11091184616088867, "reduction": 32.85233285233286, "validation": {"accuracy": 15.199615199615199}, "test": {"accuracy": 13.852813852813853}}, "0.5": {"time": 0.10409903526306152, "reduction": 57.720057720057724, "validation": {"accuracy": 15.536315536315538}, "test": {"accuracy": 14.285714285714285}}, "0.6": {"time": 0.10555434226989746, "reduction": 76.23857623857624, "validation": {"accuracy": 15.96921596921597}, "test": {"accuracy": 15.151515151515152}}, "0.7": {"time": 0.10213184356689453, "reduction": 88.16738816738817, "validation": {"accuracy": 16.93121693121693}, "test": {"accuracy": 16.450216450216452}}, "0.8": {"time": 0.10365676879882812, "reduction": 95.67099567099568, "validation": {"accuracy": 16.354016354016355}, "test": {"accuracy": 16.450216450216452}}, "0.9": {"time": 0.0999748706817627, "reduction": 98.7012987012987, "validation": {"accuracy": 18.422318422318423}, "test": {"accuracy": 19.047619047619047}}, "1.0": {"time": 0.10430002212524414, "reduction": 99.95189995189995, "validation": {"accuracy": 14.285714285714285}, "test": {"accuracy": 14.285714285714285}}}, "5": {"0.0": {"time": 0.11542582511901855, "reduction": 9.090909090909093, "validation": {"accuracy": 16.20971620971621}, "test": {"accuracy": 16.017316017316016}}, "0.1": {"time": 0.1145939826965332, "reduction": 9.23520923520924, "validation": {"accuracy": 16.20971620971621}, "test": {"accuracy": 16.017316017316016}}, "0.2": {"time": 0.11781191825866699, "reduction": 10.197210197210193, "validation": {"accuracy": 16.450216450216452}, "test": {"accuracy": 16.017316017316016}}, "0.3": {"time": 0.1189267635345459, "reduction": 14.574314574314574, "validation": {"accuracy": 16.4983164983165}, "test": {"accuracy": 16.017316017316016}}, "0.4": {"time": 0.11211180686950684, "reduction": 26.83982683982684, "validation": {"accuracy": 16.402116402116402}, "test": {"accuracy": 16.450216450216452}}, "0.5": {"time": 0.10799694061279297, "reduction": 50.93795093795094, "validation": {"accuracy": 16.64261664261664}, "test": {"accuracy": 17.316017316017316}}, "0.6": {"time": 0.10557913780212402, "reduction": 74.55507455507455, "validation": {"accuracy": 16.93121693121693}, "test": {"accuracy": 14.71861471861472}}, "0.7": {"time": 0.10150289535522461, "reduction": 88.93698893698894, "validation": {"accuracy": 16.69071669071669}, "test": {"accuracy": 15.151515151515152}}, "0.8": {"time": 0.09839105606079102, "reduction": 95.76719576719577, "validation": {"accuracy": 17.027417027417027}, "test": {"accuracy": 15.584415584415584}}, "0.9": {"time": 0.099517822265625, "reduction": 98.84559884559884, "validation": {"accuracy": 19.384319384319383}, "test": {"accuracy": 20.77922077922078}}, "1.0": {"time": 0.10362601280212402, "reduction": 99.95189995189995, "validation": {"accuracy": 14.285714285714285}, "test": {"accuracy": 14.285714285714285}}}, "6": {"0.0": {"time": 0.11422109603881836, "reduction": 9.042809042809042, "validation": {"accuracy": 15.055315055315056}, "test": {"accuracy": 17.316017316017316}}, "0.1": {"time": 0.11643505096435547, "reduction": 9.523809523809524, "validation": {"accuracy": 15.055315055315056}, "test": {"accuracy": 17.316017316017316}}, "0.2": {"time": 0.11517691612243652, "reduction": 11.688311688311693, "validation": {"accuracy": 15.151515151515152}, "test": {"accuracy": 17.74891774891775}}, "0.3": {"time": 0.11445116996765137, "reduction": 17.55651755651756, "validation": {"accuracy": 15.392015392015393}, "test": {"accuracy": 17.74891774891775}}, "0.4": {"time": 0.11649107933044434, "reduction": 34.19913419913419, "validation": {"accuracy": 16.113516113516113}, "test": {"accuracy": 17.316017316017316}}, "0.5": {"time": 0.1060037612915039, "reduction": 61.231361231361234, "validation": {"accuracy": 16.594516594516595}, "test": {"accuracy": 17.316017316017316}}, "0.6": {"time": 0.10437607765197754, "reduction": 82.73208273208273, "validation": {"accuracy": 15.199615199615199}, "test": {"accuracy": 16.017316017316016}}, "0.7": {"time": 0.1057436466217041, "reduction": 93.6988936988937, "validation": {"accuracy": 17.50841750841751}, "test": {"accuracy": 14.71861471861472}}, "0.8": {"time": 0.1014866828918457, "reduction": 98.02789802789803, "validation": {"accuracy": 15.199615199615199}, "test": {"accuracy": 13.852813852813853}}, "0.9": {"time": 0.10328197479248047, "reduction": 99.42279942279943, "validation": {"accuracy": 14.67051467051467}, "test": {"accuracy": 14.71861471861472}}, "1.0": {"time": 0.09930706024169922, "reduction": 99.95189995189995, "validation": {"accuracy": 14.285714285714285}, "test": {"accuracy": 14.285714285714285}}}, "7": {"0.0": {"time": 0.11634302139282227, "reduction": 9.764309764309765, "validation": {"accuracy": 15.584415584415584}, "test": {"accuracy": 12.554112554112553}}, "0.1": {"time": 0.1159670352935791, "reduction": 9.860509860509858, "validation": {"accuracy": 15.584415584415584}, "test": {"accuracy": 12.554112554112553}}, "0.2": {"time": 0.11362385749816895, "reduction": 10.96681096681097, "validation": {"accuracy": 15.584415584415584}, "test": {"accuracy": 13.41991341991342}}, "0.3": {"time": 0.11317110061645508, "reduction": 14.189514189514185, "validation": {"accuracy": 15.584415584415584}, "test": {"accuracy": 13.41991341991342}}, "0.4": {"time": 0.11351299285888672, "reduction": 25.06012506012506, "validation": {"accuracy": 15.68061568061568}, "test": {"accuracy": 12.987012987012985}}, "0.5": {"time": 0.10746908187866211, "reduction": 46.464646464646464, "validation": {"accuracy": 15.824915824915825},