{"3": {"0.0": {"time": 0.000885009765625, "reduction": 60.62499999999999, "validation": {"accuracy": 55.625}, "test": {"accuracy": 77.77777777777779}}, "0.1": {"time": 0.000820159912109375, "reduction": 61.25000000000001, "validation": {"accuracy": 55.625}, "test": {"accuracy": 77.77777777777779}}, "0.2": {"time": 0.0007967948913574219, "reduction": 61.25000000000001, "validation": {"accuracy": 55.625}, "test": {"accuracy": 77.77777777777779}}, "0.3": {"time": 0.0007982254028320312, "reduction": 80.0, "validation": {"accuracy": 66.875}, "test": {"accuracy": 66.66666666666666}}, "0.4": {"time": 0.0007989406585693359, "reduction": 83.75, "validation": {"accuracy": 68.75}, "test": {"accuracy": 61.111111111111114}}, "0.5": {"time": 0.0008168220520019531, "reduction": 85.625, "validation": {"accuracy": 68.75}, "test": {"accuracy": 61.111111111111114}}, "0.6": {"time": 0.0008339881896972656, "reduction": 88.125, "validation": {"accuracy": 68.75}, "test": {"accuracy": 61.111111111111114}}, "0.7": {"time": 0.0009038448333740234, "reduction": 90.0, "validation": {"accuracy": 67.5}, "test": {"accuracy": 61.111111111111114}}, "0.8": {"time": 0.0007958412170410156, "reduction": 91.875, "validation": {"accuracy": 40.0}, "test": {"accuracy": 38.88888888888889}}, "0.9": {"time": 0.0007650852203369141, "reduction": 93.125, "validation": {"accuracy": 40.0}, "test": {"accuracy": 38.88888888888889}}, "1.0": {"time": 0.0013418197631835938, "reduction": 99.375, "validation": {"accuracy": 40.0}, "test": {"accuracy": 38.88888888888889}}}, "4": {"0.0": {"time": 0.0015909671783447266, "reduction": 60.0, "validation": {"accuracy": 65.0}, "test": {"accuracy": 50.0}}, "0.1": {"time": 0.0008609294891357422, "reduction": 63.125, "validation": {"accuracy": 65.0}, "test": {"accuracy": 50.0}}, "0.2": {"time": 0.0008068084716796875, "reduction": 64.375, "validation": {"accuracy": 65.0}, "test": {"accuracy": 50.0}}, "0.3": {"time": 0.0007832050323486328, "reduction": 81.25, "validation": {"accuracy": 67.5}, "test": {"accuracy": 50.0}}, "0.4": {"time": 0.0007948875427246094, "reduction": 82.5, "validation": {"accuracy": 67.5}, "test": {"accuracy": 44.44444444444444}}, "0.5": {"time": 0.0007939338684082031, "reduction": 83.75, "validation": {"accuracy": 67.5}, "test": {"accuracy": 44.44444444444444}}, "0.6": {"time": 0.0007669925689697266, "reduction": 88.75, "validation": {"accuracy": 65.0}, "test": {"accuracy": 44.44444444444444}}, "0.7": {"time": 0.0007610321044921875, "reduction": 91.25, "validation": {"accuracy": 66.25}, "test": {"accuracy": 38.88888888888889}}, "0.8": {"time": 0.0007648468017578125, "reduction": 94.375, "validation": {"accuracy": 40.0}, "test": {"accuracy": 38.88888888888889}}, "0.9": {"time": 0.0007600784301757812, "reduction": 96.25, "validation": {"accuracy": 40.0}, "test": {"accuracy": 38.88888888888889}}, "1.0": {"time": 0.000843048095703125, "reduction": 99.375, "validation": {"accuracy": 40.0}, "test": {"accuracy": 38.88888888888889}}}, "5": {"0.0": {"time": 0.0008001327514648438, "reduction": 60.0, "validation": {"accuracy": 56.875}, "test": {"accuracy": 61.111111111111114}}, "0.1": {"time": 0.0007979869842529297, "reduction": 63.125, "validation": {"accuracy": 56.875}, "test": {"accuracy": 61.111111111111114}}, "0.2": {"time": 0.0007979869842529297, "reduction": 63.74999999999999, "validation": {"accuracy": 56.875}, "test": {"accuracy": 61.111111111111114}}, "0.3": {"time": 0.0014188289642333984, "reduction": 85.0, "validation": {"accuracy": 66.875}, "test": {"accuracy": 61.111111111111114}}, "0.4": {"time": 0.0009860992431640625, "reduction": 86.25, "validation": {"accuracy": 66.875}, "test": {"accuracy": 55.55555555555556}}, "0.5": {"time": 0.0008111000061035156, "reduction": 87.5, "validation": {"accuracy": 66.875}, "test": {"accuracy": 55.55555555555556}}, "0.6": {"time": 0.0007760524749755859, "reduction": 90.0, "validation": {"accuracy": 65.625}, "test": {"accuracy": 55.55555555555556}}, "0.7": {"time": 0.0007679462432861328, "reduction": 91.25, "validation": {"accuracy": 65.625}, "test": {"accuracy": 55.55555555555556}}, "0.8": {"time": 0.0007753372192382812, "reduction": 94.375, "validation": {"accuracy": 40.0}, "test": {"accuracy": 38.88888888888889}}, "0.9": {"time": 0.0008356571197509766, "reduction": 96.875, "validation": {"accuracy": 40.0}, "test": {"accuracy": 38.88888888888889}}, "1.0": {"time": 0.0007600784301757812, "reduction": 99.375, "validation": {"accuracy": 40.0}, "test": {"accuracy": 38.88888888888889}}}, "6": {"0.0": {"time": 0.0008070468902587891, "reduction": 63.74999999999999, "validation": {"accuracy": 67.5}, "test": {"accuracy": 66.66666666666666}}, "0.1": {"time": 0.0007927417755126953, "reduction": 66.875, "validation": {"accuracy": 68.125}, "test": {"accuracy": 66.66666666666666}}, "0.2": {"time": 0.0007958412170410156, "reduction": 68.75, "validation": {"accuracy": 68.75}, "test": {"accuracy": 66.66666666666666}}, "0.3": {"time": 0.0007982254028320312, "reduction": 85.625, "validation": {"accuracy": 70.0}, "test": {"accuracy": 50.0}}, "0.4": {"time": 0.0007929801940917969, "reduction": 87.5, "validation": {"accuracy": 70.0}, "test": {"accuracy": 44.44444444444444}}, "0.5": {"time": 0.0007719993591308594, "reduction": 88.75, "validation": {"accuracy": 70.0}, "test": {"accuracy": 44.44444444444444}}, "0.6": {"time": 0.000911712646484375, "reduction": 92.5, "validation": {"accuracy": 70.0}, "test": {"accuracy": 44.44444444444444}}, "0.7": {"time": 0.0007891654968261719, "reduction": 92.5, "validation": {"accuracy": 70.0}, "test": {"accuracy": 44.44444444444444}}, "0.8": {"time": 0.0009779930114746094, "reduction": 94.375, "validation": {"accuracy": 40.0}, "test": {"accuracy": 38.88888888888889}}, "0.9": {"time": 0.0008950233459472656, "reduction": 96.875, "validation": {"accuracy": 40.0}, "test": {"accuracy": 38.88888888888889}}, "1.0": {"time": 0.0008060932159423828, "reduction": 99.375, "validation": {"accuracy": 40.0}, "test": {"accuracy": 38.88888888888889}}}, "7": {"0.0": {"time": 0.0008368492126464844, "reduction": 60.62499999999999, "validation": {"accuracy": 66.875}, "test": {"accuracy": 55.55555555555556}}, "0.1": {"time": 0.0008058547973632812, "reduction": 63.125, "validation": {"accuracy": 66.25}, "test": {"accuracy": 55.55555555555556}}, "0.2": {"time": 0.0008039474487304688, "reduction": 63.125, "validation": {"accuracy": 66.25}, "test": {"accuracy": 55.55555555555556}}, "0.3": {"time": 0.0007901191711425781, "reduction": 83.125, "validation": {"accuracy": 70.0}, "test": {"accuracy": 55.55555555555556}}, "0.4": {"time": 0.0008418560028076172, "reduction": 85.0, "validation": {"accuracy": 70.0}, "test": {"accuracy": 55.55555555555556}}, "0.5": {"time": 0.0007801055908203125, "reduction": 86.25, "validation": {"accuracy": 70.0}, "test": {"accuracy": 55.55555555555556}}, "0.6": {"time": 0.0007870197296142578, "reduction": 90.0, "validation": {"accuracy": 70.0}, "test": {"accuracy": 55.55555555555556}}, "0.7": {"time": 0.0007879734039306641, "reduction": 91.875, "validation": {"accuracy": 70.0}, "test": {"accuracy": 55.55555555555556}}, "0.8": {"time": 0.0008001327514648438, "reduction": 94.375, "validation": {"accuracy": 40.0}, "test": {"accuracy": 38.88888888888889}}, "0.9": {"time": 0.0009109973907470703, "reduction": 95.625, "validation": {"accuracy": 40.0}, "test": {"accuracy": 38.88888888888889}}, "1.0": {"time": 0.0008213520050048828, "reduction": 99.375, "validation": {"accuracy": 40.0}, "test": {"accuracy": 38.88888888888889}}}, "8": {"0.0": {"time": 0.0008559226989746094, "reduction": 60.62499999999999, "validation": {"accuracy": 55.625}, "test": {"accuracy": 55.55555555555556}}, "0.1": {"time": 0.0008308887481689453, "reduction": 63.125, "validation": {"accuracy": 55.625}, "test": {"accuracy": 55.55555555555556}}, "0.2": {"time": 0.0013561248779296875, "reduction": 63.74999999999999, "validation": {"accuracy": 55.625}, "test": {"accuracy": 55.55555555555556}}, "0.3": {"time": 0.001148223876953125,