{"3": {"0.0": {"time": 0.01595783233642578, "reduction": 0.0, "validation": {"accuracy": 9.090909090909092}, "test": {"accuracy": 10.1010101010101}}, "0.1": {"time": 0.015987873077392578, "reduction": 3.8159371492704874, "validation": {"accuracy": 9.090909090909092}, "test": {"accuracy": 10.1010101010101}}, "0.2": {"time": 0.015440940856933594, "reduction": 7.744107744107742, "validation": {"accuracy": 9.090909090909092}, "test": {"accuracy": 10.1010101010101}}, "0.3": {"time": 0.015201091766357422, "reduction": 12.2334455667789, "validation": {"accuracy": 9.090909090909092}, "test": {"accuracy": 10.1010101010101}}, "0.4": {"time": 0.014403104782104492, "reduction": 34.34343434343434, "validation": {"accuracy": 9.090909090909092}, "test": {"accuracy": 10.1010101010101}}, "0.5": {"time": 0.014275074005126953, "reduction": 43.88327721661055, "validation": {"accuracy": 9.090909090909092}, "test": {"accuracy": 11.11111111111111}}, "0.6": {"time": 0.013844966888427734, "reduction": 63.18742985409652, "validation": {"accuracy": 8.529741863075197}, "test": {"accuracy": 11.11111111111111}}, "0.7": {"time": 0.01376199722290039, "reduction": 68.35016835016835, "validation": {"accuracy": 8.978675645342312}, "test": {"accuracy": 10.1010101010101}}, "0.8": {"time": 0.013598918914794922, "reduction": 85.6341189674523, "validation": {"accuracy": 9.652076318742985}, "test": {"accuracy": 6.0606060606060606}}, "0.9": {"time": 0.013562917709350586, "reduction": 90.57239057239057, "validation": {"accuracy": 9.652076318742985}, "test": {"accuracy": 4.040404040404041}}, "1.0": {"time": 0.013596057891845703, "reduction": 94.94949494949495, "validation": {"accuracy": 9.090909090909092}, "test": {"accuracy": 9.090909090909092}}}, "4": {"0.0": {"time": 0.015806913375854492, "reduction": 0.0, "validation": {"accuracy": 9.31537598204265}, "test": {"accuracy": 7.07070707070707}}, "0.1": {"time": 0.015632152557373047, "reduction": 3.703703703703709, "validation": {"accuracy": 9.31537598204265}, "test": {"accuracy": 7.07070707070707}}, "0.2": {"time": 0.015481233596801758, "reduction": 8.193041526374856, "validation": {"accuracy": 9.31537598204265}, "test": {"accuracy": 7.07070707070707}}, "0.3": {"time": 0.015148162841796875, "reduction": 17.059483726150393, "validation": {"accuracy": 9.427609427609427}, "test": {"accuracy": 7.07070707070707}}, "0.4": {"time": 0.014567136764526367, "reduction": 29.51739618406285, "validation": {"accuracy": 9.427609427609427}, "test": {"accuracy": 7.07070707070707}}, "0.5": {"time": 0.014212846755981445, "reduction": 43.88327721661055, "validation": {"accuracy": 9.31537598204265}, "test": {"accuracy": 7.07070707070707}}, "0.6": {"time": 0.014001846313476562, "reduction": 53.31088664421998, "validation": {"accuracy": 9.20314253647587}, "test": {"accuracy": 9.090909090909092}}, "0.7": {"time": 0.013808250427246094, "reduction": 66.66666666666667, "validation": {"accuracy": 9.090909090909092}, "test": {"accuracy": 10.1010101010101}}, "0.8": {"time": 0.013613224029541016, "reduction": 81.14478114478115, "validation": {"accuracy": 9.090909090909092}, "test": {"accuracy": 9.090909090909092}}, "0.9": {"time": 0.013755083084106445, "reduction": 85.52188552188552, "validation": {"accuracy": 9.539842873176205}, "test": {"accuracy": 5.05050505050505}}, "1.0": {"time": 0.013669967651367188, "reduction": 95.62289562289563, "validation": {"accuracy": 9.090909090909092}, "test": {"accuracy": 9.090909090909092}}}, "5": {"0.0": {"time": 0.01600790023803711, "reduction": 0.0, "validation": {"accuracy": 9.427609427609427}, "test": {"accuracy": 5.05050505050505}}, "0.1": {"time": 0.01565694808959961, "reduction": 4.152637485970823, "validation": {"accuracy": 9.427609427609427}, "test": {"accuracy": 5.05050505050505}}, "0.2": {"time": 0.015433073043823242, "reduction": 8.080808080808078, "validation": {"accuracy": 9.427609427609427}, "test": {"accuracy": 5.05050505050505}}, "0.3": {"time": 0.015395164489746094, "reduction": 12.008978675645343, "validation": {"accuracy": 9.427609427609427}, "test": {"accuracy": 5.05050505050505}}, "0.4": {"time": 0.014966011047363281, "reduction": 20.87542087542088, "validation": {"accuracy": 9.427609427609427}, "test": {"accuracy": 5.05050505050505}}, "0.5": {"time": 0.014340877532958984, "reduction": 43.65881032547699, "validation": {"accuracy": 9.20314253647587}, "test": {"accuracy": 6.0606060606060606}}, "0.6": {"time": 0.01663994789123535, "reduction": 67.45230078563411, "validation": {"accuracy": 8.417508417508419}, "test": {"accuracy": 14.14141414141414}}, "0.7": {"time": 0.013570070266723633, "reduction": 90.23569023569024, "validation": {"accuracy": 9.090909090909092}, "test": {"accuracy": 9.090909090909092}}, "0.8": {"time": 0.014215946197509766, "reduction": 95.28619528619528, "validation": {"accuracy": 9.090909090909092}, "test": {"accuracy": 9.090909090909092}}, "0.9": {"time": 0.014169692993164062, "reduction": 95.28619528619528, "validation": {"accuracy": 9.090909090909092}, "test": {"accuracy": 9.090909090909092}}, "1.0": {"time": 0.013567924499511719, "reduction": 95.39842873176207, "validation": {"accuracy": 9.090909090909092}, "test": {"accuracy": 9.090909090909092}}}, "6": {"0.0": {"time": 0.015853166580200195, "reduction": 0.0, "validation": {"accuracy": 8.641975308641975}, "test": {"accuracy": 14.14141414141414}}, "0.1": {"time": 0.015694856643676758, "reduction": 3.8159371492704874, "validation": {"accuracy": 8.641975308641975}, "test": {"accuracy": 14.14141414141414}}, "0.2": {"time": 0.0157010555267334, "reduction": 3.8159371492704874, "validation": {"accuracy": 8.641975308641975}, "test": {"accuracy": 14.14141414141414}}, "0.3": {"time": 0.015444040298461914, "reduction": 8.417508417508412, "validation": {"accuracy": 9.090909090909092}, "test": {"accuracy": 9.090909090909092}}, "0.4": {"time": 0.01446986198425293, "reduction": 34.5679012345679, "validation": {"accuracy": 9.090909090909092}, "test": {"accuracy": 9.090909090909092}}, "0.5": {"time": 0.014289140701293945, "reduction": 40.17957351290684, "validation": {"accuracy": 9.20314253647587}, "test": {"accuracy": 9.090909090909092}}, "0.6": {"time": 0.01393890380859375, "reduction": 57.91245791245792, "validation": {"accuracy": 9.20314253647587}, "test": {"accuracy": 9.090909090909092}}, "0.7": {"time": 0.013612031936645508, "reduction": 81.81818181818181, "validation": {"accuracy": 8.978675645342312}, "test": {"accuracy": 10.1010101010101}}, "0.8": {"time": 0.01350712776184082, "reduction": 94.94949494949495, "validation": {"accuracy": 9.090909090909092}, "test": {"accuracy": 9.090909090909092}}, "0.9": {"time": 0.013552188873291016, "reduction": 94.94949494949495, "validation": {"accuracy": 9.090909090909092}, "test": {"accuracy": 9.090909090909092}}, "1.0": {"time": 0.01363992691040039, "reduction": 94.94949494949495, "validation": {"accuracy": 9.090909090909092}, "test": {"accuracy": 9.090909090909092}}}, "7": {"0.0": {"time": 0.01576685905456543, "reduction": 0.0, "validation": {"accuracy": 9.090909090909092}, "test": {"accuracy": 8.080808080808081}}, "0.1": {"time": 0.015617847442626953, "reduction": 4.489337822671158, "validation": {"accuracy": 9.090909090909092}, "test": {"accuracy": 8.080808080808081}}, "0.2": {"time": 0.015390396118164062, "reduction": 12.345679012345679, "validation": {"accuracy": 9.090909090909092}, "test": {"accuracy": 8.080808080808081}}, "0.3": {"time": 0.015180110931396484, "reduction": 17.28395061728395, "validation": {"accuracy": 9.20314253647587}, "test": {"accuracy": 10.1010101010101}}, "0.4": {"time": 0.01437687873840332, "reduction": 35.01683501683501, "validation": {"accuracy": 9.20314253647587}, "test": {"accuracy": 11.11111111111111}}, "0.5": {"time": 0.014079809188842773, "reduction": 48.821548821548824, "validation": {"accuracy": 9.090909090909092}, "test": {"accuracy": 10.1010101010101}}, "0.6": {"time": 0.01411294937133789, "reduction": 49.382716049382715, "validation": {"accuracy": 8.866442199775532},