{"3": {"0.0": {"time": 0.0015168190002441406, "reduction": 0.4115226337448541, "validation": {"accuracy": 55.55555555555556}, "test": {"accuracy": 62.96296296296296}}, "0.1": {"time": 0.0016560554504394531, "reduction": 44.855967078189295, "validation": {"accuracy": 55.55555555555556}, "test": {"accuracy": 55.55555555555556}}, "0.2": {"time": 0.001477956771850586, "reduction": 44.855967078189295, "validation": {"accuracy": 55.55555555555556}, "test": {"accuracy": 55.55555555555556}}, "0.3": {"time": 0.0012621879577636719, "reduction": 44.855967078189295, "validation": {"accuracy": 55.55555555555556}, "test": {"accuracy": 55.55555555555556}}, "0.4": {"time": 0.002191781997680664, "reduction": 44.855967078189295, "validation": {"accuracy": 55.55555555555556}, "test": {"accuracy": 55.55555555555556}}, "0.5": {"time": 0.0012888908386230469, "reduction": 44.855967078189295, "validation": {"accuracy": 55.55555555555556}, "test": {"accuracy": 55.55555555555556}}, "0.6": {"time": 0.0012569427490234375, "reduction": 44.855967078189295, "validation": {"accuracy": 55.55555555555556}, "test": {"accuracy": 55.55555555555556}}, "0.7": {"time": 0.001332998275756836, "reduction": 44.855967078189295, "validation": {"accuracy": 55.55555555555556}, "test": {"accuracy": 55.55555555555556}}, "0.8": {"time": 0.0012688636779785156, "reduction": 44.855967078189295, "validation": {"accuracy": 55.55555555555556}, "test": {"accuracy": 55.55555555555556}}, "0.9": {"time": 0.0015349388122558594, "reduction": 44.855967078189295, "validation": {"accuracy": 55.55555555555556}, "test": {"accuracy": 55.55555555555556}}, "1.0": {"time": 0.001377105712890625, "reduction": 99.58847736625515, "validation": {"accuracy": 55.55555555555556}, "test": {"accuracy": 55.55555555555556}}}, "4": {"0.0": {"time": 0.0017020702362060547, "reduction": 0.8230452674897082, "validation": {"accuracy": 55.55555555555556}, "test": {"accuracy": 55.55555555555556}}, "0.1": {"time": 0.0022890567779541016, "reduction": 44.855967078189295, "validation": {"accuracy": 55.55555555555556}, "test": {"accuracy": 55.55555555555556}}, "0.2": {"time": 0.0012218952178955078, "reduction": 44.855967078189295, "validation": {"accuracy": 55.55555555555556}, "test": {"accuracy": 55.55555555555556}}, "0.3": {"time": 0.0012516975402832031, "reduction": 44.855967078189295, "validation": {"accuracy": 55.55555555555556}, "test": {"accuracy": 55.55555555555556}}, "0.4": {"time": 0.0011713504791259766, "reduction": 44.855967078189295, "validation": {"accuracy": 55.55555555555556}, "test": {"accuracy": 55.55555555555556}}, "0.5": {"time": 0.0017871856689453125, "reduction": 44.855967078189295, "validation": {"accuracy": 55.55555555555556}, "test": {"accuracy": 55.55555555555556}}, "0.6": {"time": 0.001631021499633789, "reduction": 44.855967078189295, "validation": {"accuracy": 55.55555555555556}, "test": {"accuracy": 55.55555555555556}}, "0.7": {"time": 0.0018889904022216797, "reduction": 44.855967078189295, "validation": {"accuracy": 55.55555555555556}, "test": {"accuracy": 55.55555555555556}}, "0.8": {"time": 0.0020072460174560547, "reduction": 44.855967078189295, "validation": {"accuracy": 55.55555555555556}, "test": {"accuracy": 55.55555555555556}}, "0.9": {"time": 0.0013916492462158203, "reduction": 44.855967078189295, "validation": {"accuracy": 55.55555555555556}, "test": {"accuracy": 55.55555555555556}}, "1.0": {"time": 0.0011491775512695312, "reduction": 99.58847736625515, "validation": {"accuracy": 55.55555555555556}, "test": {"accuracy": 55.55555555555556}}}, "5": {"0.0": {"time": 0.0015001296997070312, "reduction": 1.6460905349794275, "validation": {"accuracy": 54.32098765432099}, "test": {"accuracy": 40.74074074074074}}, "0.1": {"time": 0.0012259483337402344, "reduction": 45.67901234567901, "validation": {"accuracy": 55.55555555555556}, "test": {"accuracy": 55.55555555555556}}, "0.2": {"time": 0.0013360977172851562, "reduction": 45.67901234567901, "validation": {"accuracy": 55.55555555555556}, "test": {"accuracy": 55.55555555555556}}, "0.3": {"time": 0.0011670589447021484, "reduction": 45.67901234567901, "validation": {"accuracy": 55.55555555555556}, "test": {"accuracy": 55.55555555555556}}, "0.4": {"time": 0.0013158321380615234, "reduction": 45.67901234567901, "validation": {"accuracy": 55.55555555555556}, "test": {"accuracy": 55.55555555555556}}, "0.5": {"time": 0.0019989013671875, "reduction": 45.67901234567901, "validation": {"accuracy": 55.55555555555556}, "test": {"accuracy": 55.55555555555556}}, "0.6": {"time": 0.0015990734100341797, "reduction": 45.67901234567901, "validation": {"accuracy": 55.55555555555556}, "test": {"accuracy": 55.55555555555556}}, "0.7": {"time": 0.0012269020080566406, "reduction": 45.67901234567901, "validation": {"accuracy": 55.55555555555556}, "test": {"accuracy": 55.55555555555556}}, "0.8": {"time": 0.0012888908386230469, "reduction": 45.67901234567901, "validation": {"accuracy": 55.55555555555556}, "test": {"accuracy": 55.55555555555556}}, "0.9": {"time": 0.0012826919555664062, "reduction": 45.67901234567901, "validation": {"accuracy": 55.55555555555556}, "test": {"accuracy": 55.55555555555556}}, "1.0": {"time": 0.0010018348693847656, "reduction": 99.58847736625515, "validation": {"accuracy": 55.55555555555556}, "test": {"accuracy": 55.55555555555556}}}, "6": {"0.0": {"time": 0.0012516975402832031, "reduction": 0.8230452674897082, "validation": {"accuracy": 55.144032921810705}, "test": {"accuracy": 55.55555555555556}}, "0.1": {"time": 0.0012578964233398438, "reduction": 45.26748971193416, "validation": {"accuracy": 55.55555555555556}, "test": {"accuracy": 55.55555555555556}}, "0.2": {"time": 0.002293109893798828, "reduction": 45.26748971193416, "validation": {"accuracy": 55.55555555555556}, "test": {"accuracy": 55.55555555555556}}, "0.3": {"time": 0.0013041496276855469, "reduction": 45.26748971193416, "validation": {"accuracy": 55.55555555555556}, "test": {"accuracy": 55.55555555555556}}, "0.4": {"time": 0.0012638568878173828, "reduction": 45.26748971193416, "validation": {"accuracy": 55.55555555555556}, "test": {"accuracy": 55.55555555555556}}, "0.5": {"time": 0.0015759468078613281, "reduction": 45.26748971193416, "validation": {"accuracy": 55.55555555555556}, "test": {"accuracy": 55.55555555555556}}, "0.6": {"time": 0.0012788772583007812, "reduction": 45.26748971193416, "validation": {"accuracy": 55.55555555555556}, "test": {"accuracy": 55.55555555555556}}, "0.7": {"time": 0.001161813735961914, "reduction": 45.26748971193416, "validation": {"accuracy": 55.55555555555556}, "test": {"accuracy": 55.55555555555556}}, "0.8": {"time": 0.0013799667358398438, "reduction": 45.26748971193416, "validation": {"accuracy": 55.55555555555556}, "test": {"accuracy": 55.55555555555556}}, "0.9": {"time": 0.0013110637664794922, "reduction": 45.26748971193416, "validation": {"accuracy": 55.55555555555556}, "test": {"accuracy": 55.55555555555556}}, "1.0": {"time": 0.0018241405487060547, "reduction": 99.58847736625515, "validation": {"accuracy": 55.55555555555556}, "test": {"accuracy": 55.55555555555556}}}, "7": {"0.0": {"time": 0.0022940635681152344, "reduction": 2.0576131687242816, "validation": {"accuracy": 55.55555555555556}, "test": {"accuracy": 55.55555555555556}}, "0.1": {"time": 0.0013229846954345703, "reduction": 3.292181069958844, "validation": {"accuracy": 55.55555555555556}, "test": {"accuracy": 55.55555555555556}}, "0.2": {"time": 0.0012328624725341797, "reduction": 46.50205761316872, "validation": {"accuracy": 55.55555555555556}, "test": {"accuracy": 55.55555555555556}}, "0.3": {"time": 0.0010790824890136719, "reduction": 46.50205761316872, "validation": {"accuracy": 55.55555555555556}, "test": {"accuracy": 55.55555555555556}}, "0.4": {"time": 0.0013430118560791016, "reduction": 46.50205761316872, "validation": {"accuracy": 55.55555555555556}, "test": {"accuracy": 55.55555555555556}}, "0.5": {"time": 0.0018639564514160156, "reduction": 46.50205761316872,