{"3": {"0.0": {"time": 0.0045032501220703125, "reduction": 2.6666666666666616, "validation": {"accuracy": 9.11111111111111}, "test": {"accuracy": 20.0}}, "0.1": {"time": 0.004068136215209961, "reduction": 3.111111111111109, "validation": {"accuracy": 9.11111111111111}, "test": {"accuracy": 20.0}}, "0.2": {"time": 0.003959178924560547, "reduction": 5.333333333333334, "validation": {"accuracy": 9.11111111111111}, "test": {"accuracy": 20.0}}, "0.3": {"time": 0.0050220489501953125, "reduction": 11.777777777777775, "validation": {"accuracy": 9.777777777777779}, "test": {"accuracy": 20.0}}, "0.4": {"time": 0.0037860870361328125, "reduction": 34.88888888888889, "validation": {"accuracy": 12.222222222222221}, "test": {"accuracy": 18.0}}, "0.5": {"time": 0.003985881805419922, "reduction": 64.66666666666667, "validation": {"accuracy": 12.222222222222221}, "test": {"accuracy": 18.0}}, "0.6": {"time": 0.0039119720458984375, "reduction": 79.33333333333333, "validation": {"accuracy": 11.555555555555555}, "test": {"accuracy": 18.0}}, "0.7": {"time": 0.004071950912475586, "reduction": 88.88888888888889, "validation": {"accuracy": 10.666666666666668}, "test": {"accuracy": 16.0}}, "0.8": {"time": 0.003839254379272461, "reduction": 91.77777777777779, "validation": {"accuracy": 11.555555555555555}, "test": {"accuracy": 12.0}}, "0.9": {"time": 0.0033969879150390625, "reduction": 93.77777777777779, "validation": {"accuracy": 10.666666666666668}, "test": {"accuracy": 14.000000000000002}}, "1.0": {"time": 0.003438711166381836, "reduction": 98.44444444444444, "validation": {"accuracy": 11.555555555555555}, "test": {"accuracy": 10.0}}}, "4": {"0.0": {"time": 0.003833770751953125, "reduction": 2.6666666666666616, "validation": {"accuracy": 10.222222222222223}, "test": {"accuracy": 16.0}}, "0.1": {"time": 0.004703998565673828, "reduction": 4.666666666666663, "validation": {"accuracy": 10.222222222222223}, "test": {"accuracy": 16.0}}, "0.2": {"time": 0.004162788391113281, "reduction": 7.777777777777772, "validation": {"accuracy": 10.222222222222223}, "test": {"accuracy": 16.0}}, "0.3": {"time": 0.004019737243652344, "reduction": 18.88888888888889, "validation": {"accuracy": 10.0}, "test": {"accuracy": 18.0}}, "0.4": {"time": 0.004010915756225586, "reduction": 45.77777777777777, "validation": {"accuracy": 9.555555555555555}, "test": {"accuracy": 18.0}}, "0.5": {"time": 0.0035359859466552734, "reduction": 75.33333333333333, "validation": {"accuracy": 6.888888888888889}, "test": {"accuracy": 16.0}}, "0.6": {"time": 0.003871917724609375, "reduction": 82.44444444444444, "validation": {"accuracy": 7.333333333333333}, "test": {"accuracy": 14.000000000000002}}, "0.7": {"time": 0.003381013870239258, "reduction": 89.33333333333333, "validation": {"accuracy": 11.333333333333332}, "test": {"accuracy": 12.0}}, "0.8": {"time": 0.0035669803619384766, "reduction": 92.0, "validation": {"accuracy": 10.888888888888888}, "test": {"accuracy": 12.0}}, "0.9": {"time": 0.0036530494689941406, "reduction": 95.11111111111111, "validation": {"accuracy": 12.88888888888889}, "test": {"accuracy": 8.0}}, "1.0": {"time": 0.004326820373535156, "reduction": 98.0, "validation": {"accuracy": 11.333333333333332}, "test": {"accuracy": 12.0}}}, "5": {"0.0": {"time": 0.004466056823730469, "reduction": 1.5555555555555545, "validation": {"accuracy": 10.888888888888888}, "test": {"accuracy": 8.0}}, "0.1": {"time": 0.0044329166412353516, "reduction": 1.7777777777777781, "validation": {"accuracy": 10.888888888888888}, "test": {"accuracy": 8.0}}, "0.2": {"time": 0.004790067672729492, "reduction": 6.222222222222218, "validation": {"accuracy": 11.11111111111111}, "test": {"accuracy": 8.0}}, "0.3": {"time": 0.004303932189941406, "reduction": 12.0, "validation": {"accuracy": 11.11111111111111}, "test": {"accuracy": 8.0}}, "0.4": {"time": 0.0036661624908447266, "reduction": 38.66666666666667, "validation": {"accuracy": 10.444444444444445}, "test": {"accuracy": 8.0}}, "0.5": {"time": 0.003469228744506836, "reduction": 67.11111111111111, "validation": {"accuracy": 8.444444444444445}, "test": {"accuracy": 12.0}}, "0.6": {"time": 0.0036940574645996094, "reduction": 80.0, "validation": {"accuracy": 8.88888888888889}, "test": {"accuracy": 12.0}}, "0.7": {"time": 0.003522157669067383, "reduction": 87.77777777777777, "validation": {"accuracy": 11.555555555555555}, "test": {"accuracy": 14.000000000000002}}, "0.8": {"time": 0.004266023635864258, "reduction": 92.44444444444444, "validation": {"accuracy": 11.333333333333332}, "test": {"accuracy": 12.0}}, "0.9": {"time": 0.0032711029052734375, "reduction": 93.55555555555556, "validation": {"accuracy": 11.333333333333332}, "test": {"accuracy": 14.000000000000002}}, "1.0": {"time": 0.00339508056640625, "reduction": 98.22222222222223, "validation": {"accuracy": 10.444444444444445}, "test": {"accuracy": 10.0}}}, "6": {"0.0": {"time": 0.004151821136474609, "reduction": 0.8888888888888835, "validation": {"accuracy": 15.555555555555555}, "test": {"accuracy": 12.0}}, "0.1": {"time": 0.004101991653442383, "reduction": 1.7777777777777781, "validation": {"accuracy": 15.555555555555555}, "test": {"accuracy": 12.0}}, "0.2": {"time": 0.005259037017822266, "reduction": 4.666666666666663, "validation": {"accuracy": 15.555555555555555}, "test": {"accuracy": 12.0}}, "0.3": {"time": 0.003648996353149414, "reduction": 15.333333333333332, "validation": {"accuracy": 15.777777777777777}, "test": {"accuracy": 12.0}}, "0.4": {"time": 0.0037207603454589844, "reduction": 42.888888888888886, "validation": {"accuracy": 15.11111111111111}, "test": {"accuracy": 10.0}}, "0.5": {"time": 0.0036308765411376953, "reduction": 68.44444444444444, "validation": {"accuracy": 16.444444444444446}, "test": {"accuracy": 14.000000000000002}}, "0.6": {"time": 0.0033600330352783203, "reduction": 83.33333333333334, "validation": {"accuracy": 16.22222222222222}, "test": {"accuracy": 12.0}}, "0.7": {"time": 0.0035047531127929688, "reduction": 87.33333333333333, "validation": {"accuracy": 10.888888888888888}, "test": {"accuracy": 12.0}}, "0.8": {"time": 0.003233194351196289, "reduction": 91.11111111111111, "validation": {"accuracy": 10.0}, "test": {"accuracy": 16.0}}, "0.9": {"time": 0.0035011768341064453, "reduction": 93.33333333333333, "validation": {"accuracy": 10.0}, "test": {"accuracy": 16.0}}, "1.0": {"time": 0.0050318241119384766, "reduction": 98.0, "validation": {"accuracy": 10.444444444444445}, "test": {"accuracy": 10.0}}}, "7": {"0.0": {"time": 0.005799293518066406, "reduction": 3.5555555555555562, "validation": {"accuracy": 13.777777777777779}, "test": {"accuracy": 8.0}}, "0.1": {"time": 0.005379199981689453, "reduction": 5.333333333333334, "validation": {"accuracy": 14.000000000000002}, "test": {"accuracy": 8.0}}, "0.2": {"time": 0.005259037017822266, "reduction": 8.666666666666668, "validation": {"accuracy": 14.000000000000002}, "test": {"accuracy": 8.0}}, "0.3": {"time": 0.004090070724487305, "reduction": 22.888888888888893, "validation": {"accuracy": 14.444444444444443}, "test": {"accuracy": 6.0}}, "0.4": {"time": 0.003802061080932617, "reduction": 45.333333333333336, "validation": {"accuracy": 15.777777777777777}, "test": {"accuracy": 6.0}}, "0.5": {"time": 0.004096031188964844, "reduction": 78.44444444444446, "validation": {"accuracy": 13.777777777777779}, "test": {"accuracy": 14.000000000000002}}, "0.6": {"time": 0.005702972412109375, "reduction": 85.55555555555556, "validation": {"accuracy": 14.222222222222221}, "test": {"accuracy": 14.000000000000002}}, "0.7": {"time": 0.0045909881591796875, "reduction": 92.44444444444444, "validation": {"accuracy": 8.0}, "test": {"accuracy": 16.0}}, "0.8": {"time": 0.0043981075286865234, "reduction": 93.33333333333333, "validation": {"accuracy": 8.0}, "test": {"accuracy": 16.0}}, "0.9": {"time": 0.0036296844482421875, "reduction": 95.77777777777777, "validation": {"accuracy": 11.333333333333332}, "test": {"accuracy": 12.0}}, "1.0": {"time": 0.0032749176025390625, "reduction": 98.0,