{"3": {"0.0": {"time": 0.0025169849395751953, "reduction": 3.084832904884316, "validation": {"accuracy": 53.470437017994854}, "test": {"accuracy": 51.162790697674424}}, "0.1": {"time": 0.002561807632446289, "reduction": 31.87660668380463, "validation": {"accuracy": 53.470437017994854}, "test": {"accuracy": 51.162790697674424}}, "0.2": {"time": 0.0023839473724365234, "reduction": 31.87660668380463, "validation": {"accuracy": 53.470437017994854}, "test": {"accuracy": 51.162790697674424}}, "0.3": {"time": 0.002655029296875, "reduction": 31.87660668380463, "validation": {"accuracy": 53.470437017994854}, "test": {"accuracy": 51.162790697674424}}, "0.4": {"time": 0.0025191307067871094, "reduction": 48.58611825192802, "validation": {"accuracy": 53.98457583547558}, "test": {"accuracy": 51.162790697674424}}, "0.5": {"time": 0.0021619796752929688, "reduction": 62.98200514138818, "validation": {"accuracy": 53.98457583547558}, "test": {"accuracy": 51.162790697674424}}, "0.6": {"time": 0.002174854278564453, "reduction": 63.49614395886889, "validation": {"accuracy": 53.98457583547558}, "test": {"accuracy": 51.162790697674424}}, "0.7": {"time": 0.0023169517517089844, "reduction": 63.75321336760926, "validation": {"accuracy": 53.98457583547558}, "test": {"accuracy": 51.162790697674424}}, "0.8": {"time": 0.0021791458129882812, "reduction": 64.26735218508998, "validation": {"accuracy": 53.98457583547558}, "test": {"accuracy": 51.162790697674424}}, "0.9": {"time": 0.0023190975189208984, "reduction": 64.26735218508998, "validation": {"accuracy": 53.98457583547558}, "test": {"accuracy": 51.162790697674424}}, "1.0": {"time": 0.0027790069580078125, "reduction": 64.26735218508998, "validation": {"accuracy": 53.98457583547558}, "test": {"accuracy": 51.162790697674424}}}, "4": {"0.0": {"time": 0.0030541419982910156, "reduction": 3.3419023136246784, "validation": {"accuracy": 51.9280205655527}, "test": {"accuracy": 60.46511627906976}}, "0.1": {"time": 0.002292156219482422, "reduction": 16.966580976863753, "validation": {"accuracy": 51.9280205655527}, "test": {"accuracy": 60.46511627906976}}, "0.2": {"time": 0.002789735794067383, "reduction": 46.27249357326478, "validation": {"accuracy": 51.9280205655527}, "test": {"accuracy": 60.46511627906976}}, "0.3": {"time": 0.0022220611572265625, "reduction": 46.786632390745496, "validation": {"accuracy": 51.9280205655527}, "test": {"accuracy": 60.46511627906976}}, "0.4": {"time": 0.0026521682739257812, "reduction": 46.786632390745496, "validation": {"accuracy": 51.9280205655527}, "test": {"accuracy": 60.46511627906976}}, "0.5": {"time": 0.002544879913330078, "reduction": 47.04370179948586, "validation": {"accuracy": 51.9280205655527}, "test": {"accuracy": 60.46511627906976}}, "0.6": {"time": 0.002504110336303711, "reduction": 47.04370179948586, "validation": {"accuracy": 51.9280205655527}, "test": {"accuracy": 60.46511627906976}}, "0.7": {"time": 0.002286195755004883, "reduction": 47.04370179948586, "validation": {"accuracy": 51.9280205655527}, "test": {"accuracy": 60.46511627906976}}, "0.8": {"time": 0.0025119781494140625, "reduction": 47.30077120822622, "validation": {"accuracy": 51.9280205655527}, "test": {"accuracy": 60.46511627906976}}, "0.9": {"time": 0.0020990371704101562, "reduction": 47.55784061696659, "validation": {"accuracy": 51.9280205655527}, "test": {"accuracy": 60.46511627906976}}, "1.0": {"time": 0.0021209716796875, "reduction": 83.03341902313625, "validation": {"accuracy": 46.27249357326478}, "test": {"accuracy": 46.51162790697674}}}, "5": {"0.0": {"time": 0.0042629241943359375, "reduction": 3.084832904884316, "validation": {"accuracy": 53.470437017994854}, "test": {"accuracy": 46.51162790697674}}, "0.1": {"time": 0.002321958541870117, "reduction": 32.13367609254498, "validation": {"accuracy": 53.470437017994854}, "test": {"accuracy": 46.51162790697674}}, "0.2": {"time": 0.002568960189819336, "reduction": 32.13367609254498, "validation": {"accuracy": 53.470437017994854}, "test": {"accuracy": 46.51162790697674}}, "0.3": {"time": 0.0022530555725097656, "reduction": 32.13367609254498, "validation": {"accuracy": 53.470437017994854}, "test": {"accuracy": 46.51162790697674}}, "0.4": {"time": 0.002454996109008789, "reduction": 48.58611825192802, "validation": {"accuracy": 53.98457583547558}, "test": {"accuracy": 46.51162790697674}}, "0.5": {"time": 0.0032041072845458984, "reduction": 62.724935732647815, "validation": {"accuracy": 53.98457583547558}, "test": {"accuracy": 46.51162790697674}}, "0.6": {"time": 0.0019850730895996094, "reduction": 63.239074550128535, "validation": {"accuracy": 53.98457583547558}, "test": {"accuracy": 46.51162790697674}}, "0.7": {"time": 0.002032041549682617, "reduction": 63.49614395886889, "validation": {"accuracy": 53.98457583547558}, "test": {"accuracy": 46.51162790697674}}, "0.8": {"time": 0.0023009777069091797, "reduction": 64.01028277634961, "validation": {"accuracy": 53.98457583547558}, "test": {"accuracy": 46.51162790697674}}, "0.9": {"time": 0.0020818710327148438, "reduction": 64.01028277634961, "validation": {"accuracy": 53.98457583547558}, "test": {"accuracy": 46.51162790697674}}, "1.0": {"time": 0.002044200897216797, "reduction": 64.01028277634961, "validation": {"accuracy": 53.98457583547558}, "test": {"accuracy": 46.51162790697674}}}, "6": {"0.0": {"time": 0.0029408931732177734, "reduction": 1.5424164524421635, "validation": {"accuracy": 53.470437017994854}, "test": {"accuracy": 44.18604651162791}}, "0.1": {"time": 0.002557039260864258, "reduction": 30.848329048843194, "validation": {"accuracy": 53.470437017994854}, "test": {"accuracy": 44.18604651162791}}, "0.2": {"time": 0.0022940635681152344, "reduction": 47.04370179948586, "validation": {"accuracy": 53.98457583547558}, "test": {"accuracy": 44.18604651162791}}, "0.3": {"time": 0.0027658939361572266, "reduction": 47.55784061696659, "validation": {"accuracy": 53.98457583547558}, "test": {"accuracy": 44.18604651162791}}, "0.4": {"time": 0.002167940139770508, "reduction": 47.55784061696659, "validation": {"accuracy": 53.98457583547558}, "test": {"accuracy": 44.18604651162791}}, "0.5": {"time": 0.002502918243408203, "reduction": 48.0719794344473, "validation": {"accuracy": 53.98457583547558}, "test": {"accuracy": 44.18604651162791}}, "0.6": {"time": 0.0021491050720214844, "reduction": 48.0719794344473, "validation": {"accuracy": 53.98457583547558}, "test": {"accuracy": 44.18604651162791}}, "0.7": {"time": 0.002482175827026367, "reduction": 48.843187660668384, "validation": {"accuracy": 53.98457583547558}, "test": {"accuracy": 44.18604651162791}}, "0.8": {"time": 0.0021779537200927734, "reduction": 49.100257069408734, "validation": {"accuracy": 53.98457583547558}, "test": {"accuracy": 44.18604651162791}}, "0.9": {"time": 0.0022687911987304688, "reduction": 64.01028277634961, "validation": {"accuracy": 53.98457583547558}, "test": {"accuracy": 44.18604651162791}}, "1.0": {"time": 0.0023550987243652344, "reduction": 64.26735218508998, "validation": {"accuracy": 53.98457583547558}, "test": {"accuracy": 44.18604651162791}}}, "7": {"0.0": {"time": 0.002515077590942383, "reduction": 2.3136246786632397, "validation": {"accuracy": 50.899742930591266}, "test": {"accuracy": 60.46511627906976}}, "0.1": {"time": 0.0026731491088867188, "reduction": 16.19537275064268, "validation": {"accuracy": 50.899742930591266}, "test": {"accuracy": 60.46511627906976}}, "0.2": {"time": 0.002878904342651367, "reduction": 16.45244215938303, "validation": {"accuracy": 50.899742930591266}, "test": {"accuracy": 60.46511627906976}}, "0.3": {"time": 0.0023717880249023438, "reduction": 16.45244215938303, "validation": {"accuracy": 50.899742930591266}, "test": {"accuracy": 60.46511627906976}}, "0.4": {"time": 0.0024976730346679688, "reduction": 50.6426735218509, "validation": {"accuracy": 46.27249357326478}, "test": {"accuracy": 39.53488372093023}}, "0.5": {"time": 0.0021059513092041016, "reduction": 50.6426735218509, "validation": {"accuracy": 46.27249357326478},