{"3": {"0.0": {"time": 0.03514599800109863, "reduction": 33.056603773584904, "validation": {"accuracy": 40.0}, "test": {"accuracy": 39.86486486486486}}, "0.1": {"time": 0.030853986740112305, "reduction": 35.24528301886792, "validation": {"accuracy": 40.45283018867924}, "test": {"accuracy": 39.86486486486486}}, "0.2": {"time": 0.029321908950805664, "reduction": 38.79245283018869, "validation": {"accuracy": 42.113207547169814}, "test": {"accuracy": 41.891891891891895}}, "0.3": {"time": 0.028209924697875977, "reduction": 45.35849056603774, "validation": {"accuracy": 42.49056603773585}, "test": {"accuracy": 41.891891891891895}}, "0.4": {"time": 0.02659916877746582, "reduction": 54.64150943396226, "validation": {"accuracy": 42.18867924528302}, "test": {"accuracy": 42.567567567567565}}, "0.5": {"time": 0.029401063919067383, "reduction": 66.7924528301887, "validation": {"accuracy": 42.49056603773585}, "test": {"accuracy": 39.86486486486486}}, "0.6": {"time": 0.025868892669677734, "reduction": 77.28301886792453, "validation": {"accuracy": 42.64150943396226}, "test": {"accuracy": 38.513513513513516}}, "0.7": {"time": 0.025805234909057617, "reduction": 86.41509433962264, "validation": {"accuracy": 41.735849056603776}, "test": {"accuracy": 38.513513513513516}}, "0.8": {"time": 0.02596592903137207, "reduction": 93.28301886792453, "validation": {"accuracy": 41.132075471698116}, "test": {"accuracy": 37.16216216216216}}, "0.9": {"time": 0.02747511863708496, "reduction": 98.41509433962264, "validation": {"accuracy": 44.22641509433962}, "test": {"accuracy": 41.891891891891895}}, "1.0": {"time": 0.026389598846435547, "reduction": 99.77358490566037, "validation": {"accuracy": 43.84905660377358}, "test": {"accuracy": 39.86486486486486}}}, "4": {"0.0": {"time": 0.03141307830810547, "reduction": 34.38914027149321, "validation": {"accuracy": 40.27149321266968}, "test": {"accuracy": 41.49659863945578}}, "0.1": {"time": 0.02959585189819336, "reduction": 35.82202111613876, "validation": {"accuracy": 40.27149321266968}, "test": {"accuracy": 41.49659863945578}}, "0.2": {"time": 0.028281211853027344, "reduction": 38.914027149321264, "validation": {"accuracy": 40.346907993966816}, "test": {"accuracy": 41.49659863945578}}, "0.3": {"time": 0.028232336044311523, "reduction": 44.042232277526395, "validation": {"accuracy": 40.27149321266968}, "test": {"accuracy": 41.49659863945578}}, "0.4": {"time": 0.026993989944458008, "reduction": 53.77073906485671, "validation": {"accuracy": 40.57315233785822}, "test": {"accuracy": 40.136054421768705}}, "0.5": {"time": 0.026778221130371094, "reduction": 65.00754147812971, "validation": {"accuracy": 41.47812971342383}, "test": {"accuracy": 42.17687074829932}}, "0.6": {"time": 0.025996923446655273, "reduction": 75.56561085972851, "validation": {"accuracy": 41.47812971342383}, "test": {"accuracy": 41.49659863945578}}, "0.7": {"time": 0.02755284309387207, "reduction": 86.27450980392157, "validation": {"accuracy": 41.02564102564102}, "test": {"accuracy": 42.17687074829932}}, "0.8": {"time": 0.03412008285522461, "reduction": 93.81598793363499, "validation": {"accuracy": 40.27149321266968}, "test": {"accuracy": 40.136054421768705}}, "0.9": {"time": 0.026051759719848633, "reduction": 98.86877828054298, "validation": {"accuracy": 40.874811463046754}, "test": {"accuracy": 44.21768707482993}}, "1.0": {"time": 0.02623581886291504, "reduction": 99.77375565610859, "validation": {"accuracy": 29.788838612368025}, "test": {"accuracy": 25.850340136054424}}}, "5": {"0.0": {"time": 0.031854867935180664, "reduction": 30.693815987933636, "validation": {"accuracy": 40.120663650075414}, "test": {"accuracy": 42.17687074829932}}, "0.1": {"time": 0.030179977416992188, "reduction": 31.825037707390646, "validation": {"accuracy": 40.120663650075414}, "test": {"accuracy": 42.17687074829932}}, "0.2": {"time": 0.02985405921936035, "reduction": 35.52036199095022, "validation": {"accuracy": 40.57315233785822}, "test": {"accuracy": 42.17687074829932}}, "0.3": {"time": 0.02795886993408203, "reduction": 41.628959276018094, "validation": {"accuracy": 40.57315233785822}, "test": {"accuracy": 42.17687074829932}}, "0.4": {"time": 0.028624773025512695, "reduction": 49.39668174962293, "validation": {"accuracy": 40.79939668174962}, "test": {"accuracy": 42.17687074829932}}, "0.5": {"time": 0.02732706069946289, "reduction": 61.76470588235294, "validation": {"accuracy": 41.17647058823529}, "test": {"accuracy": 42.17687074829932}}, "0.6": {"time": 0.02600884437561035, "reduction": 73.60482654600303, "validation": {"accuracy": 41.77978883861237}, "test": {"accuracy": 40.816326530612244}}, "0.7": {"time": 0.025161027908325195, "reduction": 84.16289592760181, "validation": {"accuracy": 41.6289592760181}, "test": {"accuracy": 41.49659863945578}}, "0.8": {"time": 0.02472710609436035, "reduction": 92.76018099547511, "validation": {"accuracy": 42.835595776772244}, "test": {"accuracy": 41.49659863945578}}, "0.9": {"time": 0.025047779083251953, "reduction": 98.4162895927602, "validation": {"accuracy": 42.38310708898944}, "test": {"accuracy": 40.136054421768705}}, "1.0": {"time": 0.027885913848876953, "reduction": 99.77375565610859, "validation": {"accuracy": 36.87782805429865}, "test": {"accuracy": 38.775510204081634}}}, "6": {"0.0": {"time": 0.028673887252807617, "reduction": 33.0316742081448, "validation": {"accuracy": 40.64856711915535}, "test": {"accuracy": 40.136054421768705}}, "0.1": {"time": 0.02901911735534668, "reduction": 35.36953242835595, "validation": {"accuracy": 40.723981900452486}, "test": {"accuracy": 40.136054421768705}}, "0.2": {"time": 0.028654813766479492, "reduction": 38.536953242835594, "validation": {"accuracy": 40.874811463046754}, "test": {"accuracy": 40.816326530612244}}, "0.3": {"time": 0.02923893928527832, "reduction": 44.11764705882353, "validation": {"accuracy": 40.874811463046754}, "test": {"accuracy": 40.816326530612244}}, "0.4": {"time": 0.02909684181213379, "reduction": 52.6395173453997, "validation": {"accuracy": 40.95022624434389}, "test": {"accuracy": 40.816326530612244}}, "0.5": {"time": 0.026707887649536133, "reduction": 62.66968325791855, "validation": {"accuracy": 41.55354449472097}, "test": {"accuracy": 41.49659863945578}}, "0.6": {"time": 0.026684999465942383, "reduction": 73.07692307692308, "validation": {"accuracy": 42.081447963800905}, "test": {"accuracy": 42.17687074829932}}, "0.7": {"time": 0.025039196014404297, "reduction": 82.27752639517345, "validation": {"accuracy": 41.93061840120664}, "test": {"accuracy": 42.17687074829932}}, "0.8": {"time": 0.025216102600097656, "reduction": 91.4027149321267, "validation": {"accuracy": 40.95022624434389}, "test": {"accuracy": 38.095238095238095}}, "0.9": {"time": 0.025410890579223633, "reduction": 96.98340874811463, "validation": {"accuracy": 40.346907993966816}, "test": {"accuracy": 40.816326530612244}}, "1.0": {"time": 0.02517104148864746, "reduction": 99.77375565610859, "validation": {"accuracy": 30.995475113122172}, "test": {"accuracy": 32.6530612244898}}}, "7": {"0.0": {"time": 0.028819799423217773, "reduction": 34.38914027149321, "validation": {"accuracy": 41.47812971342383}, "test": {"accuracy": 44.21768707482993}}, "0.1": {"time": 0.02884507179260254, "reduction": 35.82202111613876, "validation": {"accuracy": 41.47812971342383}, "test": {"accuracy": 43.53741496598639}}, "0.2": {"time": 0.029549121856689453, "reduction": 38.23529411764706, "validation": {"accuracy": 41.47812971342383}, "test": {"accuracy": 43.53741496598639}}, "0.3": {"time": 0.028126955032348633, "reduction": 42.98642533936652, "validation": {"accuracy": 41.6289592760181}, "test": {"accuracy": 43.53741496598639}}, "0.4": {"time": 0.02694416046142578, "reduction": 52.865761689291105, "validation": {"accuracy": 41.47812971342383}, "test": {"accuracy": 42.857142857142854}}, "0.5": {"time": 0.026530027389526367, "reduction": 64.40422322775264, "validation": {"accuracy": 41.6289592760181}, "test": {"accuracy": 42.857142857142854}},