{"3": {"0.0": {"time": 0.037557125091552734, "reduction": 13.558052434456924, "validation": {"accuracy": 28.764044943820227}, "test": {"accuracy": 28.859060402684566}}, "0.1": {"time": 0.03647303581237793, "reduction": 15.131086142322092, "validation": {"accuracy": 28.91385767790262}, "test": {"accuracy": 28.859060402684566}}, "0.2": {"time": 0.03690910339355469, "reduction": 16.40449438202247, "validation": {"accuracy": 28.91385767790262}, "test": {"accuracy": 28.859060402684566}}, "0.3": {"time": 0.036863088607788086, "reduction": 20.2247191011236, "validation": {"accuracy": 21.573033707865168}, "test": {"accuracy": 18.79194630872483}}, "0.4": {"time": 0.036013126373291016, "reduction": 27.116104868913858, "validation": {"accuracy": 18.801498127340825}, "test": {"accuracy": 14.093959731543624}}, "0.5": {"time": 0.03460502624511719, "reduction": 40.44943820224719, "validation": {"accuracy": 18.95131086142322}, "test": {"accuracy": 14.093959731543624}}, "0.6": {"time": 0.03284597396850586, "reduction": 56.02996254681648, "validation": {"accuracy": 18.876404494382022}, "test": {"accuracy": 13.422818791946309}}, "0.7": {"time": 0.0322878360748291, "reduction": 72.35955056179775, "validation": {"accuracy": 11.685393258426966}, "test": {"accuracy": 11.409395973154362}}, "0.8": {"time": 0.03197479248046875, "reduction": 87.71535580524345, "validation": {"accuracy": 11.760299625468166}, "test": {"accuracy": 11.409395973154362}}, "0.9": {"time": 0.03174901008605957, "reduction": 96.77902621722848, "validation": {"accuracy": 7.2659176029962556}, "test": {"accuracy": 9.395973154362416}}, "1.0": {"time": 0.03163599967956543, "reduction": 99.25093632958801, "validation": {"accuracy": 3.2209737827715355}, "test": {"accuracy": 2.684563758389262}}}, "4": {"0.0": {"time": 0.03778481483459473, "reduction": 13.63295880149813, "validation": {"accuracy": 28.46441947565543}, "test": {"accuracy": 28.859060402684566}}, "0.1": {"time": 0.03727006912231445, "reduction": 15.880149812734079, "validation": {"accuracy": 28.46441947565543}, "test": {"accuracy": 29.53020134228188}}, "0.2": {"time": 0.03683114051818848, "reduction": 18.42696629213483, "validation": {"accuracy": 28.46441947565543}, "test": {"accuracy": 29.53020134228188}}, "0.3": {"time": 0.03659772872924805, "reduction": 22.47191011235955, "validation": {"accuracy": 26.741573033707866}, "test": {"accuracy": 28.859060402684566}}, "0.4": {"time": 0.03522372245788574, "reduction": 30.78651685393259, "validation": {"accuracy": 27.265917602996254}, "test": {"accuracy": 29.53020134228188}}, "0.5": {"time": 0.03415393829345703, "reduction": 44.11985018726592, "validation": {"accuracy": 26.666666666666668}, "test": {"accuracy": 28.859060402684566}}, "0.6": {"time": 0.03322911262512207, "reduction": 62.69662921348315, "validation": {"accuracy": 28.539325842696627}, "test": {"accuracy": 27.516778523489933}}, "0.7": {"time": 0.032202959060668945, "reduction": 78.95131086142322, "validation": {"accuracy": 18.352059925093634}, "test": {"accuracy": 19.463087248322147}}, "0.8": {"time": 0.03136420249938965, "reduction": 89.9625468164794, "validation": {"accuracy": 18.576779026217228}, "test": {"accuracy": 24.832214765100673}}, "0.9": {"time": 0.03178215026855469, "reduction": 97.00374531835206, "validation": {"accuracy": 26.14232209737828}, "test": {"accuracy": 22.818791946308725}}, "1.0": {"time": 0.031527042388916016, "reduction": 99.25093632958801, "validation": {"accuracy": 23.89513108614232}, "test": {"accuracy": 29.53020134228188}}}, "5": {"0.0": {"time": 0.03739500045776367, "reduction": 14.595808383233532, "validation": {"accuracy": 23.952095808383234}, "test": {"accuracy": 19.594594594594593}}, "0.1": {"time": 0.037225961685180664, "reduction": 16.09281437125748, "validation": {"accuracy": 24.02694610778443}, "test": {"accuracy": 20.27027027027027}}, "0.2": {"time": 0.03713274002075195, "reduction": 17.58982035928144, "validation": {"accuracy": 24.02694610778443}, "test": {"accuracy": 20.27027027027027}}, "0.3": {"time": 0.03682088851928711, "reduction": 22.305389221556883, "validation": {"accuracy": 24.02694610778443}, "test": {"accuracy": 20.27027027027027}}, "0.4": {"time": 0.03576016426086426, "reduction": 30.01497005988024, "validation": {"accuracy": 13.997005988023952}, "test": {"accuracy": 13.513513513513514}}, "0.5": {"time": 0.03367924690246582, "reduction": 42.14071856287425, "validation": {"accuracy": 10.778443113772456}, "test": {"accuracy": 14.18918918918919}}, "0.6": {"time": 0.03306698799133301, "reduction": 59.4311377245509, "validation": {"accuracy": 10.703592814371257}, "test": {"accuracy": 13.513513513513514}}, "0.7": {"time": 0.0323178768157959, "reduction": 74.77544910179641, "validation": {"accuracy": 10.32934131736527}, "test": {"accuracy": 14.18918918918919}}, "0.8": {"time": 0.03194093704223633, "reduction": 87.87425149700599, "validation": {"accuracy": 10.32934131736527}, "test": {"accuracy": 13.513513513513514}}, "0.9": {"time": 0.03126668930053711, "reduction": 95.88323353293413, "validation": {"accuracy": 12.425149700598801}, "test": {"accuracy": 12.162162162162163}}, "1.0": {"time": 0.03157806396484375, "reduction": 99.25149700598801, "validation": {"accuracy": 12.20059880239521}, "test": {"accuracy": 12.837837837837837}}}, "6": {"0.0": {"time": 0.03681516647338867, "reduction": 15.568862275449103, "validation": {"accuracy": 21.407185628742514}, "test": {"accuracy": 21.62162162162162}}, "0.1": {"time": 0.03675723075866699, "reduction": 17.215568862275454, "validation": {"accuracy": 21.482035928143713}, "test": {"accuracy": 22.2972972972973}}, "0.2": {"time": 0.03679013252258301, "reduction": 19.98502994011976, "validation": {"accuracy": 21.407185628742514}, "test": {"accuracy": 22.972972972972975}}, "0.3": {"time": 0.03595685958862305, "reduction": 24.850299401197606, "validation": {"accuracy": 12.5}, "test": {"accuracy": 18.243243243243242}}, "0.4": {"time": 0.03528404235839844, "reduction": 32.784431137724546, "validation": {"accuracy": 12.20059880239521}, "test": {"accuracy": 18.243243243243242}}, "0.5": {"time": 0.03424501419067383, "reduction": 46.482035928143716, "validation": {"accuracy": 10.553892215568862}, "test": {"accuracy": 16.216216216216218}}, "0.6": {"time": 0.03291177749633789, "reduction": 61.67664670658682, "validation": {"accuracy": 10.778443113772456}, "test": {"accuracy": 13.513513513513514}}, "0.7": {"time": 0.0336461067199707, "reduction": 76.64670658682635, "validation": {"accuracy": 9.805389221556887}, "test": {"accuracy": 10.81081081081081}}, "0.8": {"time": 0.03206491470336914, "reduction": 88.77245508982035, "validation": {"accuracy": 7.18562874251497}, "test": {"accuracy": 10.135135135135135}}, "0.9": {"time": 0.0316929817199707, "reduction": 96.48203592814372, "validation": {"accuracy": 6.661676646706587}, "test": {"accuracy": 6.756756756756757}}, "1.0": {"time": 0.03179812431335449, "reduction": 99.25149700598801, "validation": {"accuracy": 6.062874251497006}, "test": {"accuracy": 6.081081081081082}}}, "7": {"0.0": {"time": 0.03661799430847168, "reduction": 14.67065868263473, "validation": {"accuracy": 28.967065868263475}, "test": {"accuracy": 29.054054054054053}}, "0.1": {"time": 0.03723311424255371, "reduction": 16.31736526946108, "validation": {"accuracy": 29.266467065868262}, "test": {"accuracy": 29.054054054054053}}, "0.2": {"time": 0.0365602970123291, "reduction": 18.188622754491014, "validation": {"accuracy": 29.266467065868262}, "test": {"accuracy": 29.054054054054053}}, "0.3": {"time": 0.036672115325927734, "reduction": 21.18263473053892, "validation": {"accuracy": 29.491017964071858}, "test": {"accuracy": 28.37837837837838}}, "0.4": {"time": 0.0357518196105957, "reduction": 29.266467065868262, "validation": {"accuracy": 24.476047904191617}, "test": {"accuracy": 23.64864864864865}}, "0.5": {"time": 0.034642934799194336, "reduction": 41.31736526946108, "validation": {"accuracy": 10.853293413173652}, "test": {"accuracy": 8.783783783783784}},