{"3": {"0.0": {"time": 0.0017008781433105469, "reduction": 3.472222222222221, "validation": {"accuracy": 29.166666666666668}, "test": {"accuracy": 18.75}}, "0.1": {"time": 0.001220703125, "reduction": 7.638888888888884, "validation": {"accuracy": 29.166666666666668}, "test": {"accuracy": 18.75}}, "0.2": {"time": 0.0016138553619384766, "reduction": 11.111111111111116, "validation": {"accuracy": 29.166666666666668}, "test": {"accuracy": 18.75}}, "0.3": {"time": 0.001538991928100586, "reduction": 13.194444444444443, "validation": {"accuracy": 28.47222222222222}, "test": {"accuracy": 18.75}}, "0.4": {"time": 0.0013422966003417969, "reduction": 20.138888888888886, "validation": {"accuracy": 28.47222222222222}, "test": {"accuracy": 18.75}}, "0.5": {"time": 0.0012350082397460938, "reduction": 31.25, "validation": {"accuracy": 26.38888888888889}, "test": {"accuracy": 18.75}}, "0.6": {"time": 0.001177072525024414, "reduction": 43.05555555555556, "validation": {"accuracy": 25.694444444444443}, "test": {"accuracy": 18.75}}, "0.7": {"time": 0.0011131763458251953, "reduction": 55.55555555555556, "validation": {"accuracy": 29.86111111111111}, "test": {"accuracy": 25.0}}, "0.8": {"time": 0.0009560585021972656, "reduction": 68.75, "validation": {"accuracy": 31.25}, "test": {"accuracy": 25.0}}, "0.9": {"time": 0.0009157657623291016, "reduction": 84.72222222222221, "validation": {"accuracy": 38.19444444444444}, "test": {"accuracy": 62.5}}, "1.0": {"time": 0.0010840892791748047, "reduction": 90.27777777777779, "validation": {"accuracy": 19.444444444444446}, "test": {"accuracy": 25.0}}}, "4": {"0.0": {"time": 0.001416921615600586, "reduction": 4.1666666666666625, "validation": {"accuracy": 36.80555555555556}, "test": {"accuracy": 31.25}}, "0.1": {"time": 0.0018770694732666016, "reduction": 9.722222222222221, "validation": {"accuracy": 36.11111111111111}, "test": {"accuracy": 31.25}}, "0.2": {"time": 0.0011229515075683594, "reduction": 13.194444444444443, "validation": {"accuracy": 35.41666666666667}, "test": {"accuracy": 25.0}}, "0.3": {"time": 0.0008668899536132812, "reduction": 23.611111111111114, "validation": {"accuracy": 34.72222222222222}, "test": {"accuracy": 25.0}}, "0.4": {"time": 0.0014448165893554688, "reduction": 33.333333333333336, "validation": {"accuracy": 34.02777777777778}, "test": {"accuracy": 31.25}}, "0.5": {"time": 0.0015420913696289062, "reduction": 45.833333333333336, "validation": {"accuracy": 33.33333333333333}, "test": {"accuracy": 18.75}}, "0.6": {"time": 0.0011339187622070312, "reduction": 57.638888888888886, "validation": {"accuracy": 36.11111111111111}, "test": {"accuracy": 43.75}}, "0.7": {"time": 0.000843048095703125, "reduction": 70.13888888888889, "validation": {"accuracy": 35.41666666666667}, "test": {"accuracy": 43.75}}, "0.8": {"time": 0.0009658336639404297, "reduction": 79.86111111111111, "validation": {"accuracy": 35.41666666666667}, "test": {"accuracy": 37.5}}, "0.9": {"time": 0.0007650852203369141, "reduction": 85.41666666666666, "validation": {"accuracy": 29.86111111111111}, "test": {"accuracy": 18.75}}, "1.0": {"time": 0.0007770061492919922, "reduction": 86.80555555555556, "validation": {"accuracy": 29.86111111111111}, "test": {"accuracy": 18.75}}}, "5": {"0.0": {"time": 0.0009868144989013672, "reduction": 2.777777777777779, "validation": {"accuracy": 30.555555555555557}, "test": {"accuracy": 18.75}}, "0.1": {"time": 0.0012030601501464844, "reduction": 6.944444444444442, "validation": {"accuracy": 31.944444444444443}, "test": {"accuracy": 18.75}}, "0.2": {"time": 0.0009608268737792969, "reduction": 11.111111111111116, "validation": {"accuracy": 29.166666666666668}, "test": {"accuracy": 18.75}}, "0.3": {"time": 0.0008869171142578125, "reduction": 13.194444444444443, "validation": {"accuracy": 29.86111111111111}, "test": {"accuracy": 18.75}}, "0.4": {"time": 0.0008380413055419922, "reduction": 16.666666666666664, "validation": {"accuracy": 30.555555555555557}, "test": {"accuracy": 18.75}}, "0.5": {"time": 0.0011289119720458984, "reduction": 21.52777777777778, "validation": {"accuracy": 29.86111111111111}, "test": {"accuracy": 18.75}}, "0.6": {"time": 0.0011892318725585938, "reduction": 31.25, "validation": {"accuracy": 28.47222222222222}, "test": {"accuracy": 25.0}}, "0.7": {"time": 0.0010309219360351562, "reduction": 49.30555555555556, "validation": {"accuracy": 31.944444444444443}, "test": {"accuracy": 31.25}}, "0.8": {"time": 0.0011038780212402344, "reduction": 61.80555555555556, "validation": {"accuracy": 31.25}, "test": {"accuracy": 25.0}}, "0.9": {"time": 0.0010781288146972656, "reduction": 81.25, "validation": {"accuracy": 31.944444444444443}, "test": {"accuracy": 37.5}}, "1.0": {"time": 0.001055002212524414, "reduction": 97.22222222222221, "validation": {"accuracy": 39.58333333333333}, "test": {"accuracy": 25.0}}}, "6": {"0.0": {"time": 0.0011000633239746094, "reduction": 6.25, "validation": {"accuracy": 29.86111111111111}, "test": {"accuracy": 31.25}}, "0.1": {"time": 0.0013210773468017578, "reduction": 11.111111111111116, "validation": {"accuracy": 29.86111111111111}, "test": {"accuracy": 31.25}}, "0.2": {"time": 0.0014181137084960938, "reduction": 14.583333333333337, "validation": {"accuracy": 29.86111111111111}, "test": {"accuracy": 31.25}}, "0.3": {"time": 0.0008759498596191406, "reduction": 25.694444444444443, "validation": {"accuracy": 29.86111111111111}, "test": {"accuracy": 31.25}}, "0.4": {"time": 0.0008020401000976562, "reduction": 34.72222222222222, "validation": {"accuracy": 28.47222222222222}, "test": {"accuracy": 31.25}}, "0.5": {"time": 0.0008509159088134766, "reduction": 47.22222222222222, "validation": {"accuracy": 28.47222222222222}, "test": {"accuracy": 31.25}}, "0.6": {"time": 0.0009160041809082031, "reduction": 61.111111111111114, "validation": {"accuracy": 30.555555555555557}, "test": {"accuracy": 37.5}}, "0.7": {"time": 0.0008301734924316406, "reduction": 70.83333333333333, "validation": {"accuracy": 34.02777777777778}, "test": {"accuracy": 31.25}}, "0.8": {"time": 0.0011241436004638672, "reduction": 77.77777777777779, "validation": {"accuracy": 36.11111111111111}, "test": {"accuracy": 31.25}}, "0.9": {"time": 0.0011699199676513672, "reduction": 85.41666666666666, "validation": {"accuracy": 43.05555555555556}, "test": {"accuracy": 37.5}}, "1.0": {"time": 0.0012731552124023438, "reduction": 88.19444444444444, "validation": {"accuracy": 42.36111111111111}, "test": {"accuracy": 37.5}}}, "7": {"0.0": {"time": 0.0008902549743652344, "reduction": 5.555555555555558, "validation": {"accuracy": 33.33333333333333}, "test": {"accuracy": 43.75}}, "0.1": {"time": 0.0010750293731689453, "reduction": 10.416666666666663, "validation": {"accuracy": 33.33333333333333}, "test": {"accuracy": 43.75}}, "0.2": {"time": 0.001171112060546875, "reduction": 11.805555555555557, "validation": {"accuracy": 33.33333333333333}, "test": {"accuracy": 37.5}}, "0.3": {"time": 0.001477956771850586, "reduction": 18.055555555555557, "validation": {"accuracy": 31.944444444444443}, "test": {"accuracy": 37.5}}, "0.4": {"time": 0.0009241104125976562, "reduction": 29.861111111111114, "validation": {"accuracy": 31.944444444444443}, "test": {"accuracy": 37.5}}, "0.5": {"time": 0.0012402534484863281, "reduction": 38.888888888888886, "validation": {"accuracy": 31.944444444444443}, "test": {"accuracy": 37.5}}, "0.6": {"time": 0.0010058879852294922, "reduction": 45.833333333333336, "validation": {"accuracy": 31.944444444444443}, "test": {"accuracy": 31.25}}, "0.7": {"time": 0.001374959945678711, "reduction": 68.05555555555556, "validation": {"accuracy": 32.63888888888889}, "test": {"accuracy": 18.75}}, "0.8": {"time": 0.001138925552368164, "reduction": 79.86111111111111, "validation": {"accuracy": 36.11111111111111}, "test": {"accuracy": 18.75}}, "0.9": {"time": 0.0009191036224365234, "reduction": 85.41666666666666, "validation": {"accuracy": 30.555555555555557}, "test": {"accuracy": 31.25}}, "1.0": {"time": 0.0007710456848144531,