{"3": {"0.0": {"time": 0.005629062652587891, "reduction": 2.135231316725983, "validation": {"accuracy": 11.921708185053381}, "test": {"accuracy": 17.46031746031746}}, "0.1": {"time": 0.00540614128112793, "reduction": 11.921708185053381, "validation": {"accuracy": 23.131672597864767}, "test": {"accuracy": 19.047619047619047}}, "0.2": {"time": 0.005172014236450195, "reduction": 17.971530249110323, "validation": {"accuracy": 23.487544483985765}, "test": {"accuracy": 22.22222222222222}}, "0.3": {"time": 0.005246877670288086, "reduction": 24.911032028469748, "validation": {"accuracy": 23.487544483985765}, "test": {"accuracy": 22.22222222222222}}, "0.4": {"time": 0.005165815353393555, "reduction": 25.62277580071174, "validation": {"accuracy": 23.487544483985765}, "test": {"accuracy": 22.22222222222222}}, "0.5": {"time": 0.0050220489501953125, "reduction": 35.40925266903915, "validation": {"accuracy": 31.316725978647685}, "test": {"accuracy": 33.33333333333333}}, "0.6": {"time": 0.004892826080322266, "reduction": 46.44128113879004, "validation": {"accuracy": 31.316725978647685}, "test": {"accuracy": 33.33333333333333}}, "0.7": {"time": 0.004957914352416992, "reduction": 46.79715302491103, "validation": {"accuracy": 31.316725978647685}, "test": {"accuracy": 33.33333333333333}}, "0.8": {"time": 0.004868745803833008, "reduction": 57.11743772241993, "validation": {"accuracy": 55.33807829181495}, "test": {"accuracy": 53.96825396825397}}, "0.9": {"time": 0.0047838687896728516, "reduction": 69.9288256227758, "validation": {"accuracy": 46.97508896797153}, "test": {"accuracy": 41.269841269841265}}, "1.0": {"time": 0.004676103591918945, "reduction": 70.10676156583631, "validation": {"accuracy": 46.97508896797153}, "test": {"accuracy": 41.269841269841265}}}, "4": {"0.0": {"time": 0.0055658817291259766, "reduction": 1.9572953736654797, "validation": {"accuracy": 9.9644128113879}, "test": {"accuracy": 22.22222222222222}}, "0.1": {"time": 0.005409955978393555, "reduction": 10.320284697508896, "validation": {"accuracy": 9.9644128113879}, "test": {"accuracy": 23.809523809523807}}, "0.2": {"time": 0.005352973937988281, "reduction": 16.192170818505335, "validation": {"accuracy": 10.320284697508896}, "test": {"accuracy": 26.984126984126984}}, "0.3": {"time": 0.005209922790527344, "reduction": 24.021352313167256, "validation": {"accuracy": 20.462633451957295}, "test": {"accuracy": 36.507936507936506}}, "0.4": {"time": 0.005219936370849609, "reduction": 25.62277580071174, "validation": {"accuracy": 29.359430604982208}, "test": {"accuracy": 34.92063492063492}}, "0.5": {"time": 0.0051572322845458984, "reduction": 33.80782918149466, "validation": {"accuracy": 29.715302491103202}, "test": {"accuracy": 33.33333333333333}}, "0.6": {"time": 0.004977226257324219, "reduction": 44.128113879003564, "validation": {"accuracy": 29.715302491103202}, "test": {"accuracy": 33.33333333333333}}, "0.7": {"time": 0.004873991012573242, "reduction": 54.092526690391466, "validation": {"accuracy": 29.00355871886121}, "test": {"accuracy": 31.746031746031743}}, "0.8": {"time": 0.004792928695678711, "reduction": 54.62633451957295, "validation": {"accuracy": 29.00355871886121}, "test": {"accuracy": 33.33333333333333}}, "0.9": {"time": 0.0046651363372802734, "reduction": 66.90391459074733, "validation": {"accuracy": 33.80782918149466}, "test": {"accuracy": 31.746031746031743}}, "1.0": {"time": 0.0046520233154296875, "reduction": 70.64056939501779, "validation": {"accuracy": 63.879003558718864}, "test": {"accuracy": 55.55555555555556}}}, "5": {"0.0": {"time": 0.005635738372802734, "reduction": 1.4234875444839812, "validation": {"accuracy": 10.676156583629894}, "test": {"accuracy": 19.047619047619047}}, "0.1": {"time": 0.005239009857177734, "reduction": 10.320284697508896, "validation": {"accuracy": 12.099644128113878}, "test": {"accuracy": 20.634920634920633}}, "0.2": {"time": 0.005272865295410156, "reduction": 16.37010676156584, "validation": {"accuracy": 12.277580071174377}, "test": {"accuracy": 22.22222222222222}}, "0.3": {"time": 0.005146026611328125, "reduction": 24.911032028469748, "validation": {"accuracy": 12.277580071174377}, "test": {"accuracy": 22.22222222222222}}, "0.4": {"time": 0.005135059356689453, "reduction": 25.444839857651246, "validation": {"accuracy": 12.277580071174377}, "test": {"accuracy": 22.22222222222222}}, "0.5": {"time": 0.005011081695556641, "reduction": 35.58718861209964, "validation": {"accuracy": 31.494661921708182}, "test": {"accuracy": 31.746031746031743}}, "0.6": {"time": 0.0048749446868896484, "reduction": 46.263345195729535, "validation": {"accuracy": 31.494661921708182}, "test": {"accuracy": 31.746031746031743}}, "0.7": {"time": 0.004891157150268555, "reduction": 46.97508896797154, "validation": {"accuracy": 31.494661921708182}, "test": {"accuracy": 31.746031746031743}}, "0.8": {"time": 0.004749774932861328, "reduction": 58.362989323843415, "validation": {"accuracy": 38.07829181494662}, "test": {"accuracy": 44.44444444444444}}, "0.9": {"time": 0.004631996154785156, "reduction": 70.8185053380783, "validation": {"accuracy": 45.90747330960854}, "test": {"accuracy": 50.79365079365079}}, "1.0": {"time": 0.004550933837890625, "reduction": 70.99644128113879, "validation": {"accuracy": 45.90747330960854}, "test": {"accuracy": 50.79365079365079}}}, "6": {"0.0": {"time": 0.005608797073364258, "reduction": 2.131438721136769, "validation": {"accuracy": 22.912966252220247}, "test": {"accuracy": 30.64516129032258}}, "0.1": {"time": 0.005496025085449219, "reduction": 10.834813499111906, "validation": {"accuracy": 22.912966252220247}, "test": {"accuracy": 32.25806451612903}}, "0.2": {"time": 0.005396127700805664, "reduction": 16.87388987566607, "validation": {"accuracy": 22.912966252220247}, "test": {"accuracy": 33.87096774193548}}, "0.3": {"time": 0.005218029022216797, "reduction": 25.399644760213146, "validation": {"accuracy": 33.214920071047956}, "test": {"accuracy": 40.32258064516129}}, "0.4": {"time": 0.0053958892822265625, "reduction": 27.175843694493786, "validation": {"accuracy": 41.56305506216697}, "test": {"accuracy": 45.16129032258064}}, "0.5": {"time": 0.005132913589477539, "reduction": 35.16873889875666, "validation": {"accuracy": 41.740674955595026}, "test": {"accuracy": 45.16129032258064}}, "0.6": {"time": 0.0049877166748046875, "reduction": 45.11545293072824, "validation": {"accuracy": 41.740674955595026}, "test": {"accuracy": 45.16129032258064}}, "0.7": {"time": 0.005074977874755859, "reduction": 45.64831261101243, "validation": {"accuracy": 41.740674955595026}, "test": {"accuracy": 45.16129032258064}}, "0.8": {"time": 0.00479888916015625, "reduction": 56.838365896980456, "validation": {"accuracy": 41.740674955595026}, "test": {"accuracy": 45.16129032258064}}, "0.9": {"time": 0.004669904708862305, "reduction": 70.33747779751332, "validation": {"accuracy": 45.293072824156305}, "test": {"accuracy": 51.61290322580645}}, "1.0": {"time": 0.00469517707824707, "reduction": 70.69271758436945, "validation": {"accuracy": 45.293072824156305}, "test": {"accuracy": 51.61290322580645}}}, "7": {"0.0": {"time": 0.005645036697387695, "reduction": 1.243339253996445, "validation": {"accuracy": 9.769094138543517}, "test": {"accuracy": 20.967741935483872}}, "0.1": {"time": 0.005456209182739258, "reduction": 9.769094138543522, "validation": {"accuracy": 9.769094138543517}, "test": {"accuracy": 20.967741935483872}}, "0.2": {"time": 0.005322933197021484, "reduction": 15.808170515097686, "validation": {"accuracy": 10.301953818827709}, "test": {"accuracy": 24.193548387096776}}, "0.3": {"time": 0.005223751068115234, "reduction": 22.380106571936054, "validation": {"accuracy": 10.301953818827709}, "test": {"accuracy": 24.193548387096776}}, "0.4": {"time": 0.005254030227661133, "reduction": 24.333925399644762, "validation": {"accuracy": 20.24866785079929}, "test": {"accuracy": 35.483870967741936}}, "0.5": {"time": 0.0051097869873046875, "reduction": 32.50444049733571,