{"3": {"0.0": {"time": 8.83842420578003, "reduction": 28.020361990950228, "validation": {"accuracy": 92.4660633484163}, "test": {"accuracy": 92.76985743380855}}, "0.1": {"time": 8.680689811706543, "reduction": 28.43891402714932, "validation": {"accuracy": 92.4660633484163}, "test": {"accuracy": 92.76985743380855}}, "0.2": {"time": 8.610958099365234, "reduction": 28.925339366515836, "validation": {"accuracy": 92.4660633484163}, "test": {"accuracy": 92.76985743380855}}, "0.3": {"time": 8.240655899047852, "reduction": 32.432126696832576, "validation": {"accuracy": 92.38687782805431}, "test": {"accuracy": 92.4643584521385}}, "0.4": {"time": 7.867701053619385, "reduction": 42.00226244343891, "validation": {"accuracy": 92.3529411764706}, "test": {"accuracy": 92.36252545824847}}, "0.5": {"time": 7.498818874359131, "reduction": 59.4683257918552, "validation": {"accuracy": 33.4841628959276}, "test": {"accuracy": 30.549898167006113}}, "0.6": {"time": 7.056792736053467, "reduction": 78.82352941176471, "validation": {"accuracy": 20.305429864253394}, "test": {"accuracy": 16.191446028513237}}, "0.7": {"time": 6.442911148071289, "reduction": 88.58597285067873, "validation": {"accuracy": 16.165158371040725}, "test": {"accuracy": 12.729124236252545}}, "0.8": {"time": 6.948361158370972, "reduction": 92.3529411764706, "validation": {"accuracy": 15.599547511312217}, "test": {"accuracy": 12.118126272912424}}, "0.9": {"time": 6.610121965408325, "reduction": 93.08823529411765, "validation": {"accuracy": 15.588235294117647}, "test": {"accuracy": 12.118126272912424}}, "1.0": {"time": 6.778828859329224, "reduction": 93.22398190045249, "validation": {"accuracy": 15.588235294117647}, "test": {"accuracy": 12.118126272912424}}}, "4": {"0.0": {"time": 8.609809160232544, "reduction": 17.87330316742082, "validation": {"accuracy": 91.64027149321267}, "test": {"accuracy": 91.95519348268839}}, "0.1": {"time": 8.951578140258789, "reduction": 18.597285067873305, "validation": {"accuracy": 91.6289592760181}, "test": {"accuracy": 91.95519348268839}}, "0.2": {"time": 8.75865387916565, "reduction": 22.51131221719457, "validation": {"accuracy": 91.6289592760181}, "test": {"accuracy": 91.95519348268839}}, "0.3": {"time": 7.975039958953857, "reduction": 36.47058823529412, "validation": {"accuracy": 91.15384615384615}, "test": {"accuracy": 91.34419551934828}}, "0.4": {"time": 7.384923934936523, "reduction": 58.472850678733025, "validation": {"accuracy": 25.1131221719457}, "test": {"accuracy": 25.254582484725052}}, "0.5": {"time": 6.952948093414307, "reduction": 78.1447963800905, "validation": {"accuracy": 17.40950226244344}, "test": {"accuracy": 18.024439918533606}}, "0.6": {"time": 6.359262943267822, "reduction": 87.90723981900453, "validation": {"accuracy": 15.92760180995475}, "test": {"accuracy": 17.10794297352342}}, "0.7": {"time": 6.906273126602173, "reduction": 90.72398190045249, "validation": {"accuracy": 15.92760180995475}, "test": {"accuracy": 17.10794297352342}}, "0.8": {"time": 6.49222207069397, "reduction": 92.40950226244344, "validation": {"accuracy": 15.92760180995475}, "test": {"accuracy": 17.10794297352342}}, "0.9": {"time": 6.8683922290802, "reduction": 93.08823529411765, "validation": {"accuracy": 15.92760180995475}, "test": {"accuracy": 17.10794297352342}}, "1.0": {"time": 6.6001341342926025, "reduction": 93.23529411764706, "validation": {"accuracy": 15.92760180995475}, "test": {"accuracy": 17.10794297352342}}}, "5": {"0.0": {"time": 8.70387887954712, "reduction": 18.981900452488688, "validation": {"accuracy": 91.39140271493213}, "test": {"accuracy": 91.0386965376782}}, "0.1": {"time": 8.84984302520752, "reduction": 19.773755656108595, "validation": {"accuracy": 91.39140271493213}, "test": {"accuracy": 91.0386965376782}}, "0.2": {"time": 8.590957641601562, "reduction": 25.837104072398187, "validation": {"accuracy": 90.58823529411765}, "test": {"accuracy": 90.4276985743381}}, "0.3": {"time": 7.759243965148926, "reduction": 45.7579185520362, "validation": {"accuracy": 89.30995475113123}, "test": {"accuracy": 89.40936863543789}}, "0.4": {"time": 6.657631874084473, "reduction": 70.83710407239818, "validation": {"accuracy": 28.38235294117647}, "test": {"accuracy": 30.95723014256619}}, "0.5": {"time": 6.6962878704071045, "reduction": 84.25339366515837, "validation": {"accuracy": 14.762443438914028}, "test": {"accuracy": 19.144602851323828}}, "0.6": {"time": 6.802726745605469, "reduction": 89.3212669683258, "validation": {"accuracy": 14.2420814479638}, "test": {"accuracy": 18.43177189409369}}, "0.7": {"time": 6.572669267654419, "reduction": 90.61085972850678, "validation": {"accuracy": 14.106334841628959}, "test": {"accuracy": 18.228105906313647}}, "0.8": {"time": 6.81370210647583, "reduction": 92.45475113122173, "validation": {"accuracy": 14.106334841628959}, "test": {"accuracy": 18.228105906313647}}, "0.9": {"time": 6.444072961807251, "reduction": 93.86877828054298, "validation": {"accuracy": 14.106334841628959}, "test": {"accuracy": 18.228105906313647}}, "1.0": {"time": 6.899973154067993, "reduction": 94.19683257918552, "validation": {"accuracy": 14.106334841628959}, "test": {"accuracy": 18.228105906313647}}}, "6": {"0.0": {"time": 7.872765302658081, "reduction": 33.789592760180994, "validation": {"accuracy": 85.91628959276018}, "test": {"accuracy": 80.14256619144604}}, "0.1": {"time": 8.365375995635986, "reduction": 34.18552036199095, "validation": {"accuracy": 85.91628959276018}, "test": {"accuracy": 80.14256619144604}}, "0.2": {"time": 8.196841955184937, "reduction": 34.60407239819004, "validation": {"accuracy": 85.91628959276018}, "test": {"accuracy": 80.14256619144604}}, "0.3": {"time": 8.229928970336914, "reduction": 36.1764705882353, "validation": {"accuracy": 85.91628959276018}, "test": {"accuracy": 80.14256619144604}}, "0.4": {"time": 7.788331985473633, "reduction": 41.92307692307692, "validation": {"accuracy": 85.81447963800905}, "test": {"accuracy": 80.04073319755601}}, "0.5": {"time": 7.205126047134399, "reduction": 53.834841628959275, "validation": {"accuracy": 85.76923076923076}, "test": {"accuracy": 79.93890020366598}}, "0.6": {"time": 6.60076904296875, "reduction": 70.04524886877827, "validation": {"accuracy": 84.92081447963801}, "test": {"accuracy": 79.0224032586558}}, "0.7": {"time": 7.008900165557861, "reduction": 84.25339366515837, "validation": {"accuracy": 81.60633484162896}, "test": {"accuracy": 76.68024439918534}}, "0.8": {"time": 6.440354108810425, "reduction": 91.94570135746606, "validation": {"accuracy": 83.99321266968326}, "test": {"accuracy": 78.61507128309573}}, "0.9": {"time": 6.806579113006592, "reduction": 94.0158371040724, "validation": {"accuracy": 9.400452488687783}, "test": {"accuracy": 8.859470468431772}}, "1.0": {"time": 6.464572906494141, "reduction": 99.97737556561086, "validation": {"accuracy": 5.972850678733032}, "test": {"accuracy": 5.906313645621181}}}, "7": {"0.0": {"time": 8.278962850570679, "reduction": 31.063348416289593, "validation": {"accuracy": 92.76018099547511}, "test": {"accuracy": 92.56619144602851}}, "0.1": {"time": 8.168823957443237, "reduction": 31.88914027149321, "validation": {"accuracy": 92.72624434389141}, "test": {"accuracy": 92.56619144602851}}, "0.2": {"time": 8.102200031280518, "reduction": 33.68778280542987, "validation": {"accuracy": 92.72624434389141}, "test": {"accuracy": 92.56619144602851}}, "0.3": {"time": 8.127567052841187, "reduction": 40.39592760180996, "validation": {"accuracy": 91.18778280542986}, "test": {"accuracy": 91.14052953156822}}, "0.4": {"time": 7.6338951587677, "reduction": 53.63122171945701, "validation": {"accuracy": 91.07466063348416}, "test": {"accuracy": 90.83503054989816}}, "0.5": {"time": 6.843585014343262, "reduction": 69.73981900452489, "validation": {"accuracy": 37.25113122171946}, "test": {"accuracy": 33.5030549898167}}, "0.6": {"time": 6.61979603767395, "reduction": 83.73303167420815, "validation": {"accuracy": 26.368778280542987}, "test": {"accuracy": 22.70875763747454}},