{"3": {"0.0": {"time": 0.007690906524658203, "reduction": 43.41534008683068, "validation": {"accuracy": 69.03039073806077}, "test": {"accuracy": 54.54545454545454}}, "0.1": {"time": 0.009068012237548828, "reduction": 44.428364688856725, "validation": {"accuracy": 69.17510853835022}, "test": {"accuracy": 51.94805194805194}}, "0.2": {"time": 0.007380962371826172, "reduction": 46.02026049204052, "validation": {"accuracy": 66.42547033285095}, "test": {"accuracy": 45.45454545454545}}, "0.3": {"time": 0.01216888427734375, "reduction": 49.92764109985528, "validation": {"accuracy": 66.13603473227207}, "test": {"accuracy": 42.857142857142854}}, "0.4": {"time": 0.007421255111694336, "reduction": 57.16353111432706, "validation": {"accuracy": 66.13603473227207}, "test": {"accuracy": 44.15584415584416}}, "0.5": {"time": 0.00826406478881836, "reduction": 68.59623733719246, "validation": {"accuracy": 66.71490593342982}, "test": {"accuracy": 41.55844155844156}}, "0.6": {"time": 0.007067203521728516, "reduction": 79.73950795947901, "validation": {"accuracy": 66.13603473227207}, "test": {"accuracy": 44.15584415584416}}, "0.7": {"time": 0.006847858428955078, "reduction": 86.97539797395079, "validation": {"accuracy": 39.507959479015916}, "test": {"accuracy": 33.76623376623377}}, "0.8": {"time": 0.0069599151611328125, "reduction": 93.34298118668596, "validation": {"accuracy": 39.94211287988423}, "test": {"accuracy": 35.064935064935064}}, "0.9": {"time": 0.00909280776977539, "reduction": 98.26338639652677, "validation": {"accuracy": 34.87698986975398}, "test": {"accuracy": 35.064935064935064}}, "1.0": {"time": 0.006940126419067383, "reduction": 99.71056439942113, "validation": {"accuracy": 34.87698986975398}, "test": {"accuracy": 35.064935064935064}}}, "4": {"0.0": {"time": 0.007871150970458984, "reduction": 47.467438494934875, "validation": {"accuracy": 65.99131693198264}, "test": {"accuracy": 63.63636363636363}}, "0.1": {"time": 0.008040904998779297, "reduction": 48.3357452966715, "validation": {"accuracy": 64.97829232995659}, "test": {"accuracy": 41.55844155844156}}, "0.2": {"time": 0.008255958557128906, "reduction": 50.21707670043416, "validation": {"accuracy": 51.230101302460206}, "test": {"accuracy": 29.87012987012987}}, "0.3": {"time": 0.008991241455078125, "reduction": 56.00578871201159, "validation": {"accuracy": 46.164978292329955}, "test": {"accuracy": 36.36363636363637}}, "0.4": {"time": 0.0073909759521484375, "reduction": 63.53111432706222, "validation": {"accuracy": 45.151953690303905}, "test": {"accuracy": 36.36363636363637}}, "0.5": {"time": 0.00793910026550293, "reduction": 73.37192474674386, "validation": {"accuracy": 40.37626628075253}, "test": {"accuracy": 36.36363636363637}}, "0.6": {"time": 0.007094144821166992, "reduction": 80.8972503617945, "validation": {"accuracy": 37.77134587554269}, "test": {"accuracy": 36.36363636363637}}, "0.7": {"time": 0.0069811344146728516, "reduction": 89.58031837916064, "validation": {"accuracy": 36.32416787264833}, "test": {"accuracy": 35.064935064935064}}, "0.8": {"time": 0.007031917572021484, "reduction": 95.51374819102749, "validation": {"accuracy": 35.31114327062229}, "test": {"accuracy": 35.064935064935064}}, "0.9": {"time": 0.006960153579711914, "reduction": 98.55282199710564, "validation": {"accuracy": 35.166425470332854}, "test": {"accuracy": 35.064935064935064}}, "1.0": {"time": 0.0077838897705078125, "reduction": 99.71056439942113, "validation": {"accuracy": 34.87698986975398}, "test": {"accuracy": 35.064935064935064}}}, "5": {"0.0": {"time": 0.007607221603393555, "reduction": 46.30969609261939, "validation": {"accuracy": 66.42547033285095}, "test": {"accuracy": 61.038961038961034}}, "0.1": {"time": 0.00759577751159668, "reduction": 47.03328509406657, "validation": {"accuracy": 66.42547033285095}, "test": {"accuracy": 61.038961038961034}}, "0.2": {"time": 0.007707834243774414, "reduction": 48.191027496382056, "validation": {"accuracy": 69.03039073806077}, "test": {"accuracy": 44.15584415584416}}, "0.3": {"time": 0.008032083511352539, "reduction": 50.940665701881336, "validation": {"accuracy": 67.29377713458756}, "test": {"accuracy": 45.45454545454545}}, "0.4": {"time": 0.007916927337646484, "reduction": 57.88712011577424, "validation": {"accuracy": 67.14905933429812}, "test": {"accuracy": 45.45454545454545}}, "0.5": {"time": 0.007212162017822266, "reduction": 65.99131693198264, "validation": {"accuracy": 57.452966714905926}, "test": {"accuracy": 41.55844155844156}}, "0.6": {"time": 0.006824970245361328, "reduction": 76.12156295224312, "validation": {"accuracy": 57.74240231548481}, "test": {"accuracy": 40.25974025974026}}, "0.7": {"time": 0.0067119598388671875, "reduction": 86.10709117221418, "validation": {"accuracy": 50.94066570188133}, "test": {"accuracy": 36.36363636363637}}, "0.8": {"time": 0.006662845611572266, "reduction": 92.61939218523878, "validation": {"accuracy": 48.04630969609262}, "test": {"accuracy": 42.857142857142854}}, "0.9": {"time": 0.006640195846557617, "reduction": 98.26338639652677, "validation": {"accuracy": 45.73082489146165}, "test": {"accuracy": 32.467532467532465}}, "1.0": {"time": 0.0066356658935546875, "reduction": 99.71056439942113, "validation": {"accuracy": 34.87698986975398}, "test": {"accuracy": 33.76623376623377}}}, "6": {"0.0": {"time": 0.008581161499023438, "reduction": 40.37626628075254, "validation": {"accuracy": 65.41244573082489}, "test": {"accuracy": 64.93506493506493}}, "0.1": {"time": 0.007632017135620117, "reduction": 41.82344428364689, "validation": {"accuracy": 64.97829232995659}, "test": {"accuracy": 68.83116883116884}}, "0.2": {"time": 0.007797956466674805, "reduction": 42.98118668596237, "validation": {"accuracy": 65.26772793053546}, "test": {"accuracy": 54.54545454545454}}, "0.3": {"time": 0.007573604583740234, "reduction": 47.32272069464544, "validation": {"accuracy": 63.38639652677279}, "test": {"accuracy": 53.246753246753244}}, "0.4": {"time": 0.0072329044342041016, "reduction": 54.558610709117225, "validation": {"accuracy": 63.24167872648335}, "test": {"accuracy": 48.05194805194805}}, "0.5": {"time": 0.007052183151245117, "reduction": 66.57018813314038, "validation": {"accuracy": 53.2561505065123}, "test": {"accuracy": 48.05194805194805}}, "0.6": {"time": 0.006879091262817383, "reduction": 76.410998552822, "validation": {"accuracy": 46.02026049204052}, "test": {"accuracy": 37.66233766233766}}, "0.7": {"time": 0.006875753402709961, "reduction": 83.93632416787264, "validation": {"accuracy": 46.164978292329955}, "test": {"accuracy": 38.961038961038966}}, "0.8": {"time": 0.0066680908203125, "reduction": 90.15918958031838, "validation": {"accuracy": 38.92908827785818}, "test": {"accuracy": 38.961038961038966}}, "0.9": {"time": 0.006762266159057617, "reduction": 96.09261939218524, "validation": {"accuracy": 35.31114327062229}, "test": {"accuracy": 33.76623376623377}}, "1.0": {"time": 0.0066220760345458984, "reduction": 99.71056439942113, "validation": {"accuracy": 34.87698986975398}, "test": {"accuracy": 35.064935064935064}}}, "7": {"0.0": {"time": 0.008188962936401367, "reduction": 39.797395079594786, "validation": {"accuracy": 62.51808972503618}, "test": {"accuracy": 36.36363636363637}}, "0.1": {"time": 0.007900238037109375, "reduction": 40.66570188133141, "validation": {"accuracy": 45.441389290882775}, "test": {"accuracy": 41.55844155844156}}, "0.2": {"time": 0.007538318634033203, "reduction": 42.98118668596237, "validation": {"accuracy": 43.41534008683068}, "test": {"accuracy": 35.064935064935064}}, "0.3": {"time": 0.007423877716064453, "reduction": 46.888567293777136, "validation": {"accuracy": 43.41534008683068}, "test": {"accuracy": 35.064935064935064}}, "0.4": {"time": 0.007292985916137695, "reduction": 54.12445730824891, "validation": {"accuracy": 35.02170767004342}, "test": {"accuracy": 35.064935064935064}}, "0.5": {"time": 0.007177114486694336, "reduction": 64.39942112879883, "validation": {"accuracy": 35.31114327062229},