{"3": {"0.0": {"time": 1.079035997390747, "reduction": 0.0, "validation": {"accuracy": 21.170782248316353}, "test": {"accuracy": 21.11801242236025}}, "0.1": {"time": 0.9176359176635742, "reduction": 78.41478155758936, "validation": {"accuracy": 21.170782248316353}, "test": {"accuracy": 21.11801242236025}}, "0.2": {"time": 0.913297176361084, "reduction": 78.41478155758936, "validation": {"accuracy": 21.170782248316353}, "test": {"accuracy": 21.11801242236025}}, "0.3": {"time": 0.927088737487793, "reduction": 78.41478155758936, "validation": {"accuracy": 21.170782248316353}, "test": {"accuracy": 21.11801242236025}}, "0.4": {"time": 0.8935563564300537, "reduction": 78.41478155758936, "validation": {"accuracy": 21.170782248316353}, "test": {"accuracy": 21.11801242236025}}, "0.5": {"time": 0.908513069152832, "reduction": 78.41478155758936, "validation": {"accuracy": 21.170782248316353}, "test": {"accuracy": 21.11801242236025}}, "0.6": {"time": 0.858806848526001, "reduction": 78.41478155758936, "validation": {"accuracy": 21.170782248316353}, "test": {"accuracy": 21.11801242236025}}, "0.7": {"time": 0.8576581478118896, "reduction": 78.41478155758936, "validation": {"accuracy": 21.170782248316353}, "test": {"accuracy": 21.11801242236025}}, "0.8": {"time": 0.8827989101409912, "reduction": 78.41478155758936, "validation": {"accuracy": 21.170782248316353}, "test": {"accuracy": 21.11801242236025}}, "0.9": {"time": 0.84403395652771, "reduction": 78.41478155758936, "validation": {"accuracy": 21.170782248316353}, "test": {"accuracy": 21.11801242236025}}, "1.0": {"time": 0.8409767150878906, "reduction": 78.41478155758936, "validation": {"accuracy": 21.170782248316353}, "test": {"accuracy": 21.11801242236025}}}, "4": {"0.0": {"time": 0.9697170257568359, "reduction": 0.0, "validation": {"accuracy": 21.18805042307028}, "test": {"accuracy": 22.51552795031056}}, "0.1": {"time": 0.841052770614624, "reduction": 78.44931790709721, "validation": {"accuracy": 21.20531859782421}, "test": {"accuracy": 21.73913043478261}}, "0.2": {"time": 0.8399178981781006, "reduction": 78.44931790709721, "validation": {"accuracy": 21.20531859782421}, "test": {"accuracy": 21.73913043478261}}, "0.3": {"time": 0.8419599533081055, "reduction": 78.44931790709721, "validation": {"accuracy": 21.20531859782421}, "test": {"accuracy": 21.73913043478261}}, "0.4": {"time": 0.8394191265106201, "reduction": 78.44931790709721, "validation": {"accuracy": 21.20531859782421}, "test": {"accuracy": 21.73913043478261}}, "0.5": {"time": 0.841005802154541, "reduction": 78.44931790709721, "validation": {"accuracy": 21.20531859782421}, "test": {"accuracy": 21.73913043478261}}, "0.6": {"time": 0.8400921821594238, "reduction": 78.44931790709721, "validation": {"accuracy": 21.20531859782421}, "test": {"accuracy": 21.73913043478261}}, "0.7": {"time": 0.8406860828399658, "reduction": 78.44931790709721, "validation": {"accuracy": 21.20531859782421}, "test": {"accuracy": 21.73913043478261}}, "0.8": {"time": 0.8410789966583252, "reduction": 78.44931790709721, "validation": {"accuracy": 21.20531859782421}, "test": {"accuracy": 21.73913043478261}}, "0.9": {"time": 0.8448328971862793, "reduction": 78.44931790709721, "validation": {"accuracy": 21.20531859782421}, "test": {"accuracy": 21.73913043478261}}, "1.0": {"time": 0.8423082828521729, "reduction": 78.44931790709721, "validation": {"accuracy": 21.20531859782421}, "test": {"accuracy": 21.73913043478261}}}, "5": {"0.0": {"time": 0.9567070007324219, "reduction": 0.0, "validation": {"accuracy": 9.73925056121568}, "test": {"accuracy": 10.559006211180124}}, "0.1": {"time": 0.8189468383789062, "reduction": 100, "validation": 0.0, "test": 0.0}, "0.2": {"time": 0.8282990455627441, "reduction": 100, "validation": 0.0, "test": 0.0}, "0.3": {"time": 0.8181047439575195, "reduction": 100, "validation": 0.0, "test": 0.0}, "0.4": {"time": 0.823969841003418, "reduction": 100, "validation": 0.0, "test": 0.0}, "0.5": {"time": 0.8189129829406738, "reduction": 100, "validation": 0.0, "test": 0.0}, "0.6": {"time": 0.8235700130462646, "reduction": 100, "validation": 0.0, "test": 0.0}, "0.7": {"time": 0.830268144607544, "reduction": 100, "validation": 0.0, "test": 0.0}, "0.8": {"time": 0.831474781036377, "reduction": 100, "validation": 0.0, "test": 0.0}, "0.9": {"time": 0.8391821384429932, "reduction": 100, "validation": 0.0, "test": 0.0}, "1.0": {"time": 0.8247232437133789, "reduction": 100, "validation": 0.0, "test": 0.0}}, "6": {"0.0": {"time": 0.9679129123687744, "reduction": 0.0, "validation": {"accuracy": 21.149861878453038}, "test": {"accuracy": 20.06220839813375}}, "0.1": {"time": 0.8635802268981934, "reduction": 78.41850828729282, "validation": {"accuracy": 21.149861878453038}, "test": {"accuracy": 19.906687402799378}}, "0.2": {"time": 0.8521978855133057, "reduction": 78.41850828729282, "validation": {"accuracy": 21.149861878453038}, "test": {"accuracy": 19.906687402799378}}, "0.3": {"time": 0.8513460159301758, "reduction": 78.41850828729282, "validation": {"accuracy": 21.149861878453038}, "test": {"accuracy": 19.906687402799378}}, "0.4": {"time": 0.8530669212341309, "reduction": 78.41850828729282, "validation": {"accuracy": 21.149861878453038}, "test": {"accuracy": 19.906687402799378}}, "0.5": {"time": 0.8518869876861572, "reduction": 78.41850828729282, "validation": {"accuracy": 21.149861878453038}, "test": {"accuracy": 19.906687402799378}}, "0.6": {"time": 0.8487639427185059, "reduction": 78.41850828729282, "validation": {"accuracy": 21.149861878453038}, "test": {"accuracy": 19.906687402799378}}, "0.7": {"time": 0.852046012878418, "reduction": 78.41850828729282, "validation": {"accuracy": 21.149861878453038}, "test": {"accuracy": 19.906687402799378}}, "0.8": {"time": 0.8577020168304443, "reduction": 78.41850828729282, "validation": {"accuracy": 21.149861878453038}, "test": {"accuracy": 19.906687402799378}}, "0.9": {"time": 0.8503968715667725, "reduction": 78.41850828729282, "validation": {"accuracy": 21.149861878453038}, "test": {"accuracy": 19.906687402799378}}, "1.0": {"time": 0.8514697551727295, "reduction": 78.41850828729282, "validation": {"accuracy": 21.149861878453038}, "test": {"accuracy": 19.906687402799378}}}, "7": {"0.0": {"time": 0.9619648456573486, "reduction": 0.0, "validation": {"accuracy": 21.149861878453038}, "test": {"accuracy": 20.37325038880249}}, "0.1": {"time": 0.8455822467803955, "reduction": 78.45303867403315, "validation": {"accuracy": 21.149861878453038}, "test": {"accuracy": 19.906687402799378}}, "0.2": {"time": 0.8468248844146729, "reduction": 78.45303867403315, "validation": {"accuracy": 21.149861878453038}, "test": {"accuracy": 19.906687402799378}}, "0.3": {"time": 0.8436739444732666, "reduction": 78.45303867403315, "validation": {"accuracy": 21.149861878453038}, "test": {"accuracy": 19.906687402799378}}, "0.4": {"time": 0.8416821956634521, "reduction": 78.45303867403315, "validation": {"accuracy": 21.149861878453038}, "test": {"accuracy": 19.906687402799378}}, "0.5": {"time": 0.8424010276794434, "reduction": 78.45303867403315, "validation": {"accuracy": 21.149861878453038}, "test": {"accuracy": 19.906687402799378}}, "0.6": {"time": 0.8426458835601807, "reduction": 78.45303867403315, "validation": {"accuracy": 21.149861878453038}, "test": {"accuracy": 19.906687402799378}}, "0.7": {"time": 0.8432998657226562, "reduction": 78.45303867403315, "validation": {"accuracy": 21.149861878453038}, "test": {"accuracy": 19.906687402799378}}, "0.8": {"time": 0.8428380489349365, "reduction": 78.45303867403315, "validation": {"accuracy": 21.149861878453038}, "test": {"accuracy": 19.906687402799378}}, "0.9": {"time": 0.8419339656829834, "reduction": 78.45303867403315, "validation": {"accuracy": 21.149861878453038}, "test": {"accuracy": 19.906687402799378}}, "1.0": {"time": 0.8479032516479492, "reduction": 78.45303867403315, "validation": {"accuracy": 21.149861878453038}, "test": {"accuracy": 19.906687402799378}}}, "8": {"0.0": {"time": 0.9590017795562744, "reduction": 0.0,