{"3": {"0.0": {"time": 0.05230116844177246, "reduction": 21.056289089645585, "validation": {"accuracy": 42.46004169562196}, "test": {"accuracy": 40.0}}, "0.1": {"time": 0.0447850227355957, "reduction": 23.488533703961078, "validation": {"accuracy": 42.46004169562196}, "test": {"accuracy": 40.0}}, "0.2": {"time": 0.0428159236907959, "reduction": 30.64628214037526, "validation": {"accuracy": 42.18207088255733}, "test": {"accuracy": 41.25}}, "0.3": {"time": 0.04064297676086426, "reduction": 41.00069492703267, "validation": {"accuracy": 42.04308547602501}, "test": {"accuracy": 42.5}}, "0.4": {"time": 0.04563093185424805, "reduction": 49.617790132036134, "validation": {"accuracy": 39.888811674774146}, "test": {"accuracy": 39.375}}, "0.5": {"time": 0.03904390335083008, "reduction": 55.59416261292564, "validation": {"accuracy": 39.888811674774146}, "test": {"accuracy": 39.375}}, "0.6": {"time": 0.03958916664123535, "reduction": 62.33495482974287, "validation": {"accuracy": 39.819318971508}, "test": {"accuracy": 39.375}}, "0.7": {"time": 0.038099050521850586, "reduction": 70.88255733148019, "validation": {"accuracy": 39.74982626824183}, "test": {"accuracy": 39.375}}, "0.8": {"time": 0.038704872131347656, "reduction": 81.65392633773453, "validation": {"accuracy": 39.19388464211258}, "test": {"accuracy": 39.375}}, "0.9": {"time": 0.03658604621887207, "reduction": 91.86935371785962, "validation": {"accuracy": 39.819318971508}, "test": {"accuracy": 40.0}}, "1.0": {"time": 0.037981271743774414, "reduction": 99.58304378040306, "validation": {"accuracy": 39.819318971508}, "test": {"accuracy": 40.0}}}, "4": {"0.0": {"time": 0.046057939529418945, "reduction": 20.15288394718554, "validation": {"accuracy": 39.888811674774146}, "test": {"accuracy": 41.25}}, "0.1": {"time": 0.04569816589355469, "reduction": 23.488533703961078, "validation": {"accuracy": 39.40236275191105}, "test": {"accuracy": 41.25}}, "0.2": {"time": 0.041877031326293945, "reduction": 30.71577484364142, "validation": {"accuracy": 39.40236275191105}, "test": {"accuracy": 41.25}}, "0.3": {"time": 0.04006195068359375, "reduction": 41.139680333564975, "validation": {"accuracy": 40.16678248783877}, "test": {"accuracy": 40.625}}, "0.4": {"time": 0.0408477783203125, "reduction": 49.617790132036134, "validation": {"accuracy": 39.9583043780403}, "test": {"accuracy": 40.0}}, "0.5": {"time": 0.03949427604675293, "reduction": 56.84503127171647, "validation": {"accuracy": 39.74982626824183}, "test": {"accuracy": 40.0}}, "0.6": {"time": 0.039063215255737305, "reduction": 65.94857539958305, "validation": {"accuracy": 39.74982626824183}, "test": {"accuracy": 40.0}}, "0.7": {"time": 0.04091811180114746, "reduction": 74.49617790132037, "validation": {"accuracy": 39.74982626824183}, "test": {"accuracy": 40.0}}, "0.8": {"time": 0.03685617446899414, "reduction": 85.19805420430855, "validation": {"accuracy": 39.888811674774146}, "test": {"accuracy": 40.0}}, "0.9": {"time": 0.036351919174194336, "reduction": 94.37109103544128, "validation": {"accuracy": 39.888811674774146}, "test": {"accuracy": 40.0}}, "1.0": {"time": 0.03735494613647461, "reduction": 99.58304378040306, "validation": {"accuracy": 39.819318971508}, "test": {"accuracy": 40.0}}}, "5": {"0.0": {"time": 0.04365992546081543, "reduction": 21.056289089645585, "validation": {"accuracy": 38.56845031271717}, "test": {"accuracy": 40.0}}, "0.1": {"time": 0.04456925392150879, "reduction": 23.002084781097988, "validation": {"accuracy": 38.56845031271717}, "test": {"accuracy": 39.375}}, "0.2": {"time": 0.04276871681213379, "reduction": 29.742876997915225, "validation": {"accuracy": 39.680333564975676}, "test": {"accuracy": 39.375}}, "0.3": {"time": 0.04184889793395996, "reduction": 37.94301598332175, "validation": {"accuracy": 39.680333564975676}, "test": {"accuracy": 39.375}}, "0.4": {"time": 0.04087400436401367, "reduction": 46.69909659485754, "validation": {"accuracy": 39.888811674774146}, "test": {"accuracy": 40.0}}, "0.5": {"time": 0.03799080848693848, "reduction": 53.85684503127172, "validation": {"accuracy": 39.888811674774146}, "test": {"accuracy": 40.0}}, "0.6": {"time": 0.039022207260131836, "reduction": 62.612925642807504, "validation": {"accuracy": 39.888811674774146}, "test": {"accuracy": 40.0}}, "0.7": {"time": 0.03880190849304199, "reduction": 71.71646977067408, "validation": {"accuracy": 39.888811674774146}, "test": {"accuracy": 40.0}}, "0.8": {"time": 0.039093017578125, "reduction": 81.09798471160528, "validation": {"accuracy": 39.888811674774146}, "test": {"accuracy": 40.0}}, "0.9": {"time": 0.03712296485900879, "reduction": 92.00833912439194, "validation": {"accuracy": 39.888811674774146}, "test": {"accuracy": 40.0}}, "1.0": {"time": 0.037403106689453125, "reduction": 99.58304378040306, "validation": {"accuracy": 39.888811674774146}, "test": {"accuracy": 40.0}}}, "6": {"0.0": {"time": 0.044644832611083984, "reduction": 20.847810979847115, "validation": {"accuracy": 39.54134815844336}, "test": {"accuracy": 36.875}}, "0.1": {"time": 0.043621063232421875, "reduction": 23.55802640722724, "validation": {"accuracy": 39.54134815844336}, "test": {"accuracy": 37.5}}, "0.2": {"time": 0.04412698745727539, "reduction": 30.99374565670605, "validation": {"accuracy": 40.44475330090341}, "test": {"accuracy": 38.125}}, "0.3": {"time": 0.040846824645996094, "reduction": 40.58373870743572, "validation": {"accuracy": 39.74982626824183}, "test": {"accuracy": 40.625}}, "0.4": {"time": 0.04075884819030762, "reduction": 49.68728283530229, "validation": {"accuracy": 39.74982626824183}, "test": {"accuracy": 40.625}}, "0.5": {"time": 0.039174795150756836, "reduction": 55.73314801945796, "validation": {"accuracy": 39.74982626824183}, "test": {"accuracy": 40.625}}, "0.6": {"time": 0.03847694396972656, "reduction": 64.62821403752605, "validation": {"accuracy": 39.819318971508}, "test": {"accuracy": 40.0}}, "0.7": {"time": 0.038958072662353516, "reduction": 72.89784572619875, "validation": {"accuracy": 39.819318971508}, "test": {"accuracy": 40.0}}, "0.8": {"time": 0.03677201271057129, "reduction": 85.19805420430855, "validation": {"accuracy": 39.819318971508}, "test": {"accuracy": 40.0}}, "0.9": {"time": 0.03771400451660156, "reduction": 94.5100764419736, "validation": {"accuracy": 39.888811674774146}, "test": {"accuracy": 40.0}}, "1.0": {"time": 0.03772592544555664, "reduction": 99.58304378040306, "validation": {"accuracy": 37.73453787352328}, "test": {"accuracy": 35.0}}}, "7": {"0.0": {"time": 0.04658818244934082, "reduction": 20.36136205698401, "validation": {"accuracy": 38.56845031271717}, "test": {"accuracy": 37.5}}, "0.1": {"time": 0.0432429313659668, "reduction": 23.6275191104934, "validation": {"accuracy": 38.56845031271717}, "test": {"accuracy": 37.5}}, "0.2": {"time": 0.04270815849304199, "reduction": 31.758165392633774, "validation": {"accuracy": 39.19388464211258}, "test": {"accuracy": 39.375}}, "0.3": {"time": 0.0423579216003418, "reduction": 41.139680333564975, "validation": {"accuracy": 39.12439193884642}, "test": {"accuracy": 37.5}}, "0.4": {"time": 0.039214134216308594, "reduction": 50.52119527449618, "validation": {"accuracy": 39.819318971508}, "test": {"accuracy": 40.0}}, "0.5": {"time": 0.03950190544128418, "reduction": 56.984016678248786, "validation": {"accuracy": 39.819318971508}, "test": {"accuracy": 40.0}}, "0.6": {"time": 0.038925886154174805, "reduction": 64.62821403752605, "validation": {"accuracy": 39.819318971508}, "test": {"accuracy": 40.0}}, "0.7": {"time": 0.03848910331726074, "reduction": 71.43849895760945, "validation": {"accuracy": 39.819318971508}, "test": {"accuracy": 40.0}}, "0.8": {"time": 0.03934597969055176, "reduction": 82.76580958999304, "validation": {"accuracy": 39.888811674774146}, "test": {"accuracy": 40.0}}, "0.9": {"time": 0.03845620155334473, "reduction": 93.18971507991661, "validation": {"accuracy": 39.888811674774146}, "test": {"accuracy": 40.0}}, "1.0": {"time": 0.036312103271484375, "reduction": 99.58304378040306,