{"3": {"0.0": {"time": 0.0011081695556640625, "reduction": 76.84210526315789, "validation": {"accuracy": 75.78947368421053}, "test": {"accuracy": 81.81818181818183}}, "0.1": {"time": 0.0009222030639648438, "reduction": 80.0, "validation": {"accuracy": 75.78947368421053}, "test": {"accuracy": 81.81818181818183}}, "0.2": {"time": 0.0008387565612792969, "reduction": 82.10526315789474, "validation": {"accuracy": 75.78947368421053}, "test": {"accuracy": 81.81818181818183}}, "0.3": {"time": 0.0009646415710449219, "reduction": 85.26315789473684, "validation": {"accuracy": 83.15789473684211}, "test": {"accuracy": 81.81818181818183}}, "0.4": {"time": 0.0008943080902099609, "reduction": 91.57894736842105, "validation": {"accuracy": 82.10526315789474}, "test": {"accuracy": 81.81818181818183}}, "0.5": {"time": 0.0011038780212402344, "reduction": 92.63157894736842, "validation": {"accuracy": 82.10526315789474}, "test": {"accuracy": 81.81818181818183}}, "0.6": {"time": 0.0013191699981689453, "reduction": 95.78947368421052, "validation": {"accuracy": 88.42105263157895}, "test": {"accuracy": 81.81818181818183}}, "0.7": {"time": 0.0011410713195800781, "reduction": 95.78947368421052, "validation": {"accuracy": 88.42105263157895}, "test": {"accuracy": 81.81818181818183}}, "0.8": {"time": 0.0008029937744140625, "reduction": 96.84210526315789, "validation": {"accuracy": 88.42105263157895}, "test": {"accuracy": 81.81818181818183}}, "0.9": {"time": 0.0007767677307128906, "reduction": 97.89473684210527, "validation": {"accuracy": 92.63157894736842}, "test": {"accuracy": 81.81818181818183}}, "1.0": {"time": 0.001196146011352539, "reduction": 97.89473684210527, "validation": {"accuracy": 92.63157894736842}, "test": {"accuracy": 81.81818181818183}}}, "4": {"0.0": {"time": 0.0009112358093261719, "reduction": 77.89473684210526, "validation": {"accuracy": 78.94736842105263}, "test": {"accuracy": 90.9090909090909}}, "0.1": {"time": 0.0008199214935302734, "reduction": 78.94736842105263, "validation": {"accuracy": 78.94736842105263}, "test": {"accuracy": 90.9090909090909}}, "0.2": {"time": 0.0008080005645751953, "reduction": 82.10526315789474, "validation": {"accuracy": 78.94736842105263}, "test": {"accuracy": 90.9090909090909}}, "0.3": {"time": 0.0009169578552246094, "reduction": 83.15789473684211, "validation": {"accuracy": 78.94736842105263}, "test": {"accuracy": 90.9090909090909}}, "0.4": {"time": 0.0008027553558349609, "reduction": 87.36842105263159, "validation": {"accuracy": 91.57894736842105}, "test": {"accuracy": 81.81818181818183}}, "0.5": {"time": 0.0008530616760253906, "reduction": 90.52631578947368, "validation": {"accuracy": 90.52631578947368}, "test": {"accuracy": 81.81818181818183}}, "0.6": {"time": 0.0009763240814208984, "reduction": 92.63157894736842, "validation": {"accuracy": 89.47368421052632}, "test": {"accuracy": 81.81818181818183}}, "0.7": {"time": 0.0018508434295654297, "reduction": 95.78947368421052, "validation": {"accuracy": 84.21052631578947}, "test": {"accuracy": 81.81818181818183}}, "0.8": {"time": 0.001458883285522461, "reduction": 96.84210526315789, "validation": {"accuracy": 84.21052631578947}, "test": {"accuracy": 81.81818181818183}}, "0.9": {"time": 0.0022301673889160156, "reduction": 97.89473684210527, "validation": {"accuracy": 84.21052631578947}, "test": {"accuracy": 81.81818181818183}}, "1.0": {"time": 0.002295255661010742, "reduction": 97.89473684210527, "validation": {"accuracy": 84.21052631578947}, "test": {"accuracy": 81.81818181818183}}}, "5": {"0.0": {"time": 0.0018150806427001953, "reduction": 81.05263157894737, "validation": {"accuracy": 47.368421052631575}, "test": {"accuracy": 81.81818181818183}}, "0.1": {"time": 0.0009398460388183594, "reduction": 85.26315789473684, "validation": {"accuracy": 47.368421052631575}, "test": {"accuracy": 81.81818181818183}}, "0.2": {"time": 0.0010280609130859375, "reduction": 86.31578947368422, "validation": {"accuracy": 47.368421052631575}, "test": {"accuracy": 81.81818181818183}}, "0.3": {"time": 0.0010409355163574219, "reduction": 89.47368421052632, "validation": {"accuracy": 72.63157894736842}, "test": {"accuracy": 81.81818181818183}}, "0.4": {"time": 0.0011320114135742188, "reduction": 92.63157894736842, "validation": {"accuracy": 75.78947368421053}, "test": {"accuracy": 81.81818181818183}}, "0.5": {"time": 0.0018339157104492188, "reduction": 96.84210526315789, "validation": {"accuracy": 92.63157894736842}, "test": {"accuracy": 81.81818181818183}}, "0.6": {"time": 0.0007727146148681641, "reduction": 97.89473684210527, "validation": {"accuracy": 92.63157894736842}, "test": {"accuracy": 81.81818181818183}}, "0.7": {"time": 0.0006887912750244141, "reduction": 97.89473684210527, "validation": {"accuracy": 92.63157894736842}, "test": {"accuracy": 81.81818181818183}}, "0.8": {"time": 0.0009870529174804688, "reduction": 97.89473684210527, "validation": {"accuracy": 92.63157894736842}, "test": {"accuracy": 81.81818181818183}}, "0.9": {"time": 0.0009102821350097656, "reduction": 97.89473684210527, "validation": {"accuracy": 92.63157894736842}, "test": {"accuracy": 81.81818181818183}}, "1.0": {"time": 0.0010809898376464844, "reduction": 97.89473684210527, "validation": {"accuracy": 92.63157894736842}, "test": {"accuracy": 81.81818181818183}}}, "6": {"0.0": {"time": 0.0012960433959960938, "reduction": 82.10526315789474, "validation": {"accuracy": 26.31578947368421}, "test": {"accuracy": 72.72727272727273}}, "0.1": {"time": 0.0008289813995361328, "reduction": 85.26315789473684, "validation": {"accuracy": 26.31578947368421}, "test": {"accuracy": 72.72727272727273}}, "0.2": {"time": 0.0011949539184570312, "reduction": 86.31578947368422, "validation": {"accuracy": 26.31578947368421}, "test": {"accuracy": 72.72727272727273}}, "0.3": {"time": 0.0009160041809082031, "reduction": 87.36842105263159, "validation": {"accuracy": 26.31578947368421}, "test": {"accuracy": 72.72727272727273}}, "0.4": {"time": 0.0010402202606201172, "reduction": 89.47368421052632, "validation": {"accuracy": 82.10526315789474}, "test": {"accuracy": 81.81818181818183}}, "0.5": {"time": 0.0008547306060791016, "reduction": 91.57894736842105, "validation": {"accuracy": 81.05263157894737}, "test": {"accuracy": 81.81818181818183}}, "0.6": {"time": 0.0007801055908203125, "reduction": 94.73684210526316, "validation": {"accuracy": 81.05263157894737}, "test": {"accuracy": 81.81818181818183}}, "0.7": {"time": 0.001123189926147461, "reduction": 96.84210526315789, "validation": {"accuracy": 81.05263157894737}, "test": {"accuracy": 81.81818181818183}}, "0.8": {"time": 0.0009279251098632812, "reduction": 97.89473684210527, "validation": {"accuracy": 78.94736842105263}, "test": {"accuracy": 81.81818181818183}}, "0.9": {"time": 0.0010559558868408203, "reduction": 97.89473684210527, "validation": {"accuracy": 78.94736842105263}, "test": {"accuracy": 81.81818181818183}}, "1.0": {"time": 0.0007727146148681641, "reduction": 97.89473684210527, "validation": {"accuracy": 78.94736842105263}, "test": {"accuracy": 81.81818181818183}}}, "7": {"0.0": {"time": 0.0011272430419921875, "reduction": 85.41666666666666, "validation": {"accuracy": 32.29166666666667}, "test": {"accuracy": 100.0}}, "0.1": {"time": 0.0009191036224365234, "reduction": 88.54166666666666, "validation": {"accuracy": 32.29166666666667}, "test": {"accuracy": 100.0}}, "0.2": {"time": 0.0010380744934082031, "reduction": 88.54166666666666, "validation": {"accuracy": 32.29166666666667}, "test": {"accuracy": 100.0}}, "0.3": {"time": 0.0007140636444091797, "reduction": 90.625, "validation": {"accuracy": 32.29166666666667}, "test": {"accuracy": 100.0}}, "0.4": {"time": 0.0008902549743652344, "reduction": 93.75, "validation": {"accuracy": 79.16666666666666}, "test": {"accuracy": 90.0}}, "0.5": {"time": 0.0009069442749023438, "reduction": 94.79166666666666, "validation": {"accuracy": 79.16666666666666}, "test": {"accuracy": 90.0}}, "0.6": {"time": 0.0009918212890625, "reduction": 94.79166666666666,