{"3": {"0.0": {"time": 0.005221128463745117, "reduction": 1.6014234875444844, "validation": {"accuracy": 22.597864768683273}, "test": {"accuracy": 22.22222222222222}}, "0.1": {"time": 0.005609989166259766, "reduction": 9.608540925266906, "validation": {"accuracy": 22.419928825622776}, "test": {"accuracy": 23.809523809523807}}, "0.2": {"time": 0.005334138870239258, "reduction": 15.480427046263346, "validation": {"accuracy": 22.597864768683273}, "test": {"accuracy": 26.984126984126984}}, "0.3": {"time": 0.0056531429290771484, "reduction": 22.597864768683273, "validation": {"accuracy": 22.597864768683273}, "test": {"accuracy": 26.984126984126984}}, "0.4": {"time": 0.005268096923828125, "reduction": 23.13167259786477, "validation": {"accuracy": 22.597864768683273}, "test": {"accuracy": 26.984126984126984}}, "0.5": {"time": 0.0053730010986328125, "reduction": 32.562277580071175, "validation": {"accuracy": 33.096085409252666}, "test": {"accuracy": 38.095238095238095}}, "0.6": {"time": 0.0048980712890625, "reduction": 42.88256227758007, "validation": {"accuracy": 33.096085409252666}, "test": {"accuracy": 38.095238095238095}}, "0.7": {"time": 0.005558013916015625, "reduction": 46.44128113879004, "validation": {"accuracy": 42.88256227758007}, "test": {"accuracy": 41.269841269841265}}, "0.8": {"time": 0.004887819290161133, "reduction": 57.11743772241993, "validation": {"accuracy": 38.256227758007114}, "test": {"accuracy": 39.682539682539684}}, "0.9": {"time": 0.004237651824951172, "reduction": 70.10676156583631, "validation": {"accuracy": 46.79715302491103}, "test": {"accuracy": 39.682539682539684}}, "1.0": {"time": 0.00445103645324707, "reduction": 70.10676156583631, "validation": {"accuracy": 46.79715302491103}, "test": {"accuracy": 39.682539682539684}}}, "4": {"0.0": {"time": 0.006255149841308594, "reduction": 1.7793594306049876, "validation": {"accuracy": 18.683274021352315}, "test": {"accuracy": 31.746031746031743}}, "0.1": {"time": 0.005268096923828125, "reduction": 10.320284697508896, "validation": {"accuracy": 18.683274021352315}, "test": {"accuracy": 33.33333333333333}}, "0.2": {"time": 0.0049419403076171875, "reduction": 16.192170818505335, "validation": {"accuracy": 19.03914590747331}, "test": {"accuracy": 34.92063492063492}}, "0.3": {"time": 0.00509190559387207, "reduction": 24.021352313167256, "validation": {"accuracy": 29.8932384341637}, "test": {"accuracy": 34.92063492063492}}, "0.4": {"time": 0.005383968353271484, "reduction": 24.733096085409258, "validation": {"accuracy": 29.8932384341637}, "test": {"accuracy": 34.92063492063492}}, "0.5": {"time": 0.006094694137573242, "reduction": 32.91814946619217, "validation": {"accuracy": 29.715302491103202}, "test": {"accuracy": 36.507936507936506}}, "0.6": {"time": 0.005427837371826172, "reduction": 44.306049822064054, "validation": {"accuracy": 29.715302491103202}, "test": {"accuracy": 36.507936507936506}}, "0.7": {"time": 0.005739927291870117, "reduction": 44.83985765124555, "validation": {"accuracy": 29.715302491103202}, "test": {"accuracy": 36.507936507936506}}, "0.8": {"time": 0.00634002685546875, "reduction": 56.22775800711744, "validation": {"accuracy": 28.291814946619215}, "test": {"accuracy": 38.095238095238095}}, "0.9": {"time": 0.0044782161712646484, "reduction": 69.03914590747331, "validation": {"accuracy": 33.629893238434164}, "test": {"accuracy": 30.158730158730158}}, "1.0": {"time": 0.004426002502441406, "reduction": 72.59786476868328, "validation": {"accuracy": 64.05693950177937}, "test": {"accuracy": 57.14285714285714}}}, "5": {"0.0": {"time": 0.005783796310424805, "reduction": 1.9572953736654797, "validation": {"accuracy": 10.498220640569395}, "test": {"accuracy": 25.396825396825395}}, "0.1": {"time": 0.00590205192565918, "reduction": 9.786476868327398, "validation": {"accuracy": 10.498220640569395}, "test": {"accuracy": 26.984126984126984}}, "0.2": {"time": 0.0048902034759521484, "reduction": 16.192170818505335, "validation": {"accuracy": 10.498220640569395}, "test": {"accuracy": 28.57142857142857}}, "0.3": {"time": 0.00580286979675293, "reduction": 24.199288256227756, "validation": {"accuracy": 20.462633451957295}, "test": {"accuracy": 38.095238095238095}}, "0.4": {"time": 0.005551815032958984, "reduction": 25.800711743772244, "validation": {"accuracy": 29.00355871886121}, "test": {"accuracy": 42.857142857142854}}, "0.5": {"time": 0.005051851272583008, "reduction": 33.629893238434164, "validation": {"accuracy": 29.181494661921707}, "test": {"accuracy": 41.269841269841265}}, "0.6": {"time": 0.005707979202270508, "reduction": 43.95017793594306, "validation": {"accuracy": 29.181494661921707}, "test": {"accuracy": 41.269841269841265}}, "0.7": {"time": 0.005192756652832031, "reduction": 44.306049822064054, "validation": {"accuracy": 29.181494661921707}, "test": {"accuracy": 41.269841269841265}}, "0.8": {"time": 0.004862070083618164, "reduction": 55.51601423487544, "validation": {"accuracy": 21.88612099644128}, "test": {"accuracy": 30.158730158730158}}, "0.9": {"time": 0.004384040832519531, "reduction": 68.68327402135232, "validation": {"accuracy": 33.80782918149466}, "test": {"accuracy": 41.269841269841265}}, "1.0": {"time": 0.0051670074462890625, "reduction": 70.8185053380783, "validation": {"accuracy": 64.23487544483986}, "test": {"accuracy": 57.14285714285714}}}, "6": {"0.0": {"time": 0.0056612491607666016, "reduction": 1.243339253996445, "validation": {"accuracy": 11.012433392539965}, "test": {"accuracy": 16.129032258064516}}, "0.1": {"time": 0.0055789947509765625, "reduction": 10.124333925399643, "validation": {"accuracy": 11.012433392539965}, "test": {"accuracy": 16.129032258064516}}, "0.2": {"time": 0.004954814910888672, "reduction": 17.939609236234453, "validation": {"accuracy": 21.49200710479574}, "test": {"accuracy": 30.64516129032258}}, "0.3": {"time": 0.004866838455200195, "reduction": 24.689165186500883, "validation": {"accuracy": 21.49200710479574}, "test": {"accuracy": 30.64516129032258}}, "0.4": {"time": 0.00548100471496582, "reduction": 26.642984014209592, "validation": {"accuracy": 30.550621669627}, "test": {"accuracy": 32.25806451612903}}, "0.5": {"time": 0.0054509639739990234, "reduction": 34.28063943161634, "validation": {"accuracy": 30.373001776198933}, "test": {"accuracy": 30.64516129032258}}, "0.6": {"time": 0.005080223083496094, "reduction": 44.93783303730018, "validation": {"accuracy": 30.373001776198933}, "test": {"accuracy": 30.64516129032258}}, "0.7": {"time": 0.00626683235168457, "reduction": 45.47069271758437, "validation": {"accuracy": 30.373001776198933}, "test": {"accuracy": 30.64516129032258}}, "0.8": {"time": 0.005703926086425781, "reduction": 56.30550621669628, "validation": {"accuracy": 34.63587921847247}, "test": {"accuracy": 40.32258064516129}}, "0.9": {"time": 0.004508018493652344, "reduction": 69.9822380106572, "validation": {"accuracy": 45.825932504440495}, "test": {"accuracy": 54.83870967741935}}, "1.0": {"time": 0.0046198368072509766, "reduction": 71.75843694493783, "validation": {"accuracy": 63.94316163410302}, "test": {"accuracy": 66.12903225806451}}}, "7": {"0.0": {"time": 0.006145000457763672, "reduction": 1.9538188277087087, "validation": {"accuracy": 10.657193605683837}, "test": {"accuracy": 19.35483870967742}}, "0.1": {"time": 0.0052337646484375, "reduction": 11.012433392539966, "validation": {"accuracy": 10.657193605683837}, "test": {"accuracy": 22.58064516129032}}, "0.2": {"time": 0.004923105239868164, "reduction": 17.051509769094142, "validation": {"accuracy": 11.012433392539965}, "test": {"accuracy": 25.806451612903224}}, "0.3": {"time": 0.005112886428833008, "reduction": 25.57726465364121, "validation": {"accuracy": 21.314387211367674}, "test": {"accuracy": 32.25806451612903}}, "0.4": {"time": 0.004790067672729492, "reduction": 26.1101243339254, "validation": {"accuracy": 21.314387211367674}, "test": {"accuracy": 32.25806451612903}}, "0.5": {"time": 0.005851030349731445, "reduction": 35.16873889875666,