{"3": {"0.0": {"time": 0.0015082359313964844, "reduction": 0.0, "validation": {"accuracy": 56.37860082304527}, "test": {"accuracy": 62.96296296296296}}, "0.1": {"time": 0.0018928050994873047, "reduction": 0.8230452674897082, "validation": {"accuracy": 56.37860082304527}, "test": {"accuracy": 55.55555555555556}}, "0.2": {"time": 0.001725912094116211, "reduction": 1.2345679012345734, "validation": {"accuracy": 56.37860082304527}, "test": {"accuracy": 55.55555555555556}}, "0.3": {"time": 0.0017080307006835938, "reduction": 1.6460905349794275, "validation": {"accuracy": 56.37860082304527}, "test": {"accuracy": 55.55555555555556}}, "0.4": {"time": 0.0014319419860839844, "reduction": 1.6460905349794275, "validation": {"accuracy": 56.37860082304527}, "test": {"accuracy": 55.55555555555556}}, "0.5": {"time": 0.0020279884338378906, "reduction": 2.0576131687242816, "validation": {"accuracy": 56.37860082304527}, "test": {"accuracy": 55.55555555555556}}, "0.6": {"time": 0.0017018318176269531, "reduction": 2.4691358024691357, "validation": {"accuracy": 55.96707818930041}, "test": {"accuracy": 59.25925925925925}}, "0.7": {"time": 0.0014870166778564453, "reduction": 2.4691358024691357, "validation": {"accuracy": 55.96707818930041}, "test": {"accuracy": 59.25925925925925}}, "0.8": {"time": 0.0013172626495361328, "reduction": 45.26748971193416, "validation": {"accuracy": 55.96707818930041}, "test": {"accuracy": 59.25925925925925}}, "0.9": {"time": 0.0012481212615966797, "reduction": 45.26748971193416, "validation": {"accuracy": 55.96707818930041}, "test": {"accuracy": 59.25925925925925}}, "1.0": {"time": 0.0013339519500732422, "reduction": 99.1769547325103, "validation": {"accuracy": 55.55555555555556}, "test": {"accuracy": 59.25925925925925}}}, "4": {"0.0": {"time": 0.0017659664154052734, "reduction": 1.2345679012345734, "validation": {"accuracy": 55.55555555555556}, "test": {"accuracy": 59.25925925925925}}, "0.1": {"time": 0.0014531612396240234, "reduction": 2.0576131687242816, "validation": {"accuracy": 55.55555555555556}, "test": {"accuracy": 59.25925925925925}}, "0.2": {"time": 0.0017118453979492188, "reduction": 55.14403292181069, "validation": {"accuracy": 55.55555555555556}, "test": {"accuracy": 59.25925925925925}}, "0.3": {"time": 0.0015728473663330078, "reduction": 55.55555555555556, "validation": {"accuracy": 55.55555555555556}, "test": {"accuracy": 59.25925925925925}}, "0.4": {"time": 0.0013298988342285156, "reduction": 55.55555555555556, "validation": {"accuracy": 55.55555555555556}, "test": {"accuracy": 59.25925925925925}}, "0.5": {"time": 0.0014939308166503906, "reduction": 55.55555555555556, "validation": {"accuracy": 55.55555555555556}, "test": {"accuracy": 59.25925925925925}}, "0.6": {"time": 0.0013761520385742188, "reduction": 56.37860082304527, "validation": {"accuracy": 55.55555555555556}, "test": {"accuracy": 62.96296296296296}}, "0.7": {"time": 0.0011241436004638672, "reduction": 98.76543209876543, "validation": {"accuracy": 55.55555555555556}, "test": {"accuracy": 62.96296296296296}}, "0.8": {"time": 0.0011110305786132812, "reduction": 98.76543209876543, "validation": {"accuracy": 55.55555555555556}, "test": {"accuracy": 62.96296296296296}}, "0.9": {"time": 0.001737356185913086, "reduction": 98.76543209876543, "validation": {"accuracy": 55.55555555555556}, "test": {"accuracy": 62.96296296296296}}, "1.0": {"time": 0.001219034194946289, "reduction": 99.1769547325103, "validation": {"accuracy": 55.96707818930041}, "test": {"accuracy": 59.25925925925925}}}, "5": {"0.0": {"time": 0.0017342567443847656, "reduction": 1.2345679012345734, "validation": {"accuracy": 55.55555555555556}, "test": {"accuracy": 51.85185185185185}}, "0.1": {"time": 0.0019078254699707031, "reduction": 2.0576131687242816, "validation": {"accuracy": 54.73251028806584}, "test": {"accuracy": 48.148148148148145}}, "0.2": {"time": 0.0016412734985351562, "reduction": 2.0576131687242816, "validation": {"accuracy": 54.73251028806584}, "test": {"accuracy": 48.148148148148145}}, "0.3": {"time": 0.0015261173248291016, "reduction": 55.14403292181069, "validation": {"accuracy": 54.73251028806584}, "test": {"accuracy": 48.148148148148145}}, "0.4": {"time": 0.0016093254089355469, "reduction": 55.14403292181069, "validation": {"accuracy": 54.73251028806584}, "test": {"accuracy": 48.148148148148145}}, "0.5": {"time": 0.0015652179718017578, "reduction": 55.14403292181069, "validation": {"accuracy": 54.73251028806584}, "test": {"accuracy": 48.148148148148145}}, "0.6": {"time": 0.0018107891082763672, "reduction": 55.96707818930041, "validation": {"accuracy": 55.144032921810705}, "test": {"accuracy": 55.55555555555556}}, "0.7": {"time": 0.0016129016876220703, "reduction": 56.37860082304527, "validation": {"accuracy": 55.144032921810705}, "test": {"accuracy": 48.148148148148145}}, "0.8": {"time": 0.0013990402221679688, "reduction": 56.37860082304527, "validation": {"accuracy": 55.144032921810705}, "test": {"accuracy": 48.148148148148145}}, "0.9": {"time": 0.0014281272888183594, "reduction": 99.1769547325103, "validation": {"accuracy": 55.144032921810705}, "test": {"accuracy": 48.148148148148145}}, "1.0": {"time": 0.001445770263671875, "reduction": 99.1769547325103, "validation": {"accuracy": 55.144032921810705}, "test": {"accuracy": 48.148148148148145}}}, "6": {"0.0": {"time": 0.0016450881958007812, "reduction": 1.2345679012345734, "validation": {"accuracy": 55.55555555555556}, "test": {"accuracy": 44.44444444444444}}, "0.1": {"time": 0.0017960071563720703, "reduction": 2.0576131687242816, "validation": {"accuracy": 54.73251028806584}, "test": {"accuracy": 48.148148148148145}}, "0.2": {"time": 0.001689910888671875, "reduction": 2.0576131687242816, "validation": {"accuracy": 54.73251028806584}, "test": {"accuracy": 48.148148148148145}}, "0.3": {"time": 0.0013120174407958984, "reduction": 55.14403292181069, "validation": {"accuracy": 54.73251028806584}, "test": {"accuracy": 48.148148148148145}}, "0.4": {"time": 0.001676797866821289, "reduction": 55.14403292181069, "validation": {"accuracy": 54.73251028806584}, "test": {"accuracy": 48.148148148148145}}, "0.5": {"time": 0.0012209415435791016, "reduction": 55.14403292181069, "validation": {"accuracy": 54.73251028806584}, "test": {"accuracy": 48.148148148148145}}, "0.6": {"time": 0.0013880729675292969, "reduction": 55.96707818930041, "validation": {"accuracy": 55.144032921810705}, "test": {"accuracy": 59.25925925925925}}, "0.7": {"time": 0.002023935317993164, "reduction": 56.37860082304527, "validation": {"accuracy": 55.144032921810705}, "test": {"accuracy": 51.85185185185185}}, "0.8": {"time": 0.001461029052734375, "reduction": 56.37860082304527, "validation": {"accuracy": 55.144032921810705}, "test": {"accuracy": 51.85185185185185}}, "0.9": {"time": 0.0012290477752685547, "reduction": 99.1769547325103, "validation": {"accuracy": 55.144032921810705}, "test": {"accuracy": 48.148148148148145}}, "1.0": {"time": 0.0016188621520996094, "reduction": 99.1769547325103, "validation": {"accuracy": 55.144032921810705}, "test": {"accuracy": 48.148148148148145}}}, "7": {"0.0": {"time": 0.0014562606811523438, "reduction": 0.4115226337448541, "validation": {"accuracy": 55.96707818930041}, "test": {"accuracy": 59.25925925925925}}, "0.1": {"time": 0.001416921615600586, "reduction": 1.6460905349794275, "validation": {"accuracy": 55.55555555555556}, "test": {"accuracy": 55.55555555555556}}, "0.2": {"time": 0.002008676528930664, "reduction": 2.0576131687242816, "validation": {"accuracy": 55.55555555555556}, "test": {"accuracy": 55.55555555555556}}, "0.3": {"time": 0.001650094985961914, "reduction": 2.0576131687242816, "validation": {"accuracy": 55.55555555555556}, "test": {"accuracy": 55.55555555555556}}, "0.4": {"time": 0.0022630691528320312, "reduction": 2.4691358024691357, "validation": {"accuracy": 55.55555555555556}, "test": {"accuracy": 55.55555555555556}}, "0.5": {"time": 0.0012559890747070312, "reduction": 55.55555555555556,