{"3": {"0.0": {"time": 209.18121218681335, "reduction": 8.674199437509255, "validation": {"accuracy": 61.97102021348333}, "test": {"accuracy": 62.388987566607454}}, "0.1": {"time": 186.17969298362732, "reduction": 22.871334353053406, "validation": {"accuracy": 61.97102021348333}, "test": {"accuracy": 62.388987566607454}}, "0.2": {"time": 184.6731879711151, "reduction": 33.680367099225336, "validation": {"accuracy": 61.99569086034769}, "test": {"accuracy": 62.418590882178805}}, "0.3": {"time": 205.03244018554688, "reduction": 38.163845989375176, "validation": {"accuracy": 62.43976250390618}, "test": {"accuracy": 62.72942569567792}}, "0.4": {"time": 194.52152395248413, "reduction": 40.07993289584053, "validation": {"accuracy": 63.32790579102318}, "test": {"accuracy": 63.5287152161042}}, "0.5": {"time": 185.33021211624146, "reduction": 41.395700728606435, "validation": {"accuracy": 64.36242824953537}, "test": {"accuracy": 64.59443457667258}}, "0.6": {"time": 186.18515586853027, "reduction": 42.81837469778458, "validation": {"accuracy": 65.13379714149438}, "test": {"accuracy": 65.12729425695679}}, "0.7": {"time": 177.14978694915771, "reduction": 45.086429499514814, "validation": {"accuracy": 65.55484284797947}, "test": {"accuracy": 65.55654233274126}}, "0.8": {"time": 154.63091611862183, "reduction": 50.80508544267364, "validation": {"accuracy": 65.59925001233532}, "test": {"accuracy": 65.6453522794553}}, "0.9": {"time": 146.83236384391785, "reduction": 73.34747783753556, "validation": {"accuracy": 44.448282100623345}, "test": {"accuracy": 45.63351095322676}}, "1.0": {"time": 142.01616597175598, "reduction": 94.5658788506768, "validation": {"accuracy": 63.95289551158698}, "test": {"accuracy": 63.972764949674364}}}, "4": {"0.0": {"time": 181.74286007881165, "reduction": 8.70051479416457, "validation": {"accuracy": 62.09766286738705}, "test": {"accuracy": 61.737714624037885}}, "0.1": {"time": 188.77323174476624, "reduction": 22.384500254930018, "validation": {"accuracy": 62.09766286738705}, "test": {"accuracy": 61.737714624037885}}, "0.2": {"time": 187.1457450389862, "reduction": 33.62938109570567, "validation": {"accuracy": 62.15522771007056}, "test": {"accuracy": 61.75251628182357}}, "0.3": {"time": 186.11482310295105, "reduction": 38.0355586256805, "validation": {"accuracy": 62.74567852502426}, "test": {"accuracy": 62.35938425103612}}, "0.4": {"time": 183.80428004264832, "reduction": 40.06184108813999, "validation": {"accuracy": 63.89533066890347}, "test": {"accuracy": 63.64712847838958}}, "0.5": {"time": 203.9502067565918, "reduction": 41.29372872156708, "validation": {"accuracy": 64.27854805019653}, "test": {"accuracy": 64.09117821195974}}, "0.6": {"time": 186.52799797058105, "reduction": 42.801927599875, "validation": {"accuracy": 64.77853982664759}, "test": {"accuracy": 64.96447602131438}}, "0.7": {"time": 190.6470410823822, "reduction": 45.257479317774376, "validation": {"accuracy": 65.37063535139225}, "test": {"accuracy": 65.52693901716992}}, "0.8": {"time": 188.766939163208, "reduction": 51.16363217710236, "validation": {"accuracy": 65.56471110672521}, "test": {"accuracy": 65.63055062166963}}, "0.9": {"time": 176.10840010643005, "reduction": 75.6270456078025, "validation": {"accuracy": 43.94335619479943}, "test": {"accuracy": 48.09058614564831}}, "1.0": {"time": 162.99603009223938, "reduction": 94.5543658821401, "validation": {"accuracy": 61.584513412608345}, "test": {"accuracy": 60.28715216104204}}}, "5": {"0.0": {"time": 197.46489119529724, "reduction": 8.735053699774674, "validation": {"accuracy": 61.90687653163599}, "test": {"accuracy": 61.678507992895206}}, "0.1": {"time": 180.77808499336243, "reduction": 23.075278367132125, "validation": {"accuracy": 61.90687653163599}, "test": {"accuracy": 61.678507992895206}}, "0.2": {"time": 172.8185260295868, "reduction": 34.315225078534894, "validation": {"accuracy": 61.96115195473758}, "test": {"accuracy": 61.70811130846655}}, "0.3": {"time": 175.8034210205078, "reduction": 38.40068419927304, "validation": {"accuracy": 62.33614578707587}, "test": {"accuracy": 62.255772646536414}}, "0.4": {"time": 166.91609811782837, "reduction": 40.19999671058042, "validation": {"accuracy": 63.683163105869966}, "test": {"accuracy": 63.64712847838958}}, "0.5": {"time": 166.1893219947815, "reduction": 41.57003996644792, "validation": {"accuracy": 64.66834427065345}, "test": {"accuracy": 64.68324452338662}}, "0.6": {"time": 169.86161708831787, "reduction": 43.05521290768244, "validation": {"accuracy": 65.28839986184438}, "test": {"accuracy": 65.23090586145648}}, "0.7": {"time": 168.8462679386139, "reduction": 45.175243828226506, "validation": {"accuracy": 65.59431588296245}, "test": {"accuracy": 65.52693901716992}}, "0.8": {"time": 163.54710006713867, "reduction": 50.530418907583766, "validation": {"accuracy": 65.55155342839755}, "test": {"accuracy": 65.52693901716992}}, "0.9": {"time": 152.8412868976593, "reduction": 73.02840413808984, "validation": {"accuracy": 50.499169421555564}, "test": {"accuracy": 53.37477797513321}}, "1.0": {"time": 153.31799983978271, "reduction": 94.65962730876137, "validation": {"accuracy": 64.59597703985132}, "test": {"accuracy": 64.22439313203078}}}, "6": {"0.0": {"time": 191.1915261745453, "reduction": 9.205440699988488, "validation": {"accuracy": 62.10095228696897}, "test": {"accuracy": 62.62581409117821}}, "0.1": {"time": 185.86307501792908, "reduction": 23.16409269584382, "validation": {"accuracy": 62.10095228696897}, "test": {"accuracy": 62.62581409117821}}, "0.2": {"time": 180.97240591049194, "reduction": 34.33331688623542, "validation": {"accuracy": 62.160161839443425}, "test": {"accuracy": 62.62581409117821}}, "0.3": {"time": 197.60888576507568, "reduction": 38.742783835792174, "validation": {"accuracy": 62.663443035476384}, "test": {"accuracy": 63.27708703374778}}, "0.4": {"time": 189.1982979774475, "reduction": 40.61610828769263, "validation": {"accuracy": 63.68809723524285}, "test": {"accuracy": 64.03197158081704}}, "0.5": {"time": 185.54379987716675, "reduction": 41.92694199108568, "validation": {"accuracy": 65.12063946316673}, "test": {"accuracy": 65.39372409709887}}, "0.6": {"time": 183.44457387924194, "reduction": 43.33974770151807, "validation": {"accuracy": 65.3147152184997}, "test": {"accuracy": 65.43812907045589}}, "0.7": {"time": 184.1634340286255, "reduction": 45.50911991579086, "validation": {"accuracy": 65.63707833752734}, "test": {"accuracy": 65.66015393724098}}, "0.8": {"time": 190.48620915412903, "reduction": 51.38895741846351, "validation": {"accuracy": 65.63543362773639}, "test": {"accuracy": 65.748963883955}}, "0.9": {"time": 177.7615180015564, "reduction": 75.29810364961102, "validation": {"accuracy": 46.19496389862009}, "test": {"accuracy": 49.777975133214916}}, "1.0": {"time": 179.10803413391113, "reduction": 94.36193483659808, "validation": {"accuracy": 63.288432756040194}, "test": {"accuracy": 62.788632326820604}}}, "7": {"0.0": {"time": 224.82122898101807, "reduction": 9.146231147514017, "validation": {"accuracy": 61.980888472229076}, "test": {"accuracy": 62.59621077560686}}, "0.1": {"time": 224.35842108726501, "reduction": 23.45685103863423, "validation": {"accuracy": 61.980888472229076}, "test": {"accuracy": 62.59621077560686}}, "0.2": {"time": 207.5199100971222, "reduction": 34.21489778128649, "validation": {"accuracy": 62.058189832404075}, "test": {"accuracy": 62.62581409117821}}, "0.3": {"time": 192.91922402381897, "reduction": 38.5602210489959, "validation": {"accuracy": 62.54502393052746}, "test": {"accuracy": 63.09946714031972}}, "0.4": {"time": 168.80739307403564, "reduction": 40.39571717570435, "validation": {"accuracy": 63.22757849377477}, "test": {"accuracy": 63.64712847838958}}, "0.5": {"time": 166.1472692489624, "reduction": 41.72957681617079, "validation": {"accuracy": 64.28841630894229}, "test": {"accuracy": 64.60923623445825}}, "0.6": {"time": 170.19888591766357, "reduction": 43.135803687439356,