{"3": {"0.0": {"time": 0.0008461475372314453, "reduction": 8.333333333333337, "validation": {"accuracy": 32.63888888888889}, "test": {"accuracy": 25.0}}, "0.1": {"time": 0.0009469985961914062, "reduction": 13.888888888888884, "validation": {"accuracy": 33.33333333333333}, "test": {"accuracy": 31.25}}, "0.2": {"time": 0.00084686279296875, "reduction": 18.055555555555557, "validation": {"accuracy": 33.33333333333333}, "test": {"accuracy": 31.25}}, "0.3": {"time": 0.0008909702301025391, "reduction": 31.25, "validation": {"accuracy": 31.944444444444443}, "test": {"accuracy": 25.0}}, "0.4": {"time": 0.001071929931640625, "reduction": 37.5, "validation": {"accuracy": 32.63888888888889}, "test": {"accuracy": 12.5}}, "0.5": {"time": 0.000804901123046875, "reduction": 51.388888888888886, "validation": {"accuracy": 32.63888888888889}, "test": {"accuracy": 12.5}}, "0.6": {"time": 0.0010609626770019531, "reduction": 64.58333333333333, "validation": {"accuracy": 32.63888888888889}, "test": {"accuracy": 12.5}}, "0.7": {"time": 0.000982046127319336, "reduction": 75.69444444444444, "validation": {"accuracy": 29.86111111111111}, "test": {"accuracy": 31.25}}, "0.8": {"time": 0.0011830329895019531, "reduction": 82.63888888888889, "validation": {"accuracy": 31.944444444444443}, "test": {"accuracy": 25.0}}, "0.9": {"time": 0.0010302066802978516, "reduction": 87.5, "validation": {"accuracy": 32.63888888888889}, "test": {"accuracy": 18.75}}, "1.0": {"time": 0.0010027885437011719, "reduction": 88.88888888888889, "validation": {"accuracy": 32.63888888888889}, "test": {"accuracy": 18.75}}}, "4": {"0.0": {"time": 0.0010788440704345703, "reduction": 3.472222222222221, "validation": {"accuracy": 33.33333333333333}, "test": {"accuracy": 37.5}}, "0.1": {"time": 0.0008490085601806641, "reduction": 9.027777777777779, "validation": {"accuracy": 32.63888888888889}, "test": {"accuracy": 37.5}}, "0.2": {"time": 0.0008492469787597656, "reduction": 16.666666666666664, "validation": {"accuracy": 34.72222222222222}, "test": {"accuracy": 31.25}}, "0.3": {"time": 0.0011911392211914062, "reduction": 26.388888888888886, "validation": {"accuracy": 32.63888888888889}, "test": {"accuracy": 31.25}}, "0.4": {"time": 0.0011250972747802734, "reduction": 34.02777777777778, "validation": {"accuracy": 32.63888888888889}, "test": {"accuracy": 37.5}}, "0.5": {"time": 0.0010678768157958984, "reduction": 47.22222222222222, "validation": {"accuracy": 34.02777777777778}, "test": {"accuracy": 37.5}}, "0.6": {"time": 0.0008752346038818359, "reduction": 61.80555555555556, "validation": {"accuracy": 35.41666666666667}, "test": {"accuracy": 37.5}}, "0.7": {"time": 0.0007889270782470703, "reduction": 67.36111111111111, "validation": {"accuracy": 36.80555555555556}, "test": {"accuracy": 31.25}}, "0.8": {"time": 0.0007829666137695312, "reduction": 75.69444444444444, "validation": {"accuracy": 40.97222222222222}, "test": {"accuracy": 37.5}}, "0.9": {"time": 0.0008099079132080078, "reduction": 77.77777777777779, "validation": {"accuracy": 36.80555555555556}, "test": {"accuracy": 43.75}}, "1.0": {"time": 0.0009860992431640625, "reduction": 86.80555555555556, "validation": {"accuracy": 40.27777777777778}, "test": {"accuracy": 31.25}}}, "5": {"0.0": {"time": 0.0009529590606689453, "reduction": 9.722222222222221, "validation": {"accuracy": 32.63888888888889}, "test": {"accuracy": 37.5}}, "0.1": {"time": 0.0011470317840576172, "reduction": 13.888888888888884, "validation": {"accuracy": 32.63888888888889}, "test": {"accuracy": 37.5}}, "0.2": {"time": 0.0008399486541748047, "reduction": 18.055555555555557, "validation": {"accuracy": 32.63888888888889}, "test": {"accuracy": 37.5}}, "0.3": {"time": 0.0008220672607421875, "reduction": 29.861111111111114, "validation": {"accuracy": 31.944444444444443}, "test": {"accuracy": 31.25}}, "0.4": {"time": 0.0008530616760253906, "reduction": 46.52777777777778, "validation": {"accuracy": 31.25}, "test": {"accuracy": 25.0}}, "0.5": {"time": 0.0008001327514648438, "reduction": 59.72222222222222, "validation": {"accuracy": 31.944444444444443}, "test": {"accuracy": 25.0}}, "0.6": {"time": 0.0011610984802246094, "reduction": 74.30555555555556, "validation": {"accuracy": 36.80555555555556}, "test": {"accuracy": 37.5}}, "0.7": {"time": 0.0008831024169921875, "reduction": 80.55555555555556, "validation": {"accuracy": 37.5}, "test": {"accuracy": 50.0}}, "0.8": {"time": 0.0007750988006591797, "reduction": 84.72222222222221, "validation": {"accuracy": 38.19444444444444}, "test": {"accuracy": 43.75}}, "0.9": {"time": 0.0007989406585693359, "reduction": 85.41666666666666, "validation": {"accuracy": 43.75}, "test": {"accuracy": 37.5}}, "1.0": {"time": 0.0008227825164794922, "reduction": 97.22222222222221, "validation": {"accuracy": 43.75}, "test": {"accuracy": 37.5}}}, "6": {"0.0": {"time": 0.0008549690246582031, "reduction": 4.861111111111116, "validation": {"accuracy": 30.555555555555557}, "test": {"accuracy": 31.25}}, "0.1": {"time": 0.0009779930114746094, "reduction": 9.722222222222221, "validation": {"accuracy": 30.555555555555557}, "test": {"accuracy": 31.25}}, "0.2": {"time": 0.0010559558868408203, "reduction": 15.972222222222221, "validation": {"accuracy": 29.166666666666668}, "test": {"accuracy": 31.25}}, "0.3": {"time": 0.0011930465698242188, "reduction": 26.388888888888886, "validation": {"accuracy": 31.944444444444443}, "test": {"accuracy": 25.0}}, "0.4": {"time": 0.0010809898376464844, "reduction": 38.19444444444444, "validation": {"accuracy": 32.63888888888889}, "test": {"accuracy": 25.0}}, "0.5": {"time": 0.0008559226989746094, "reduction": 48.611111111111114, "validation": {"accuracy": 31.25}, "test": {"accuracy": 31.25}}, "0.6": {"time": 0.0007801055908203125, "reduction": 68.05555555555556, "validation": {"accuracy": 34.02777777777778}, "test": {"accuracy": 37.5}}, "0.7": {"time": 0.000823974609375, "reduction": 73.61111111111111, "validation": {"accuracy": 34.02777777777778}, "test": {"accuracy": 37.5}}, "0.8": {"time": 0.0007660388946533203, "reduction": 86.11111111111111, "validation": {"accuracy": 32.63888888888889}, "test": {"accuracy": 37.5}}, "0.9": {"time": 0.0008318424224853516, "reduction": 87.5, "validation": {"accuracy": 34.72222222222222}, "test": {"accuracy": 43.75}}, "1.0": {"time": 0.0010840892791748047, "reduction": 89.58333333333334, "validation": {"accuracy": 35.41666666666667}, "test": {"accuracy": 43.75}}}, "7": {"0.0": {"time": 0.0008690357208251953, "reduction": 2.777777777777779, "validation": {"accuracy": 36.11111111111111}, "test": {"accuracy": 31.25}}, "0.1": {"time": 0.0010650157928466797, "reduction": 7.638888888888884, "validation": {"accuracy": 36.11111111111111}, "test": {"accuracy": 31.25}}, "0.2": {"time": 0.0008482933044433594, "reduction": 13.194444444444443, "validation": {"accuracy": 35.41666666666667}, "test": {"accuracy": 31.25}}, "0.3": {"time": 0.0011641979217529297, "reduction": 18.055555555555557, "validation": {"accuracy": 35.41666666666667}, "test": {"accuracy": 31.25}}, "0.4": {"time": 0.0008141994476318359, "reduction": 32.638888888888886, "validation": {"accuracy": 35.41666666666667}, "test": {"accuracy": 37.5}}, "0.5": {"time": 0.0012407302856445312, "reduction": 38.888888888888886, "validation": {"accuracy": 34.72222222222222}, "test": {"accuracy": 37.5}}, "0.6": {"time": 0.00080108642578125, "reduction": 56.94444444444444, "validation": {"accuracy": 34.02777777777778}, "test": {"accuracy": 37.5}}, "0.7": {"time": 0.0008008480072021484, "reduction": 68.05555555555556, "validation": {"accuracy": 34.02777777777778}, "test": {"accuracy": 37.5}}, "0.8": {"time": 0.0007848739624023438, "reduction": 75.0, "validation": {"accuracy": 31.25}, "test": {"accuracy": 31.25}}, "0.9": {"time": 0.0007719993591308594, "reduction": 80.55555555555556, "validation": {"accuracy": 36.80555555555556}, "test": {"accuracy": 37.5}}, "1.0": {"time": 0.0009169578552246094, "reduction": 88.19444444444444, "validation": {"accuracy": 28.47222222222222},