{"3": {"0.0": {"time": 0.017592191696166992, "reduction": 0.0, "validation": {"accuracy": 9.090909090909092}, "test": {"accuracy": 10.1010101010101}}, "0.1": {"time": 0.015878915786743164, "reduction": 43.54657687991021, "validation": {"accuracy": 9.090909090909092}, "test": {"accuracy": 10.1010101010101}}, "0.2": {"time": 0.01573920249938965, "reduction": 47.92368125701459, "validation": {"accuracy": 9.090909090909092}, "test": {"accuracy": 10.1010101010101}}, "0.3": {"time": 0.01581716537475586, "reduction": 48.372615039281705, "validation": {"accuracy": 9.090909090909092}, "test": {"accuracy": 7.07070707070707}}, "0.4": {"time": 0.015768766403198242, "reduction": 48.709315375982044, "validation": {"accuracy": 8.978675645342312}, "test": {"accuracy": 9.090909090909092}}, "0.5": {"time": 0.015750885009765625, "reduction": 48.9337822671156, "validation": {"accuracy": 8.978675645342312}, "test": {"accuracy": 9.090909090909092}}, "0.6": {"time": 0.015644073486328125, "reduction": 48.9337822671156, "validation": {"accuracy": 8.978675645342312}, "test": {"accuracy": 9.090909090909092}}, "0.7": {"time": 0.015506982803344727, "reduction": 54.09652076318743, "validation": {"accuracy": 9.090909090909092}, "test": {"accuracy": 10.1010101010101}}, "0.8": {"time": 0.015434980392456055, "reduction": 59.0347923681257, "validation": {"accuracy": 9.090909090909092}, "test": {"accuracy": 10.1010101010101}}, "0.9": {"time": 0.01536107063293457, "reduction": 59.0347923681257, "validation": {"accuracy": 9.090909090909092}, "test": {"accuracy": 10.1010101010101}}, "1.0": {"time": 0.015478134155273438, "reduction": 59.371492704826046, "validation": {"accuracy": 9.090909090909092}, "test": {"accuracy": 9.090909090909092}}}, "4": {"0.0": {"time": 0.017380714416503906, "reduction": 0.0, "validation": {"accuracy": 9.31537598204265}, "test": {"accuracy": 7.07070707070707}}, "0.1": {"time": 0.01564311981201172, "reduction": 48.14814814814815, "validation": {"accuracy": 9.31537598204265}, "test": {"accuracy": 7.07070707070707}}, "0.2": {"time": 0.015580892562866211, "reduction": 48.372615039281705, "validation": {"accuracy": 9.427609427609427}, "test": {"accuracy": 7.07070707070707}}, "0.3": {"time": 0.015675067901611328, "reduction": 48.597081930415264, "validation": {"accuracy": 9.427609427609427}, "test": {"accuracy": 7.07070707070707}}, "0.4": {"time": 0.01571178436279297, "reduction": 48.821548821548824, "validation": {"accuracy": 9.427609427609427}, "test": {"accuracy": 7.07070707070707}}, "0.5": {"time": 0.015545129776000977, "reduction": 49.382716049382715, "validation": {"accuracy": 9.31537598204265}, "test": {"accuracy": 6.0606060606060606}}, "0.6": {"time": 0.015493154525756836, "reduction": 53.759820426487096, "validation": {"accuracy": 9.20314253647587}, "test": {"accuracy": 8.080808080808081}}, "0.7": {"time": 0.015488624572753906, "reduction": 58.0246913580247, "validation": {"accuracy": 9.20314253647587}, "test": {"accuracy": 8.080808080808081}}, "0.8": {"time": 0.015561103820800781, "reduction": 58.36139169472503, "validation": {"accuracy": 9.20314253647587}, "test": {"accuracy": 8.080808080808081}}, "0.9": {"time": 0.015624046325683594, "reduction": 62.62626262626263, "validation": {"accuracy": 9.20314253647587}, "test": {"accuracy": 8.080808080808081}}, "1.0": {"time": 0.015482902526855469, "reduction": 62.738496071829395, "validation": {"accuracy": 9.20314253647587}, "test": {"accuracy": 8.080808080808081}}}, "5": {"0.0": {"time": 0.01744222640991211, "reduction": 0.0, "validation": {"accuracy": 9.427609427609427}, "test": {"accuracy": 5.05050505050505}}, "0.1": {"time": 0.015701770782470703, "reduction": 46.352413019079684, "validation": {"accuracy": 9.427609427609427}, "test": {"accuracy": 5.05050505050505}}, "0.2": {"time": 0.01565408706665039, "reduction": 46.464646464646464, "validation": {"accuracy": 9.427609427609427}, "test": {"accuracy": 5.05050505050505}}, "0.3": {"time": 0.015710115432739258, "reduction": 47.250280583613915, "validation": {"accuracy": 9.20314253647587}, "test": {"accuracy": 5.05050505050505}}, "0.4": {"time": 0.015918970108032227, "reduction": 47.58698092031426, "validation": {"accuracy": 9.20314253647587}, "test": {"accuracy": 5.05050505050505}}, "0.5": {"time": 0.015937089920043945, "reduction": 47.69921436588104, "validation": {"accuracy": 9.20314253647587}, "test": {"accuracy": 5.05050505050505}}, "0.6": {"time": 0.015748023986816406, "reduction": 47.81144781144781, "validation": {"accuracy": 9.20314253647587}, "test": {"accuracy": 6.0606060606060606}}, "0.7": {"time": 0.015551090240478516, "reduction": 57.57575757575757, "validation": {"accuracy": 8.641975308641975}, "test": {"accuracy": 15.151515151515152}}, "0.8": {"time": 0.015514135360717773, "reduction": 57.57575757575757, "validation": {"accuracy": 8.641975308641975}, "test": {"accuracy": 15.151515151515152}}, "0.9": {"time": 0.01667618751525879, "reduction": 57.57575757575757, "validation": {"accuracy": 8.641975308641975}, "test": {"accuracy": 15.151515151515152}}, "1.0": {"time": 0.01590585708618164, "reduction": 62.62626262626263, "validation": {"accuracy": 9.20314253647587}, "test": {"accuracy": 8.080808080808081}}}, "6": {"0.0": {"time": 0.01784491539001465, "reduction": 0.0, "validation": {"accuracy": 8.641975308641975}, "test": {"accuracy": 14.14141414141414}}, "0.1": {"time": 0.016839981079101562, "reduction": 43.20987654320988, "validation": {"accuracy": 8.529741863075197}, "test": {"accuracy": 16.161616161616163}}, "0.2": {"time": 0.015851974487304688, "reduction": 43.54657687991021, "validation": {"accuracy": 8.529741863075197}, "test": {"accuracy": 15.151515151515152}}, "0.3": {"time": 0.015916109085083008, "reduction": 44.107744107744104, "validation": {"accuracy": 9.090909090909092}, "test": {"accuracy": 11.11111111111111}}, "0.4": {"time": 0.016270160675048828, "reduction": 49.158249158249156, "validation": {"accuracy": 9.20314253647587}, "test": {"accuracy": 9.090909090909092}}, "0.5": {"time": 0.01572704315185547, "reduction": 49.494949494949495, "validation": {"accuracy": 9.20314253647587}, "test": {"accuracy": 9.090909090909092}}, "0.6": {"time": 0.01608896255493164, "reduction": 49.60718294051627, "validation": {"accuracy": 9.20314253647587}, "test": {"accuracy": 9.090909090909092}}, "0.7": {"time": 0.016052961349487305, "reduction": 49.60718294051627, "validation": {"accuracy": 9.20314253647587}, "test": {"accuracy": 9.090909090909092}}, "0.8": {"time": 0.016048908233642578, "reduction": 53.98428731762065, "validation": {"accuracy": 9.20314253647587}, "test": {"accuracy": 9.090909090909092}}, "0.9": {"time": 0.01566791534423828, "reduction": 58.24915824915825, "validation": {"accuracy": 9.20314253647587}, "test": {"accuracy": 9.090909090909092}}, "1.0": {"time": 0.015593290328979492, "reduction": 58.47362514029181, "validation": {"accuracy": 9.090909090909092}, "test": {"accuracy": 9.090909090909092}}}, "7": {"0.0": {"time": 0.017642974853515625, "reduction": 0.0, "validation": {"accuracy": 9.090909090909092}, "test": {"accuracy": 8.080808080808081}}, "0.1": {"time": 0.016058921813964844, "reduction": 42.87317620650954, "validation": {"accuracy": 8.978675645342312}, "test": {"accuracy": 7.07070707070707}}, "0.2": {"time": 0.0160219669342041, "reduction": 43.32210998877666, "validation": {"accuracy": 8.978675645342312}, "test": {"accuracy": 7.07070707070707}}, "0.3": {"time": 0.015967130661010742, "reduction": 43.65881032547699, "validation": {"accuracy": 9.090909090909092}, "test": {"accuracy": 10.1010101010101}}, "0.4": {"time": 0.01593184471130371, "reduction": 44.107744107744104, "validation": {"accuracy": 9.090909090909092}, "test": {"accuracy": 10.1010101010101}}, "0.5": {"time": 0.015732288360595703, "reduction": 44.107744107744104, "validation": {"accuracy": 9.090909090909092}, "test": {"accuracy": 10.1010101010101}}, "0.6": {"time": 0.016152143478393555, "reduction": 44.21997755331088, "validation": {"accuracy": 9.090909090909092},