{"3": {"0.0": {"time": 0.005797863006591797, "reduction": 2.6666666666666616, "validation": {"accuracy": 12.88888888888889}, "test": {"accuracy": 14.000000000000002}}, "0.1": {"time": 0.004948854446411133, "reduction": 7.9999999999999964, "validation": {"accuracy": 13.333333333333334}, "test": {"accuracy": 14.000000000000002}}, "0.2": {"time": 0.0051860809326171875, "reduction": 11.111111111111116, "validation": {"accuracy": 13.777777777777779}, "test": {"accuracy": 14.000000000000002}}, "0.3": {"time": 0.006969928741455078, "reduction": 16.000000000000004, "validation": {"accuracy": 14.222222222222221}, "test": {"accuracy": 14.000000000000002}}, "0.4": {"time": 0.004932880401611328, "reduction": 27.333333333333332, "validation": {"accuracy": 15.11111111111111}, "test": {"accuracy": 14.000000000000002}}, "0.5": {"time": 0.00481104850769043, "reduction": 38.44444444444445, "validation": {"accuracy": 15.777777777777777}, "test": {"accuracy": 14.000000000000002}}, "0.6": {"time": 0.004873991012573242, "reduction": 46.88888888888889, "validation": {"accuracy": 15.777777777777777}, "test": {"accuracy": 14.000000000000002}}, "0.7": {"time": 0.004572153091430664, "reduction": 59.555555555555564, "validation": {"accuracy": 17.555555555555554}, "test": {"accuracy": 14.000000000000002}}, "0.8": {"time": 0.004693031311035156, "reduction": 64.88888888888889, "validation": {"accuracy": 20.22222222222222}, "test": {"accuracy": 12.0}}, "0.9": {"time": 0.004604816436767578, "reduction": 69.77777777777779, "validation": {"accuracy": 14.444444444444443}, "test": {"accuracy": 16.0}}, "1.0": {"time": 0.005145072937011719, "reduction": 81.11111111111111, "validation": {"accuracy": 14.444444444444443}, "test": {"accuracy": 12.0}}}, "4": {"0.0": {"time": 0.00763392448425293, "reduction": 2.6666666666666616, "validation": {"accuracy": 13.555555555555557}, "test": {"accuracy": 20.0}}, "0.1": {"time": 0.005403995513916016, "reduction": 8.444444444444443, "validation": {"accuracy": 13.333333333333334}, "test": {"accuracy": 22.0}}, "0.2": {"time": 0.00568389892578125, "reduction": 13.33333333333333, "validation": {"accuracy": 13.777777777777779}, "test": {"accuracy": 20.0}}, "0.3": {"time": 0.006938934326171875, "reduction": 21.111111111111114, "validation": {"accuracy": 13.777777777777779}, "test": {"accuracy": 20.0}}, "0.4": {"time": 0.004848957061767578, "reduction": 31.333333333333336, "validation": {"accuracy": 14.000000000000002}, "test": {"accuracy": 20.0}}, "0.5": {"time": 0.0076868534088134766, "reduction": 39.11111111111111, "validation": {"accuracy": 13.111111111111112}, "test": {"accuracy": 20.0}}, "0.6": {"time": 0.005920886993408203, "reduction": 47.111111111111114, "validation": {"accuracy": 13.777777777777779}, "test": {"accuracy": 22.0}}, "0.7": {"time": 0.005593299865722656, "reduction": 55.111111111111114, "validation": {"accuracy": 15.777777777777777}, "test": {"accuracy": 22.0}}, "0.8": {"time": 0.004592180252075195, "reduction": 63.77777777777778, "validation": {"accuracy": 15.11111111111111}, "test": {"accuracy": 16.0}}, "0.9": {"time": 0.006273031234741211, "reduction": 72.44444444444444, "validation": {"accuracy": 13.111111111111112}, "test": {"accuracy": 20.0}}, "1.0": {"time": 0.005242824554443359, "reduction": 80.44444444444444, "validation": {"accuracy": 12.88888888888889}, "test": {"accuracy": 18.0}}}, "5": {"0.0": {"time": 0.005730152130126953, "reduction": 1.5555555555555545, "validation": {"accuracy": 14.000000000000002}, "test": {"accuracy": 14.000000000000002}}, "0.1": {"time": 0.005883932113647461, "reduction": 8.666666666666668, "validation": {"accuracy": 14.000000000000002}, "test": {"accuracy": 16.0}}, "0.2": {"time": 0.004971027374267578, "reduction": 15.111111111111109, "validation": {"accuracy": 14.444444444444443}, "test": {"accuracy": 16.0}}, "0.3": {"time": 0.004987955093383789, "reduction": 21.55555555555555, "validation": {"accuracy": 14.222222222222221}, "test": {"accuracy": 16.0}}, "0.4": {"time": 0.004837751388549805, "reduction": 34.22222222222222, "validation": {"accuracy": 14.000000000000002}, "test": {"accuracy": 18.0}}, "0.5": {"time": 0.005254983901977539, "reduction": 40.44444444444445, "validation": {"accuracy": 14.444444444444443}, "test": {"accuracy": 18.0}}, "0.6": {"time": 0.006271839141845703, "reduction": 49.77777777777778, "validation": {"accuracy": 14.000000000000002}, "test": {"accuracy": 18.0}}, "0.7": {"time": 0.0046961307525634766, "reduction": 60.66666666666667, "validation": {"accuracy": 14.222222222222221}, "test": {"accuracy": 18.0}}, "0.8": {"time": 0.0044858455657958984, "reduction": 68.22222222222223, "validation": {"accuracy": 13.777777777777779}, "test": {"accuracy": 18.0}}, "0.9": {"time": 0.004706859588623047, "reduction": 75.33333333333333, "validation": {"accuracy": 12.0}, "test": {"accuracy": 14.000000000000002}}, "1.0": {"time": 0.004773855209350586, "reduction": 83.33333333333334, "validation": {"accuracy": 12.0}, "test": {"accuracy": 14.000000000000002}}}, "6": {"0.0": {"time": 0.005611896514892578, "reduction": 0.8888888888888835, "validation": {"accuracy": 14.888888888888888}, "test": {"accuracy": 12.0}}, "0.1": {"time": 0.005281925201416016, "reduction": 8.666666666666668, "validation": {"accuracy": 14.888888888888888}, "test": {"accuracy": 12.0}}, "0.2": {"time": 0.004924774169921875, "reduction": 14.222222222222225, "validation": {"accuracy": 14.666666666666666}, "test": {"accuracy": 12.0}}, "0.3": {"time": 0.005190134048461914, "reduction": 22.444444444444443, "validation": {"accuracy": 14.888888888888888}, "test": {"accuracy": 12.0}}, "0.4": {"time": 0.004870176315307617, "reduction": 31.999999999999996, "validation": {"accuracy": 14.444444444444443}, "test": {"accuracy": 14.000000000000002}}, "0.5": {"time": 0.005279064178466797, "reduction": 38.22222222222222, "validation": {"accuracy": 13.555555555555557}, "test": {"accuracy": 14.000000000000002}}, "0.6": {"time": 0.004930019378662109, "reduction": 46.44444444444444, "validation": {"accuracy": 14.222222222222221}, "test": {"accuracy": 14.000000000000002}}, "0.7": {"time": 0.005499124526977539, "reduction": 54.0, "validation": {"accuracy": 13.555555555555557}, "test": {"accuracy": 14.000000000000002}}, "0.8": {"time": 0.004832029342651367, "reduction": 60.88888888888888, "validation": {"accuracy": 14.222222222222221}, "test": {"accuracy": 12.0}}, "0.9": {"time": 0.005435943603515625, "reduction": 72.22222222222221, "validation": {"accuracy": 12.444444444444445}, "test": {"accuracy": 12.0}}, "1.0": {"time": 0.005430936813354492, "reduction": 84.22222222222221, "validation": {"accuracy": 11.777777777777777}, "test": {"accuracy": 12.0}}}, "7": {"0.0": {"time": 0.006371021270751953, "reduction": 3.5555555555555562, "validation": {"accuracy": 15.11111111111111}, "test": {"accuracy": 8.0}}, "0.1": {"time": 0.005203962326049805, "reduction": 10.222222222222221, "validation": {"accuracy": 15.333333333333332}, "test": {"accuracy": 8.0}}, "0.2": {"time": 0.005905866622924805, "reduction": 15.111111111111109, "validation": {"accuracy": 15.333333333333332}, "test": {"accuracy": 8.0}}, "0.3": {"time": 0.005255222320556641, "reduction": 21.55555555555555, "validation": {"accuracy": 15.333333333333332}, "test": {"accuracy": 8.0}}, "0.4": {"time": 0.004815816879272461, "reduction": 35.333333333333336, "validation": {"accuracy": 15.555555555555555}, "test": {"accuracy": 8.0}}, "0.5": {"time": 0.006082773208618164, "reduction": 40.22222222222223, "validation": {"accuracy": 15.555555555555555}, "test": {"accuracy": 8.0}}, "0.6": {"time": 0.006175994873046875, "reduction": 50.88888888888889, "validation": {"accuracy": 16.0}, "test": {"accuracy": 8.0}}, "0.7": {"time": 0.005202770233154297, "reduction": 58.22222222222222, "validation": {"accuracy": 15.11111111111111}, "test": {"accuracy": 6.0}}, "0.8": {"time": 0.004572153091430664, "reduction": 63.33333333333333, "validation": {"accuracy": 15.11111111111111}, "test": {"accuracy": 6.0}},