{"3": {"0.0": {"time": 0.7699971199035645, "reduction": 2.133160956690372, "validation": {"accuracy": 14.107950872656755}, "test": {"accuracy": 17.00581395348837}}, "0.1": {"time": 0.7780427932739258, "reduction": 3.1997414350355524, "validation": {"accuracy": 14.107950872656755}, "test": {"accuracy": 17.00581395348837}}, "0.2": {"time": 0.761430025100708, "reduction": 7.7084680025856445, "validation": {"accuracy": 14.107950872656755}, "test": {"accuracy": 17.00581395348837}}, "0.3": {"time": 0.7183339595794678, "reduction": 17.69553975436329, "validation": {"accuracy": 14.221073044602456}, "test": {"accuracy": 17.296511627906977}}, "0.4": {"time": 0.6981110572814941, "reduction": 32.90239172592114, "validation": {"accuracy": 14.124111182934712}, "test": {"accuracy": 17.296511627906977}}, "0.5": {"time": 0.6777772903442383, "reduction": 51.05042016806722, "validation": {"accuracy": 14.705882352941178}, "test": {"accuracy": 16.86046511627907}}, "0.6": {"time": 0.6548070907592773, "reduction": 68.8590820943762, "validation": {"accuracy": 14.592760180995477}, "test": {"accuracy": 16.569767441860463}}, "0.7": {"time": 0.6453061103820801, "reduction": 84.00129282482224, "validation": {"accuracy": 15.012928248222366}, "test": {"accuracy": 15.11627906976744}}, "0.8": {"time": 0.6424880027770996, "reduction": 94.23076923076923, "validation": {"accuracy": 14.059469941822883}, "test": {"accuracy": 15.261627906976743}}, "0.9": {"time": 0.6392381191253662, "reduction": 98.64253393665159, "validation": {"accuracy": 14.010989010989011}, "test": {"accuracy": 15.69767441860465}}, "1.0": {"time": 0.6418743133544922, "reduction": 99.53135100193924, "validation": {"accuracy": 16.25727213962508}, "test": {"accuracy": 16.13372093023256}}}, "4": {"0.0": {"time": 0.7493629455566406, "reduction": 1.8907563025210128, "validation": {"accuracy": 13.768584356819652}, "test": {"accuracy": 14.098837209302326}}, "0.1": {"time": 0.7439308166503906, "reduction": 3.118939883645766, "validation": {"accuracy": 13.768584356819652}, "test": {"accuracy": 13.80813953488372}}, "0.2": {"time": 0.7369847297668457, "reduction": 7.401422107304456, "validation": {"accuracy": 13.930187459599225}, "test": {"accuracy": 13.80813953488372}}, "0.3": {"time": 0.7252700328826904, "reduction": 14.366515837104076, "validation": {"accuracy": 13.930187459599225}, "test": {"accuracy": 14.098837209302326}}, "0.4": {"time": 0.7057840824127197, "reduction": 25.64641241111829, "validation": {"accuracy": 13.930187459599225}, "test": {"accuracy": 14.38953488372093}}, "0.5": {"time": 0.6845989227294922, "reduction": 41.515837104072396, "validation": {"accuracy": 13.994828700711054}, "test": {"accuracy": 14.534883720930234}}, "0.6": {"time": 0.6613359451293945, "reduction": 59.95475113122172, "validation": {"accuracy": 14.124111182934712}, "test": {"accuracy": 14.534883720930234}}, "0.7": {"time": 0.6459848880767822, "reduction": 78.39366515837104, "validation": {"accuracy": 14.188752424046541}, "test": {"accuracy": 13.953488372093023}}, "0.8": {"time": 0.6406252384185791, "reduction": 91.38655462184873, "validation": {"accuracy": 15.578539107950872}, "test": {"accuracy": 16.13372093023256}}, "0.9": {"time": 0.6446669101715088, "reduction": 97.86683904330962, "validation": {"accuracy": 16.12798965740142}, "test": {"accuracy": 16.86046511627907}}, "1.0": {"time": 0.6420350074768066, "reduction": 99.19198448610214, "validation": {"accuracy": 11.700064641241111}, "test": {"accuracy": 11.918604651162791}}}, "5": {"0.0": {"time": 0.7477760314941406, "reduction": 1.6645119586296109, "validation": {"accuracy": 13.89786683904331}, "test": {"accuracy": 15.406976744186046}}, "0.1": {"time": 0.7492573261260986, "reduction": 3.5391079508726553, "validation": {"accuracy": 13.881706528765353}, "test": {"accuracy": 15.406976744186046}}, "0.2": {"time": 0.735044002532959, "reduction": 9.954751131221718, "validation": {"accuracy": 13.865546218487395}, "test": {"accuracy": 15.406976744186046}}, "0.3": {"time": 0.7182290554046631, "reduction": 20.943762120232712, "validation": {"accuracy": 13.96250808015514}, "test": {"accuracy": 15.55232558139535}}, "0.4": {"time": 0.6894760131835938, "reduction": 36.73238526179703, "validation": {"accuracy": 14.059469941822883}, "test": {"accuracy": 15.69767441860465}}, "0.5": {"time": 0.6645529270172119, "reduction": 55.80155138978669, "validation": {"accuracy": 15.88558500323206}, "test": {"accuracy": 14.680232558139537}}, "0.6": {"time": 0.6519360542297363, "reduction": 72.26890756302521, "validation": {"accuracy": 16.01486748545572}, "test": {"accuracy": 14.534883720930234}}, "0.7": {"time": 0.6471431255340576, "reduction": 86.16677440206853, "validation": {"accuracy": 16.54815772462831}, "test": {"accuracy": 16.86046511627907}}, "0.8": {"time": 0.6423158645629883, "reduction": 95.28118939883645, "validation": {"accuracy": 14.528118939883647}, "test": {"accuracy": 12.936046511627907}}, "0.9": {"time": 0.6418139934539795, "reduction": 98.65869424692954, "validation": {"accuracy": 14.350355526826114}, "test": {"accuracy": 13.953488372093023}}, "1.0": {"time": 0.639552116394043, "reduction": 99.240465416936, "validation": {"accuracy": 15.449256625727214}, "test": {"accuracy": 13.226744186046513}}}, "6": {"0.0": {"time": 0.7480227947235107, "reduction": 2.359405300581774, "validation": {"accuracy": 13.041370394311572}, "test": {"accuracy": 15.406976744186046}}, "0.1": {"time": 0.7549731731414795, "reduction": 3.7491919844861, "validation": {"accuracy": 13.041370394311572}, "test": {"accuracy": 15.406976744186046}}, "0.2": {"time": 0.7320151329040527, "reduction": 8.371040723981904, "validation": {"accuracy": 13.073691014867487}, "test": {"accuracy": 15.11627906976744}}, "0.3": {"time": 0.7178120613098145, "reduction": 18.309631544925665, "validation": {"accuracy": 13.122171945701359}, "test": {"accuracy": 14.970930232558139}}, "0.4": {"time": 0.69516921043396, "reduction": 32.78926955397543, "validation": {"accuracy": 13.138332255979316}, "test": {"accuracy": 14.680232558139537}}, "0.5": {"time": 0.6751968860626221, "reduction": 49.09502262443439, "validation": {"accuracy": 12.685843568196509}, "test": {"accuracy": 13.08139534883721}}, "0.6": {"time": 0.6566579341888428, "reduction": 66.98448610213316, "validation": {"accuracy": 15.465416936005171}, "test": {"accuracy": 13.953488372093023}}, "0.7": {"time": 0.6473228931427002, "reduction": 82.09437621202326, "validation": {"accuracy": 13.784744667097609}, "test": {"accuracy": 10.755813953488373}}, "0.8": {"time": 0.641937255859375, "reduction": 93.56819650937298, "validation": {"accuracy": 13.606981254040077}, "test": {"accuracy": 11.19186046511628}}, "0.9": {"time": 0.6415359973907471, "reduction": 98.5617323852618, "validation": {"accuracy": 14.107950872656755}, "test": {"accuracy": 12.354651162790697}}, "1.0": {"time": 0.6402180194854736, "reduction": 99.46670976082741, "validation": {"accuracy": 12.879767291531996}, "test": {"accuracy": 11.627906976744185}}}, "7": {"0.0": {"time": 0.7485067844390869, "reduction": 2.2136047826789462, "validation": {"accuracy": 11.585070285991275}, "test": {"accuracy": 12.663755458515283}}, "0.1": {"time": 0.7458651065826416, "reduction": 3.296170625302952, "validation": {"accuracy": 11.520439489416708}, "test": {"accuracy": 12.518195050946144}}, "0.2": {"time": 0.73785400390625, "reduction": 7.884957182097274, "validation": {"accuracy": 11.488124091129423}, "test": {"accuracy": 12.518195050946144}}, "0.3": {"time": 0.7201910018920898, "reduction": 19.583131362094043, "validation": {"accuracy": 11.488124091129423}, "test": {"accuracy": 12.518195050946144}}, "0.4": {"time": 0.7023701667785645, "reduction": 35.72467280659234, "validation": {"accuracy": 11.827435773145904}, "test": {"accuracy": 11.935953420669577}}, "0.5": {"time": 0.6692161560058594, "reduction": 53.32040717401843, "validation": {"accuracy": 11.601227985134917}, "test": {"accuracy": 11.790393013100436}}, "0.6": {"time": 0.6514668464660645,