{"3": {"0.0": {"time": 34.5516517162323, "reduction": 46.96068796068796, "validation": {"accuracy": 73.65601965601965}, "test": {"accuracy": 73.9938080495356}}, "0.1": {"time": 34.58791399002075, "reduction": 47.1990171990172, "validation": {"accuracy": 73.65601965601965}, "test": {"accuracy": 73.9938080495356}}, "0.2": {"time": 34.39300203323364, "reduction": 49.238329238329236, "validation": {"accuracy": 73.64373464373465}, "test": {"accuracy": 73.97169394073418}}, "0.3": {"time": 33.738470792770386, "reduction": 54.32678132678133, "validation": {"accuracy": 73.66339066339066}, "test": {"accuracy": 73.97169394073418}}, "0.4": {"time": 32.75772786140442, "reduction": 62.206388206388205, "validation": {"accuracy": 73.65356265356266}, "test": {"accuracy": 73.97169394073418}}, "0.5": {"time": 31.375789642333984, "reduction": 71.1891891891892, "validation": {"accuracy": 75.15479115479116}, "test": {"accuracy": 75.12162759840778}}, "0.6": {"time": 31.059219121932983, "reduction": 79.92383292383293, "validation": {"accuracy": 75.0958230958231}, "test": {"accuracy": 75.01105705440071}}, "0.7": {"time": 30.112674951553345, "reduction": 87.24815724815724, "validation": {"accuracy": 75.14742014742015}, "test": {"accuracy": 75.16585581601062}}, "0.8": {"time": 30.137759923934937, "reduction": 92.26289926289927, "validation": {"accuracy": 74.71253071253071}, "test": {"accuracy": 74.76780185758514}}, "0.9": {"time": 29.62383484840393, "reduction": 97.12039312039312, "validation": {"accuracy": 74.65601965601965}, "test": {"accuracy": 74.54666076957098}}, "1.0": {"time": 29.885673999786377, "reduction": 99.995085995086, "validation": {"accuracy": 30.646191646191646}, "test": {"accuracy": 30.384785493144626}}}, "4": {"0.0": {"time": 34.43440389633179, "reduction": 47.42751842751842, "validation": {"accuracy": 74.47665847665847}, "test": {"accuracy": 74.39186200796108}}, "0.1": {"time": 34.582289934158325, "reduction": 47.76167076167076, "validation": {"accuracy": 74.47420147420148}, "test": {"accuracy": 74.39186200796108}}, "0.2": {"time": 34.078169107437134, "reduction": 49.997542997543, "validation": {"accuracy": 74.47420147420148}, "test": {"accuracy": 74.39186200796108}}, "0.3": {"time": 33.13044190406799, "reduction": 55.400491400491404, "validation": {"accuracy": 74.56511056511057}, "test": {"accuracy": 74.4139761167625}}, "0.4": {"time": 32.83662390708923, "reduction": 63.24324324324324, "validation": {"accuracy": 74.69533169533169}, "test": {"accuracy": 74.7235736399823}}, "0.5": {"time": 31.610595226287842, "reduction": 72.04422604422605, "validation": {"accuracy": 74.60442260442261}, "test": {"accuracy": 74.65723131357807}}, "0.6": {"time": 30.447346925735474, "reduction": 80.7027027027027, "validation": {"accuracy": 75.0982800982801}, "test": {"accuracy": 75.1437417072092}}, "0.7": {"time": 31.145031929016113, "reduction": 87.53316953316953, "validation": {"accuracy": 75.16707616707616}, "test": {"accuracy": 75.23219814241486}}, "0.8": {"time": 29.76541519165039, "reduction": 92.31941031941032, "validation": {"accuracy": 75.15970515970515}, "test": {"accuracy": 75.23219814241486}}, "0.9": {"time": 30.735121965408325, "reduction": 97.1965601965602, "validation": {"accuracy": 75.21130221130221}, "test": {"accuracy": 75.23219814241486}}, "1.0": {"time": 29.55779194831848, "reduction": 99.995085995086, "validation": {"accuracy": 74.91891891891892}, "test": {"accuracy": 75.05528527200353}}}, "5": {"0.0": {"time": 35.063138008117676, "reduction": 47.1941031941032, "validation": {"accuracy": 74.74692874692875}, "test": {"accuracy": 74.81203007518798}}, "0.1": {"time": 34.47109913825989, "reduction": 47.58722358722359, "validation": {"accuracy": 74.74692874692875}, "test": {"accuracy": 74.81203007518798}}, "0.2": {"time": 33.873785972595215, "reduction": 49.972972972972975, "validation": {"accuracy": 74.74201474201475}, "test": {"accuracy": 74.81203007518798}}, "0.3": {"time": 33.13875937461853, "reduction": 55.18181818181817, "validation": {"accuracy": 74.76412776412776}, "test": {"accuracy": 74.8562582927908}}, "0.4": {"time": 32.69102072715759, "reduction": 62.86732186732187, "validation": {"accuracy": 74.75675675675676}, "test": {"accuracy": 74.8562582927908}}, "0.5": {"time": 31.20455813407898, "reduction": 71.57739557739558, "validation": {"accuracy": 74.78132678132678}, "test": {"accuracy": 74.81203007518798}}, "0.6": {"time": 30.522518157958984, "reduction": 80.2039312039312, "validation": {"accuracy": 75.2039312039312}, "test": {"accuracy": 75.23219814241486}}, "0.7": {"time": 30.706713914871216, "reduction": 87.29238329238329, "validation": {"accuracy": 75.2088452088452}, "test": {"accuracy": 75.23219814241486}}, "0.8": {"time": 30.048504114151, "reduction": 92.29238329238329, "validation": {"accuracy": 74.13022113022113}, "test": {"accuracy": 74.17072091994693}}, "0.9": {"time": 29.888437032699585, "reduction": 97.26535626535626, "validation": {"accuracy": 75.16707616707616}, "test": {"accuracy": 75.16585581601062}}, "1.0": {"time": 30.486979961395264, "reduction": 99.995085995086, "validation": {"accuracy": 44.94840294840295}, "test": {"accuracy": 44.957983193277315}}}, "6": {"0.0": {"time": 34.7802460193634, "reduction": 47.39557739557739, "validation": {"accuracy": 75.1007371007371}, "test": {"accuracy": 75.16585581601062}}, "0.1": {"time": 34.468273878097534, "reduction": 47.91154791154791, "validation": {"accuracy": 75.1007371007371}, "test": {"accuracy": 75.16585581601062}}, "0.2": {"time": 34.014896869659424, "reduction": 50.60687960687961, "validation": {"accuracy": 75.1154791154791}, "test": {"accuracy": 75.18796992481202}}, "0.3": {"time": 33.009222984313965, "reduction": 56.23587223587223, "validation": {"accuracy": 75.1154791154791}, "test": {"accuracy": 75.21008403361344}}, "0.4": {"time": 32.65021896362305, "reduction": 63.926289926289925, "validation": {"accuracy": 75.07371007371007}, "test": {"accuracy": 75.16585581601062}}, "0.5": {"time": 31.309104204177856, "reduction": 72.64619164619164, "validation": {"accuracy": 75.18427518427518}, "test": {"accuracy": 75.18796992481202}}, "0.6": {"time": 30.388730764389038, "reduction": 81.14742014742015, "validation": {"accuracy": 75.17444717444718}, "test": {"accuracy": 75.1437417072092}}, "0.7": {"time": 30.30425786972046, "reduction": 88.06633906633907, "validation": {"accuracy": 75.17444717444718}, "test": {"accuracy": 75.18796992481202}}, "0.8": {"time": 29.87575602531433, "reduction": 92.57739557739558, "validation": {"accuracy": 75.13513513513513}, "test": {"accuracy": 75.1437417072092}}, "0.9": {"time": 29.860338926315308, "reduction": 97.38574938574939, "validation": {"accuracy": 75.0933660933661}, "test": {"accuracy": 75.1437417072092}}, "1.0": {"time": 29.746814012527466, "reduction": 99.995085995086, "validation": {"accuracy": 74.21867321867322}, "test": {"accuracy": 74.1264927023441}}}, "7": {"0.0": {"time": 34.53793811798096, "reduction": 47.380835380835386, "validation": {"accuracy": 75.17936117936118}, "test": {"accuracy": 75.18796992481202}}, "0.1": {"time": 34.83197903633118, "reduction": 47.7027027027027, "validation": {"accuracy": 75.17936117936118}, "test": {"accuracy": 75.18796992481202}}, "0.2": {"time": 34.11802124977112, "reduction": 49.87223587223587, "validation": {"accuracy": 75.17936117936118}, "test": {"accuracy": 75.18796992481202}}, "0.3": {"time": 33.23526191711426, "reduction": 55.05159705159706, "validation": {"accuracy": 75.18673218673219}, "test": {"accuracy": 75.18796992481202}}, "0.4": {"time": 32.70598793029785, "reduction": 62.78869778869779, "validation": {"accuracy": 75.2039312039312}, "test": {"accuracy": 75.18796992481202}}, "0.5": {"time": 32.09119415283203, "reduction": 71.61670761670761, "validation": {"accuracy": 75.21375921375922}, "test": {"accuracy": 75.21008403361344}}, "0.6": {"time": 30.891407012939453, "reduction": 80.16953316953317, "validation": {"accuracy": 75.20638820638821}, "test": {"accuracy": 75.21008403361344}},