{"3": {"0.0": {"time": 0.0024356842041015625, "reduction": 0.4115226337448541, "validation": {"accuracy": 55.55555555555556}, "test": {"accuracy": 62.96296296296296}}, "0.1": {"time": 0.0021619796752929688, "reduction": 1.6460905349794275, "validation": {"accuracy": 55.55555555555556}, "test": {"accuracy": 51.85185185185185}}, "0.2": {"time": 0.0017888545989990234, "reduction": 1.6460905349794275, "validation": {"accuracy": 55.55555555555556}, "test": {"accuracy": 51.85185185185185}}, "0.3": {"time": 0.0017600059509277344, "reduction": 2.0576131687242816, "validation": {"accuracy": 55.55555555555556}, "test": {"accuracy": 51.85185185185185}}, "0.4": {"time": 0.0016376972198486328, "reduction": 2.0576131687242816, "validation": {"accuracy": 55.55555555555556}, "test": {"accuracy": 51.85185185185185}}, "0.5": {"time": 0.0013909339904785156, "reduction": 55.14403292181069, "validation": {"accuracy": 55.96707818930041}, "test": {"accuracy": 55.55555555555556}}, "0.6": {"time": 0.0013837814331054688, "reduction": 55.96707818930041, "validation": {"accuracy": 56.37860082304527}, "test": {"accuracy": 51.85185185185185}}, "0.7": {"time": 0.001605987548828125, "reduction": 55.96707818930041, "validation": {"accuracy": 56.37860082304527}, "test": {"accuracy": 51.85185185185185}}, "0.8": {"time": 0.0020439624786376953, "reduction": 56.37860082304527, "validation": {"accuracy": 56.37860082304527}, "test": {"accuracy": 51.85185185185185}}, "0.9": {"time": 0.0011577606201171875, "reduction": 99.1769547325103, "validation": {"accuracy": 55.55555555555556}, "test": {"accuracy": 55.55555555555556}}, "1.0": {"time": 0.001230001449584961, "reduction": 99.1769547325103, "validation": {"accuracy": 55.55555555555556}, "test": {"accuracy": 55.55555555555556}}}, "4": {"0.0": {"time": 0.0018658638000488281, "reduction": 0.8230452674897082, "validation": {"accuracy": 55.55555555555556}, "test": {"accuracy": 55.55555555555556}}, "0.1": {"time": 0.0018260478973388672, "reduction": 1.6460905349794275, "validation": {"accuracy": 55.55555555555556}, "test": {"accuracy": 55.55555555555556}}, "0.2": {"time": 0.002552032470703125, "reduction": 1.6460905349794275, "validation": {"accuracy": 55.55555555555556}, "test": {"accuracy": 55.55555555555556}}, "0.3": {"time": 0.0023920536041259766, "reduction": 2.0576131687242816, "validation": {"accuracy": 55.55555555555556}, "test": {"accuracy": 55.55555555555556}}, "0.4": {"time": 0.002274036407470703, "reduction": 2.0576131687242816, "validation": {"accuracy": 55.55555555555556}, "test": {"accuracy": 55.55555555555556}}, "0.5": {"time": 0.0014438629150390625, "reduction": 54.73251028806585, "validation": {"accuracy": 55.55555555555556}, "test": {"accuracy": 55.55555555555556}}, "0.6": {"time": 0.0015361309051513672, "reduction": 54.73251028806585, "validation": {"accuracy": 55.55555555555556}, "test": {"accuracy": 55.55555555555556}}, "0.7": {"time": 0.0020599365234375, "reduction": 97.53086419753086, "validation": {"accuracy": 55.55555555555556}, "test": {"accuracy": 55.55555555555556}}, "0.8": {"time": 0.002023935317993164, "reduction": 98.35390946502058, "validation": {"accuracy": 55.55555555555556}, "test": {"accuracy": 55.55555555555556}}, "0.9": {"time": 0.001979827880859375, "reduction": 98.35390946502058, "validation": {"accuracy": 55.55555555555556}, "test": {"accuracy": 55.55555555555556}}, "1.0": {"time": 0.0019211769104003906, "reduction": 99.1769547325103, "validation": {"accuracy": 54.32098765432099}, "test": {"accuracy": 55.55555555555556}}}, "5": {"0.0": {"time": 0.0018208026885986328, "reduction": 1.6460905349794275, "validation": {"accuracy": 54.32098765432099}, "test": {"accuracy": 40.74074074074074}}, "0.1": {"time": 0.001802206039428711, "reduction": 2.8806584362139898, "validation": {"accuracy": 55.55555555555556}, "test": {"accuracy": 55.55555555555556}}, "0.2": {"time": 0.0015399456024169922, "reduction": 44.855967078189295, "validation": {"accuracy": 55.55555555555556}, "test": {"accuracy": 55.55555555555556}}, "0.3": {"time": 0.0016398429870605469, "reduction": 44.855967078189295, "validation": {"accuracy": 55.55555555555556}, "test": {"accuracy": 55.55555555555556}}, "0.4": {"time": 0.001569986343383789, "reduction": 44.855967078189295, "validation": {"accuracy": 55.55555555555556}, "test": {"accuracy": 55.55555555555556}}, "0.5": {"time": 0.002382040023803711, "reduction": 45.67901234567901, "validation": {"accuracy": 55.55555555555556}, "test": {"accuracy": 55.55555555555556}}, "0.6": {"time": 0.0018107891082763672, "reduction": 46.09053497942387, "validation": {"accuracy": 55.55555555555556}, "test": {"accuracy": 55.55555555555556}}, "0.7": {"time": 0.0014379024505615234, "reduction": 46.09053497942387, "validation": {"accuracy": 55.55555555555556}, "test": {"accuracy": 55.55555555555556}}, "0.8": {"time": 0.0015861988067626953, "reduction": 46.09053497942387, "validation": {"accuracy": 55.55555555555556}, "test": {"accuracy": 55.55555555555556}}, "0.9": {"time": 0.0013370513916015625, "reduction": 99.1769547325103, "validation": {"accuracy": 55.55555555555556}, "test": {"accuracy": 55.55555555555556}}, "1.0": {"time": 0.0012850761413574219, "reduction": 99.1769547325103, "validation": {"accuracy": 55.55555555555556}, "test": {"accuracy": 55.55555555555556}}}, "6": {"0.0": {"time": 0.0016329288482666016, "reduction": 0.8230452674897082, "validation": {"accuracy": 55.144032921810705}, "test": {"accuracy": 55.55555555555556}}, "0.1": {"time": 0.001712799072265625, "reduction": 2.0576131687242816, "validation": {"accuracy": 55.144032921810705}, "test": {"accuracy": 55.55555555555556}}, "0.2": {"time": 0.002628803253173828, "reduction": 2.0576131687242816, "validation": {"accuracy": 55.144032921810705}, "test": {"accuracy": 55.55555555555556}}, "0.3": {"time": 0.0017077922821044922, "reduction": 2.0576131687242816, "validation": {"accuracy": 55.144032921810705}, "test": {"accuracy": 55.55555555555556}}, "0.4": {"time": 0.0016047954559326172, "reduction": 2.0576131687242816, "validation": {"accuracy": 55.144032921810705}, "test": {"accuracy": 55.55555555555556}}, "0.5": {"time": 0.0016100406646728516, "reduction": 2.0576131687242816, "validation": {"accuracy": 55.144032921810705}, "test": {"accuracy": 55.55555555555556}}, "0.6": {"time": 0.0014331340789794922, "reduction": 2.0576131687242816, "validation": {"accuracy": 55.144032921810705}, "test": {"accuracy": 55.55555555555556}}, "0.7": {"time": 0.0013740062713623047, "reduction": 44.44444444444444, "validation": {"accuracy": 55.55555555555556}, "test": {"accuracy": 55.55555555555556}}, "0.8": {"time": 0.0022878646850585938, "reduction": 44.44444444444444, "validation": {"accuracy": 55.55555555555556}, "test": {"accuracy": 55.55555555555556}}, "0.9": {"time": 0.002170085906982422, "reduction": 45.67901234567901, "validation": {"accuracy": 55.55555555555556}, "test": {"accuracy": 55.55555555555556}}, "1.0": {"time": 0.0011467933654785156, "reduction": 99.1769547325103, "validation": {"accuracy": 55.55555555555556}, "test": {"accuracy": 55.55555555555556}}}, "7": {"0.0": {"time": 0.0013959407806396484, "reduction": 2.0576131687242816, "validation": {"accuracy": 55.55555555555556}, "test": {"accuracy": 55.55555555555556}}, "0.1": {"time": 0.001322031021118164, "reduction": 54.32098765432099, "validation": {"accuracy": 55.55555555555556}, "test": {"accuracy": 55.55555555555556}}, "0.2": {"time": 0.001447916030883789, "reduction": 55.14403292181069, "validation": {"accuracy": 55.55555555555556}, "test": {"accuracy": 55.55555555555556}}, "0.3": {"time": 0.0015268325805664062, "reduction": 55.14403292181069, "validation": {"accuracy": 55.55555555555556}, "test": {"accuracy": 55.55555555555556}}, "0.4": {"time": 0.002482175827026367, "reduction": 55.14403292181069, "validation": {"accuracy": 55.55555555555556}, "test": {"accuracy": 55.55555555555556}}, "0.5": {"time": 0.0026161670684814453, "reduction": 55.55555555555556, "validation": {"accuracy": 55.55555555555556},