{"3": {"0.0": {"time": 0.06231188774108887, "reduction": 0.2019182231196348, "validation": {"accuracy": 38.71781928319031}, "test": {"accuracy": 37.27272727272727}}, "0.1": {"time": 0.06194591522216797, "reduction": 11.206461383139832, "validation": {"accuracy": 38.71781928319031}, "test": {"accuracy": 37.27272727272727}}, "0.2": {"time": 0.062365055084228516, "reduction": 16.506814740030286, "validation": {"accuracy": 38.71781928319031}, "test": {"accuracy": 37.27272727272727}}, "0.3": {"time": 0.06567811965942383, "reduction": 20.646138313982842, "validation": {"accuracy": 38.71781928319031}, "test": {"accuracy": 37.27272727272727}}, "0.4": {"time": 0.05709433555603027, "reduction": 25.89601211509339, "validation": {"accuracy": 38.71781928319031}, "test": {"accuracy": 37.27272727272727}}, "0.5": {"time": 0.06268501281738281, "reduction": 31.246845027763758, "validation": {"accuracy": 38.71781928319031}, "test": {"accuracy": 37.27272727272727}}, "0.6": {"time": 0.05996584892272949, "reduction": 33.92226148409894, "validation": {"accuracy": 38.71781928319031}, "test": {"accuracy": 37.27272727272727}}, "0.7": {"time": 0.055982112884521484, "reduction": 42.30186774356386, "validation": {"accuracy": 71.37809187279152}, "test": {"accuracy": 71.36363636363636}}, "0.8": {"time": 0.05928802490234375, "reduction": 56.28470469459869, "validation": {"accuracy": 71.37809187279152}, "test": {"accuracy": 71.36363636363636}}, "0.9": {"time": 0.05866384506225586, "reduction": 69.25795053003534, "validation": {"accuracy": 58.859162039374056}, "test": {"accuracy": 57.72727272727273}}, "1.0": {"time": 0.054428815841674805, "reduction": 94.90156486622918, "validation": {"accuracy": 67.18828874305906}, "test": {"accuracy": 70.9090909090909}}}, "4": {"0.0": {"time": 0.06576108932495117, "reduction": 0.0, "validation": {"accuracy": 69.51034830893488}, "test": {"accuracy": 65.9090909090909}}, "0.1": {"time": 0.06429696083068848, "reduction": 12.619888944977287, "validation": {"accuracy": 69.51034830893488}, "test": {"accuracy": 65.9090909090909}}, "0.2": {"time": 0.0581669807434082, "reduction": 18.223119636547203, "validation": {"accuracy": 69.51034830893488}, "test": {"accuracy": 65.9090909090909}}, "0.3": {"time": 0.05683493614196777, "reduction": 20.999495204442198, "validation": {"accuracy": 69.51034830893488}, "test": {"accuracy": 65.9090909090909}}, "0.4": {"time": 0.05493617057800293, "reduction": 26.350328117112564, "validation": {"accuracy": 69.51034830893488}, "test": {"accuracy": 65.9090909090909}}, "0.5": {"time": 0.053917884826660156, "reduction": 30.489651691065124, "validation": {"accuracy": 69.51034830893488}, "test": {"accuracy": 65.9090909090909}}, "0.6": {"time": 0.0659630298614502, "reduction": 32.6097930338213, "validation": {"accuracy": 69.51034830893488}, "test": {"accuracy": 65.9090909090909}}, "0.7": {"time": 0.05416083335876465, "reduction": 40.98939929328622, "validation": {"accuracy": 71.58001009591115}, "test": {"accuracy": 69.54545454545455}}, "0.8": {"time": 0.05302596092224121, "reduction": 48.6118122160525, "validation": {"accuracy": 71.58001009591115}, "test": {"accuracy": 69.54545454545455}}, "0.9": {"time": 0.059658050537109375, "reduction": 65.57294295810196, "validation": {"accuracy": 62.69560827864715}, "test": {"accuracy": 61.36363636363637}}, "1.0": {"time": 0.050418853759765625, "reduction": 95.45683997980818, "validation": {"accuracy": 65.32054517920243}, "test": {"accuracy": 64.0909090909091}}}, "5": {"0.0": {"time": 0.062365055084228516, "reduction": 0.5552751135790013, "validation": {"accuracy": 70.26754164563351}, "test": {"accuracy": 72.27272727272728}}, "0.1": {"time": 0.06511998176574707, "reduction": 11.812216052498737, "validation": {"accuracy": 70.26754164563351}, "test": {"accuracy": 72.27272727272728}}, "0.2": {"time": 0.06528091430664062, "reduction": 17.01161029782938, "validation": {"accuracy": 70.26754164563351}, "test": {"accuracy": 72.27272727272728}}, "0.3": {"time": 0.06169605255126953, "reduction": 21.302372539121663, "validation": {"accuracy": 70.26754164563351}, "test": {"accuracy": 72.27272727272728}}, "0.4": {"time": 0.05744218826293945, "reduction": 27.713276123170118, "validation": {"accuracy": 39.17213528520949}, "test": {"accuracy": 40.45454545454545}}, "0.5": {"time": 0.05607008934020996, "reduction": 31.246845027763758, "validation": {"accuracy": 39.17213528520949}, "test": {"accuracy": 40.45454545454545}}, "0.6": {"time": 0.05768179893493652, "reduction": 33.1145885916204, "validation": {"accuracy": 39.17213528520949}, "test": {"accuracy": 40.45454545454545}}, "0.7": {"time": 0.0550389289855957, "reduction": 42.95810196870268, "validation": {"accuracy": 39.17213528520949}, "test": {"accuracy": 40.45454545454545}}, "0.8": {"time": 0.050959110260009766, "reduction": 56.436143361938406, "validation": {"accuracy": 39.17213528520949}, "test": {"accuracy": 40.45454545454545}}, "0.9": {"time": 0.05312180519104004, "reduction": 69.96466431095406, "validation": {"accuracy": 34.326097930338214}, "test": {"accuracy": 35.90909090909091}}, "1.0": {"time": 0.048168182373046875, "reduction": 95.10348308934881, "validation": {"accuracy": 59.6668349318526}, "test": {"accuracy": 62.272727272727266}}}, "6": {"0.0": {"time": 0.0724639892578125, "reduction": 0.1009591115598174, "validation": {"accuracy": 59.51539626451287}, "test": {"accuracy": 59.54545454545455}}, "0.1": {"time": 0.06121993064880371, "reduction": 12.115093387178188, "validation": {"accuracy": 59.51539626451287}, "test": {"accuracy": 59.54545454545455}}, "0.2": {"time": 0.061098337173461914, "reduction": 15.295305401312465, "validation": {"accuracy": 59.51539626451287}, "test": {"accuracy": 59.54545454545455}}, "0.3": {"time": 0.05889081954956055, "reduction": 22.21100454316002, "validation": {"accuracy": 59.51539626451287}, "test": {"accuracy": 59.54545454545455}}, "0.4": {"time": 0.058966875076293945, "reduction": 26.249369005552747, "validation": {"accuracy": 59.51539626451287}, "test": {"accuracy": 59.54545454545455}}, "0.5": {"time": 0.058599233627319336, "reduction": 31.044926804644124, "validation": {"accuracy": 39.071176173649675}, "test": {"accuracy": 38.63636363636363}}, "0.6": {"time": 0.0557551383972168, "reduction": 34.47753659767794, "validation": {"accuracy": 39.071176173649675}, "test": {"accuracy": 38.63636363636363}}, "0.7": {"time": 0.059980154037475586, "reduction": 40.18172640080767, "validation": {"accuracy": 71.2771327612317}, "test": {"accuracy": 72.27272727272728}}, "0.8": {"time": 0.05542802810668945, "reduction": 60.62594649167088, "validation": {"accuracy": 58.10196870267542}, "test": {"accuracy": 61.81818181818181}}, "0.9": {"time": 0.05356788635253906, "reduction": 67.8950025239778, "validation": {"accuracy": 58.10196870267542}, "test": {"accuracy": 61.81818181818181}}, "1.0": {"time": 0.05137515068054199, "reduction": 95.002523977789, "validation": {"accuracy": 58.35436648157496}, "test": {"accuracy": 57.72727272727273}}}, "7": {"0.0": {"time": 0.06647109985351562, "reduction": 0.2019182231196348, "validation": {"accuracy": 66.98637051993941}, "test": {"accuracy": 68.18181818181817}}, "0.1": {"time": 0.06171917915344238, "reduction": 11.559818273599188, "validation": {"accuracy": 66.98637051993941}, "test": {"accuracy": 68.18181818181817}}, "0.2": {"time": 0.05622410774230957, "reduction": 16.658253407370015, "validation": {"accuracy": 66.98637051993941}, "test": {"accuracy": 68.18181818181817}}, "0.3": {"time": 0.05519914627075195, "reduction": 21.251892983341747, "validation": {"accuracy": 66.98637051993941}, "test": {"accuracy": 68.18181818181817}}, "0.4": {"time": 0.05466008186340332, "reduction": 26.905603230691565, "validation": {"accuracy": 68.70267541645634}, "test": {"accuracy": 73.18181818181819}}, "0.5": {"time": 0.05424022674560547, "reduction": 31.297324583543663, "validation": {"accuracy": 68.70267541645634}, "test": {"accuracy": 73.18181818181819}}, "0.6": {"time": 0.06269121170043945,