{"3": {"0.0": {"time": 0.005084991455078125, "reduction": 3.3333333333333326, "validation": {"accuracy": 16.88888888888889}, "test": {"accuracy": 12.0}}, "0.1": {"time": 0.005048036575317383, "reduction": 8.666666666666668, "validation": {"accuracy": 16.666666666666664}, "test": {"accuracy": 12.0}}, "0.2": {"time": 0.0056951045989990234, "reduction": 13.33333333333333, "validation": {"accuracy": 17.333333333333336}, "test": {"accuracy": 8.0}}, "0.3": {"time": 0.007216930389404297, "reduction": 21.777777777777775, "validation": {"accuracy": 17.77777777777778}, "test": {"accuracy": 10.0}}, "0.4": {"time": 0.005629777908325195, "reduction": 30.222222222222218, "validation": {"accuracy": 17.77777777777778}, "test": {"accuracy": 10.0}}, "0.5": {"time": 0.00598907470703125, "reduction": 41.77777777777778, "validation": {"accuracy": 17.555555555555554}, "test": {"accuracy": 12.0}}, "0.6": {"time": 0.006595134735107422, "reduction": 48.88888888888889, "validation": {"accuracy": 16.444444444444446}, "test": {"accuracy": 12.0}}, "0.7": {"time": 0.005389213562011719, "reduction": 60.66666666666667, "validation": {"accuracy": 17.555555555555554}, "test": {"accuracy": 10.0}}, "0.8": {"time": 0.004488229751586914, "reduction": 67.55555555555556, "validation": {"accuracy": 15.555555555555555}, "test": {"accuracy": 8.0}}, "0.9": {"time": 0.004934787750244141, "reduction": 75.1111111111111, "validation": {"accuracy": 15.555555555555555}, "test": {"accuracy": 8.0}}, "1.0": {"time": 0.006083011627197266, "reduction": 80.22222222222221, "validation": {"accuracy": 14.000000000000002}, "test": {"accuracy": 8.0}}}, "4": {"0.0": {"time": 0.005259037017822266, "reduction": 3.77777777777778, "validation": {"accuracy": 15.777777777777777}, "test": {"accuracy": 16.0}}, "0.1": {"time": 0.005291938781738281, "reduction": 9.333333333333337, "validation": {"accuracy": 15.777777777777777}, "test": {"accuracy": 16.0}}, "0.2": {"time": 0.005264997482299805, "reduction": 12.666666666666671, "validation": {"accuracy": 16.22222222222222}, "test": {"accuracy": 16.0}}, "0.3": {"time": 0.0050427913665771484, "reduction": 22.22222222222222, "validation": {"accuracy": 16.666666666666664}, "test": {"accuracy": 16.0}}, "0.4": {"time": 0.005110025405883789, "reduction": 29.333333333333332, "validation": {"accuracy": 16.666666666666664}, "test": {"accuracy": 16.0}}, "0.5": {"time": 0.005289316177368164, "reduction": 38.66666666666667, "validation": {"accuracy": 16.88888888888889}, "test": {"accuracy": 16.0}}, "0.6": {"time": 0.0062520503997802734, "reduction": 44.22222222222222, "validation": {"accuracy": 17.333333333333336}, "test": {"accuracy": 18.0}}, "0.7": {"time": 0.0051441192626953125, "reduction": 51.55555555555556, "validation": {"accuracy": 16.0}, "test": {"accuracy": 16.0}}, "0.8": {"time": 0.004662036895751953, "reduction": 69.33333333333334, "validation": {"accuracy": 15.555555555555555}, "test": {"accuracy": 16.0}}, "0.9": {"time": 0.0049779415130615234, "reduction": 76.0, "validation": {"accuracy": 18.0}, "test": {"accuracy": 14.000000000000002}}, "1.0": {"time": 0.004582881927490234, "reduction": 83.77777777777777, "validation": {"accuracy": 18.0}, "test": {"accuracy": 14.000000000000002}}}, "5": {"0.0": {"time": 0.005549192428588867, "reduction": 4.222222222222227, "validation": {"accuracy": 12.88888888888889}, "test": {"accuracy": 12.0}}, "0.1": {"time": 0.0057010650634765625, "reduction": 10.444444444444445, "validation": {"accuracy": 12.88888888888889}, "test": {"accuracy": 12.0}}, "0.2": {"time": 0.0055389404296875, "reduction": 15.555555555555555, "validation": {"accuracy": 12.88888888888889}, "test": {"accuracy": 12.0}}, "0.3": {"time": 0.005193233489990234, "reduction": 24.66666666666667, "validation": {"accuracy": 14.000000000000002}, "test": {"accuracy": 10.0}}, "0.4": {"time": 0.00550389289855957, "reduction": 31.777777777777782, "validation": {"accuracy": 14.222222222222221}, "test": {"accuracy": 10.0}}, "0.5": {"time": 0.0052411556243896484, "reduction": 41.11111111111111, "validation": {"accuracy": 14.000000000000002}, "test": {"accuracy": 10.0}}, "0.6": {"time": 0.005555868148803711, "reduction": 51.77777777777778, "validation": {"accuracy": 13.333333333333334}, "test": {"accuracy": 10.0}}, "0.7": {"time": 0.0049631595611572266, "reduction": 59.77777777777777, "validation": {"accuracy": 15.333333333333332}, "test": {"accuracy": 10.0}}, "0.8": {"time": 0.004954099655151367, "reduction": 68.88888888888889, "validation": {"accuracy": 15.11111111111111}, "test": {"accuracy": 8.0}}, "0.9": {"time": 0.005158901214599609, "reduction": 75.77777777777777, "validation": {"accuracy": 14.444444444444443}, "test": {"accuracy": 10.0}}, "1.0": {"time": 0.004678010940551758, "reduction": 79.77777777777779, "validation": {"accuracy": 14.222222222222221}, "test": {"accuracy": 8.0}}}, "6": {"0.0": {"time": 0.005306243896484375, "reduction": 2.0000000000000018, "validation": {"accuracy": 13.333333333333334}, "test": {"accuracy": 12.0}}, "0.1": {"time": 0.005476951599121094, "reduction": 9.111111111111114, "validation": {"accuracy": 13.777777777777779}, "test": {"accuracy": 10.0}}, "0.2": {"time": 0.004846096038818359, "reduction": 16.22222222222223, "validation": {"accuracy": 13.777777777777779}, "test": {"accuracy": 10.0}}, "0.3": {"time": 0.005330801010131836, "reduction": 22.666666666666668, "validation": {"accuracy": 13.555555555555557}, "test": {"accuracy": 10.0}}, "0.4": {"time": 0.005326986312866211, "reduction": 30.88888888888889, "validation": {"accuracy": 12.88888888888889}, "test": {"accuracy": 10.0}}, "0.5": {"time": 0.00539398193359375, "reduction": 41.333333333333336, "validation": {"accuracy": 11.777777777777777}, "test": {"accuracy": 10.0}}, "0.6": {"time": 0.005133867263793945, "reduction": 46.666666666666664, "validation": {"accuracy": 12.444444444444445}, "test": {"accuracy": 10.0}}, "0.7": {"time": 0.0043451786041259766, "reduction": 55.111111111111114, "validation": {"accuracy": 13.555555555555557}, "test": {"accuracy": 10.0}}, "0.8": {"time": 0.004951000213623047, "reduction": 63.33333333333333, "validation": {"accuracy": 13.777777777777779}, "test": {"accuracy": 8.0}}, "0.9": {"time": 0.005341291427612305, "reduction": 70.66666666666667, "validation": {"accuracy": 14.666666666666666}, "test": {"accuracy": 14.000000000000002}}, "1.0": {"time": 0.0051038265228271484, "reduction": 80.66666666666666, "validation": {"accuracy": 14.888888888888888}, "test": {"accuracy": 12.0}}}, "7": {"0.0": {"time": 0.005561113357543945, "reduction": 1.3333333333333308, "validation": {"accuracy": 14.222222222222221}, "test": {"accuracy": 10.0}}, "0.1": {"time": 0.004993915557861328, "reduction": 7.55555555555556, "validation": {"accuracy": 14.222222222222221}, "test": {"accuracy": 10.0}}, "0.2": {"time": 0.005808115005493164, "reduction": 12.444444444444446, "validation": {"accuracy": 14.222222222222221}, "test": {"accuracy": 10.0}}, "0.3": {"time": 0.005377054214477539, "reduction": 21.111111111111114, "validation": {"accuracy": 14.888888888888888}, "test": {"accuracy": 10.0}}, "0.4": {"time": 0.004907131195068359, "reduction": 28.44444444444445, "validation": {"accuracy": 14.888888888888888}, "test": {"accuracy": 12.0}}, "0.5": {"time": 0.005449056625366211, "reduction": 41.55555555555556, "validation": {"accuracy": 13.555555555555557}, "test": {"accuracy": 12.0}}, "0.6": {"time": 0.005918979644775391, "reduction": 48.44444444444444, "validation": {"accuracy": 13.777777777777779}, "test": {"accuracy": 14.000000000000002}}, "0.7": {"time": 0.00560307502746582, "reduction": 59.555555555555564, "validation": {"accuracy": 13.333333333333334}, "test": {"accuracy": 12.0}}, "0.8": {"time": 0.004903078079223633, "reduction": 63.77777777777778, "validation": {"accuracy": 14.000000000000002}, "test": {"accuracy": 12.0}}, "0.9": {"time": 0.005506753921508789, "reduction": 72.88888888888889, "validation": {"accuracy": 14.888888888888888}, "test": {"accuracy": 12.0}},