{"3": {"0.0": {"time": 7.531873941421509, "reduction": 21.86651583710407, "validation": {"accuracy": 92.57918552036199}, "test": {"accuracy": 92.76985743380855}}, "0.1": {"time": 7.4986937046051025, "reduction": 22.273755656108595, "validation": {"accuracy": 92.57918552036199}, "test": {"accuracy": 92.76985743380855}}, "0.2": {"time": 7.488793134689331, "reduction": 23.676470588235297, "validation": {"accuracy": 92.4660633484163}, "test": {"accuracy": 92.87169042769857}}, "0.3": {"time": 7.088498115539551, "reduction": 33.450226244343895, "validation": {"accuracy": 92.23981900452489}, "test": {"accuracy": 92.56619144602851}}, "0.4": {"time": 6.365139961242676, "reduction": 56.00678733031674, "validation": {"accuracy": 31.84389140271493}, "test": {"accuracy": 30.855397148676172}}, "0.5": {"time": 5.992393970489502, "reduction": 78.05429864253394, "validation": {"accuracy": 16.798642533936654}, "test": {"accuracy": 14.15478615071283}}, "0.6": {"time": 5.902649879455566, "reduction": 86.88914027149322, "validation": {"accuracy": 15.825791855203619}, "test": {"accuracy": 13.136456211812627}}, "0.7": {"time": 5.9078369140625, "reduction": 89.95475113122173, "validation": {"accuracy": 15.803167420814479}, "test": {"accuracy": 12.932790224032587}}, "0.8": {"time": 5.911665201187134, "reduction": 91.60633484162895, "validation": {"accuracy": 15.803167420814479}, "test": {"accuracy": 12.932790224032587}}, "0.9": {"time": 5.870650768280029, "reduction": 92.62443438914028, "validation": {"accuracy": 15.803167420814479}, "test": {"accuracy": 12.932790224032587}}, "1.0": {"time": 5.876818895339966, "reduction": 92.87330316742081, "validation": {"accuracy": 15.803167420814479}, "test": {"accuracy": 12.932790224032587}}}, "4": {"0.0": {"time": 7.446300983428955, "reduction": 23.303167420814475, "validation": {"accuracy": 93.04298642533936}, "test": {"accuracy": 93.17718940936864}}, "0.1": {"time": 7.452033042907715, "reduction": 23.91402714932127, "validation": {"accuracy": 93.04298642533936}, "test": {"accuracy": 93.17718940936864}}, "0.2": {"time": 7.296054124832153, "reduction": 26.968325791855207, "validation": {"accuracy": 93.04298642533936}, "test": {"accuracy": 93.17718940936864}}, "0.3": {"time": 6.94973087310791, "reduction": 38.009049773755656, "validation": {"accuracy": 44.19683257918552}, "test": {"accuracy": 43.4826883910387}}, "0.4": {"time": 6.323052167892456, "reduction": 58.52941176470588, "validation": {"accuracy": 32.2737556561086}, "test": {"accuracy": 31.67006109979633}}, "0.5": {"time": 6.013820171356201, "reduction": 77.23981900452489, "validation": {"accuracy": 18.47285067873303}, "test": {"accuracy": 20.061099796334013}}, "0.6": {"time": 5.908354997634888, "reduction": 88.26923076923077, "validation": {"accuracy": 15.294117647058824}, "test": {"accuracy": 14.867617107942973}}, "0.7": {"time": 5.87605094909668, "reduction": 91.50452488687783, "validation": {"accuracy": 15.04524886877828}, "test": {"accuracy": 14.765784114052954}}, "0.8": {"time": 5.863126039505005, "reduction": 93.21266968325791, "validation": {"accuracy": 15.04524886877828}, "test": {"accuracy": 14.765784114052954}}, "0.9": {"time": 5.852513074874878, "reduction": 93.98190045248869, "validation": {"accuracy": 15.04524886877828}, "test": {"accuracy": 14.765784114052954}}, "1.0": {"time": 5.89379096031189, "reduction": 94.11764705882352, "validation": {"accuracy": 15.04524886877828}, "test": {"accuracy": 14.765784114052954}}}, "5": {"0.0": {"time": 7.447372198104858, "reduction": 24.615384615384617, "validation": {"accuracy": 92.13800904977376}, "test": {"accuracy": 91.14052953156822}}, "0.1": {"time": 7.392923831939697, "reduction": 25.690045248868778, "validation": {"accuracy": 92.09276018099547}, "test": {"accuracy": 91.14052953156822}}, "0.2": {"time": 7.180001735687256, "reduction": 30.97285067873303, "validation": {"accuracy": 92.03619909502262}, "test": {"accuracy": 91.14052953156822}}, "0.3": {"time": 6.60538387298584, "reduction": 47.79411764705882, "validation": {"accuracy": 41.380090497737555}, "test": {"accuracy": 39.71486761710794}}, "0.4": {"time": 6.12814998626709, "reduction": 69.53619909502262, "validation": {"accuracy": 21.6289592760181}, "test": {"accuracy": 22.606924643584524}}, "0.5": {"time": 5.9412500858306885, "reduction": 83.76696832579185, "validation": {"accuracy": 15.8710407239819}, "test": {"accuracy": 15.580448065173117}}, "0.6": {"time": 5.878416299819946, "reduction": 88.56334841628959, "validation": {"accuracy": 14.807692307692308}, "test": {"accuracy": 14.358452138492872}}, "0.7": {"time": 5.878284931182861, "reduction": 89.87556561085974, "validation": {"accuracy": 14.807692307692308}, "test": {"accuracy": 14.358452138492872}}, "0.8": {"time": 5.870163917541504, "reduction": 91.80995475113122, "validation": {"accuracy": 14.807692307692308}, "test": {"accuracy": 14.358452138492872}}, "0.9": {"time": 5.87640905380249, "reduction": 93.08823529411765, "validation": {"accuracy": 14.807692307692308}, "test": {"accuracy": 14.358452138492872}}, "1.0": {"time": 5.8711628913879395, "reduction": 93.51809954751131, "validation": {"accuracy": 14.807692307692308}, "test": {"accuracy": 14.358452138492872}}}, "6": {"0.0": {"time": 7.4579198360443115, "reduction": 23.69909502262444, "validation": {"accuracy": 91.91176470588235}, "test": {"accuracy": 92.87169042769857}}, "0.1": {"time": 7.468786954879761, "reduction": 24.185520361990953, "validation": {"accuracy": 91.91176470588235}, "test": {"accuracy": 92.87169042769857}}, "0.2": {"time": 7.359843969345093, "reduction": 26.28959276018099, "validation": {"accuracy": 91.82126696832579}, "test": {"accuracy": 92.76985743380855}}, "0.3": {"time": 7.0425989627838135, "reduction": 34.411764705882355, "validation": {"accuracy": 37.522624434389144}, "test": {"accuracy": 36.96537678207739}}, "0.4": {"time": 6.478914976119995, "reduction": 53.20135746606335, "validation": {"accuracy": 29.08371040723982}, "test": {"accuracy": 28.30957230142566}}, "0.5": {"time": 6.096405982971191, "reduction": 72.88461538461539, "validation": {"accuracy": 19.773755656108598}, "test": {"accuracy": 13.340122199592669}}, "0.6": {"time": 5.925475120544434, "reduction": 86.93438914027149, "validation": {"accuracy": 16.481900452488688}, "test": {"accuracy": 10.896130346232178}}, "0.7": {"time": 5.869910955429077, "reduction": 91.41402714932127, "validation": {"accuracy": 15.92760180995475}, "test": {"accuracy": 10.692464358452138}}, "0.8": {"time": 5.864165306091309, "reduction": 92.51131221719457, "validation": {"accuracy": 15.91628959276018}, "test": {"accuracy": 10.692464358452138}}, "0.9": {"time": 5.8594443798065186, "reduction": 92.85067873303167, "validation": {"accuracy": 15.91628959276018}, "test": {"accuracy": 10.692464358452138}}, "1.0": {"time": 5.8559558391571045, "reduction": 92.90723981900453, "validation": {"accuracy": 15.91628959276018}, "test": {"accuracy": 10.692464358452138}}}, "7": {"0.0": {"time": 7.28780198097229, "reduction": 29.117647058823525, "validation": {"accuracy": 93.16742081447964}, "test": {"accuracy": 92.76985743380855}}, "0.1": {"time": 7.275919198989868, "reduction": 29.52488687782805, "validation": {"accuracy": 93.16742081447964}, "test": {"accuracy": 92.76985743380855}}, "0.2": {"time": 7.2747931480407715, "reduction": 30.033936651583716, "validation": {"accuracy": 93.16742081447964}, "test": {"accuracy": 92.76985743380855}}, "0.3": {"time": 7.166298866271973, "reduction": 32.31900452488687, "validation": {"accuracy": 93.15610859728507}, "test": {"accuracy": 92.76985743380855}}, "0.4": {"time": 6.906065225601196, "reduction": 40.61085972850679, "validation": {"accuracy": 93.13348416289593}, "test": {"accuracy": 92.76985743380855}}, "0.5": {"time": 6.460865020751953, "reduction": 55.45248868778281, "validation": {"accuracy": 93.09954751131222}, "test": {"accuracy": 92.76985743380855}}, "0.6": {"time": 6.157193899154663, "reduction": 73.08823529411765, "validation": {"accuracy": 93.66515837104072},