{"3": {"0.0": {"time": 0.0012607574462890625, "reduction": 60.62499999999999, "validation": {"accuracy": 55.625}, "test": {"accuracy": 77.77777777777779}}, "0.1": {"time": 0.0014081001281738281, "reduction": 61.875, "validation": {"accuracy": 55.625}, "test": {"accuracy": 77.77777777777779}}, "0.2": {"time": 0.001192331314086914, "reduction": 63.74999999999999, "validation": {"accuracy": 55.625}, "test": {"accuracy": 77.77777777777779}}, "0.3": {"time": 0.001135110855102539, "reduction": 65.625, "validation": {"accuracy": 50.0}, "test": {"accuracy": 77.77777777777779}}, "0.4": {"time": 0.001157999038696289, "reduction": 66.875, "validation": {"accuracy": 50.0}, "test": {"accuracy": 77.77777777777779}}, "0.5": {"time": 0.0011560916900634766, "reduction": 68.75, "validation": {"accuracy": 49.375}, "test": {"accuracy": 77.77777777777779}}, "0.6": {"time": 0.0011200904846191406, "reduction": 70.625, "validation": {"accuracy": 48.75}, "test": {"accuracy": 77.77777777777779}}, "0.7": {"time": 0.0011141300201416016, "reduction": 73.125, "validation": {"accuracy": 46.875}, "test": {"accuracy": 77.77777777777779}}, "0.8": {"time": 0.0012249946594238281, "reduction": 75.625, "validation": {"accuracy": 49.375}, "test": {"accuracy": 77.77777777777779}}, "0.9": {"time": 0.0011820793151855469, "reduction": 80.625, "validation": {"accuracy": 48.125}, "test": {"accuracy": 77.77777777777779}}, "1.0": {"time": 0.0011610984802246094, "reduction": 98.125, "validation": {"accuracy": 60.0}, "test": {"accuracy": 55.55555555555556}}}, "4": {"0.0": {"time": 0.0011479854583740234, "reduction": 60.0, "validation": {"accuracy": 65.0}, "test": {"accuracy": 50.0}}, "0.1": {"time": 0.0011620521545410156, "reduction": 63.125, "validation": {"accuracy": 65.0}, "test": {"accuracy": 50.0}}, "0.2": {"time": 0.0011889934539794922, "reduction": 66.25, "validation": {"accuracy": 63.74999999999999}, "test": {"accuracy": 44.44444444444444}}, "0.3": {"time": 0.0014410018920898438, "reduction": 66.875, "validation": {"accuracy": 63.74999999999999}, "test": {"accuracy": 44.44444444444444}}, "0.4": {"time": 0.0014731884002685547, "reduction": 69.375, "validation": {"accuracy": 63.74999999999999}, "test": {"accuracy": 38.88888888888889}}, "0.5": {"time": 0.0011470317840576172, "reduction": 71.25, "validation": {"accuracy": 64.375}, "test": {"accuracy": 44.44444444444444}}, "0.6": {"time": 0.0011360645294189453, "reduction": 72.5, "validation": {"accuracy": 55.625}, "test": {"accuracy": 50.0}}, "0.7": {"time": 0.0011279582977294922, "reduction": 78.125, "validation": {"accuracy": 52.5}, "test": {"accuracy": 44.44444444444444}}, "0.8": {"time": 0.0011382102966308594, "reduction": 80.0, "validation": {"accuracy": 52.5}, "test": {"accuracy": 44.44444444444444}}, "0.9": {"time": 0.0011038780212402344, "reduction": 83.75, "validation": {"accuracy": 63.125}, "test": {"accuracy": 50.0}}, "1.0": {"time": 0.001096963882446289, "reduction": 98.125, "validation": {"accuracy": 39.375}, "test": {"accuracy": 44.44444444444444}}}, "5": {"0.0": {"time": 0.001135110855102539, "reduction": 60.0, "validation": {"accuracy": 56.875}, "test": {"accuracy": 61.111111111111114}}, "0.1": {"time": 0.001149892807006836, "reduction": 63.125, "validation": {"accuracy": 56.875}, "test": {"accuracy": 61.111111111111114}}, "0.2": {"time": 0.0011920928955078125, "reduction": 64.375, "validation": {"accuracy": 56.875}, "test": {"accuracy": 61.111111111111114}}, "0.3": {"time": 0.0011219978332519531, "reduction": 65.0, "validation": {"accuracy": 56.875}, "test": {"accuracy": 61.111111111111114}}, "0.4": {"time": 0.0011172294616699219, "reduction": 67.5, "validation": {"accuracy": 56.875}, "test": {"accuracy": 55.55555555555556}}, "0.5": {"time": 0.001399993896484375, "reduction": 68.75, "validation": {"accuracy": 56.875}, "test": {"accuracy": 55.55555555555556}}, "0.6": {"time": 0.0012078285217285156, "reduction": 71.25, "validation": {"accuracy": 56.875}, "test": {"accuracy": 55.55555555555556}}, "0.7": {"time": 0.0011420249938964844, "reduction": 73.125, "validation": {"accuracy": 56.875}, "test": {"accuracy": 55.55555555555556}}, "0.8": {"time": 0.0011148452758789062, "reduction": 75.0, "validation": {"accuracy": 56.25}, "test": {"accuracy": 55.55555555555556}}, "0.9": {"time": 0.0011477470397949219, "reduction": 81.875, "validation": {"accuracy": 61.875}, "test": {"accuracy": 72.22222222222221}}, "1.0": {"time": 0.0011000633239746094, "reduction": 98.125, "validation": {"accuracy": 61.875}, "test": {"accuracy": 77.77777777777779}}}, "6": {"0.0": {"time": 0.0012011528015136719, "reduction": 63.74999999999999, "validation": {"accuracy": 67.5}, "test": {"accuracy": 66.66666666666666}}, "0.1": {"time": 0.0011169910430908203, "reduction": 68.75, "validation": {"accuracy": 68.125}, "test": {"accuracy": 66.66666666666666}}, "0.2": {"time": 0.0011179447174072266, "reduction": 69.375, "validation": {"accuracy": 68.125}, "test": {"accuracy": 66.66666666666666}}, "0.3": {"time": 0.0011191368103027344, "reduction": 70.625, "validation": {"accuracy": 67.5}, "test": {"accuracy": 61.111111111111114}}, "0.4": {"time": 0.0011210441589355469, "reduction": 71.875, "validation": {"accuracy": 67.5}, "test": {"accuracy": 61.111111111111114}}, "0.5": {"time": 0.0012459754943847656, "reduction": 72.5, "validation": {"accuracy": 67.5}, "test": {"accuracy": 61.111111111111114}}, "0.6": {"time": 0.0011141300201416016, "reduction": 77.5, "validation": {"accuracy": 65.0}, "test": {"accuracy": 50.0}}, "0.7": {"time": 0.0011436939239501953, "reduction": 78.75, "validation": {"accuracy": 56.25}, "test": {"accuracy": 66.66666666666666}}, "0.8": {"time": 0.0011248588562011719, "reduction": 80.0, "validation": {"accuracy": 56.25}, "test": {"accuracy": 66.66666666666666}}, "0.9": {"time": 0.0011432170867919922, "reduction": 83.75, "validation": {"accuracy": 55.625}, "test": {"accuracy": 66.66666666666666}}, "1.0": {"time": 0.0011110305786132812, "reduction": 98.125, "validation": {"accuracy": 47.5}, "test": {"accuracy": 44.44444444444444}}}, "7": {"0.0": {"time": 0.0011305809020996094, "reduction": 60.62499999999999, "validation": {"accuracy": 66.875}, "test": {"accuracy": 55.55555555555556}}, "0.1": {"time": 0.0011301040649414062, "reduction": 64.375, "validation": {"accuracy": 66.875}, "test": {"accuracy": 55.55555555555556}}, "0.2": {"time": 0.001127004623413086, "reduction": 66.25, "validation": {"accuracy": 66.25}, "test": {"accuracy": 55.55555555555556}}, "0.3": {"time": 0.0011336803436279297, "reduction": 68.75, "validation": {"accuracy": 66.25}, "test": {"accuracy": 55.55555555555556}}, "0.4": {"time": 0.001138925552368164, "reduction": 71.25, "validation": {"accuracy": 66.875}, "test": {"accuracy": 55.55555555555556}}, "0.5": {"time": 0.001132965087890625, "reduction": 72.5, "validation": {"accuracy": 66.25}, "test": {"accuracy": 55.55555555555556}}, "0.6": {"time": 0.0011181831359863281, "reduction": 74.375, "validation": {"accuracy": 63.125}, "test": {"accuracy": 66.66666666666666}}, "0.7": {"time": 0.0011887550354003906, "reduction": 76.25, "validation": {"accuracy": 62.5}, "test": {"accuracy": 66.66666666666666}}, "0.8": {"time": 0.0012862682342529297, "reduction": 78.125, "validation": {"accuracy": 62.5}, "test": {"accuracy": 66.66666666666666}}, "0.9": {"time": 0.0011229515075683594, "reduction": 80.0, "validation": {"accuracy": 55.625}, "test": {"accuracy": 66.66666666666666}}, "1.0": {"time": 0.0010950565338134766, "reduction": 98.125, "validation": {"accuracy": 45.0}, "test": {"accuracy": 44.44444444444444}}}, "8": {"0.0": {"time": 0.00115203857421875, "reduction": 60.62499999999999, "validation": {"accuracy": 55.625}, "test": {"accuracy": 55.55555555555556}}, "0.1": {"time": 0.0013737678527832031, "reduction": 64.375, "validation": {"accuracy": 55.625}, "test": {"accuracy": 55.55555555555556}}, "0.2": {"time": 0.0012030601501464844, "reduction": 66.875, "validation": {"accuracy": 54.37499999999999}, "test": {"accuracy": 55.55555555555556}},