{"3": {"0.0": {"time": 0.037053823471069336, "reduction": 13.183520599250931, "validation": {"accuracy": 12.209737827715356}, "test": {"accuracy": 18.120805369127517}}, "0.1": {"time": 0.03682994842529297, "reduction": 15.355805243445698, "validation": {"accuracy": 12.209737827715356}, "test": {"accuracy": 18.120805369127517}}, "0.2": {"time": 0.036921024322509766, "reduction": 16.928838951310865, "validation": {"accuracy": 12.284644194756554}, "test": {"accuracy": 18.120805369127517}}, "0.3": {"time": 0.03645801544189453, "reduction": 21.198501872659183, "validation": {"accuracy": 12.209737827715356}, "test": {"accuracy": 17.449664429530202}}, "0.4": {"time": 0.0358731746673584, "reduction": 28.614232209737832, "validation": {"accuracy": 9.887640449438202}, "test": {"accuracy": 16.10738255033557}}, "0.5": {"time": 0.03450798988342285, "reduction": 41.048689138576776, "validation": {"accuracy": 9.887640449438202}, "test": {"accuracy": 16.10738255033557}}, "0.6": {"time": 0.03335404396057129, "reduction": 54.30711610486891, "validation": {"accuracy": 12.734082397003746}, "test": {"accuracy": 17.449664429530202}}, "0.7": {"time": 0.03250408172607422, "reduction": 71.23595505617976, "validation": {"accuracy": 11.835205992509364}, "test": {"accuracy": 16.10738255033557}}, "0.8": {"time": 0.031935930252075195, "reduction": 86.66666666666667, "validation": {"accuracy": 11.235955056179774}, "test": {"accuracy": 12.080536912751679}}, "0.9": {"time": 0.0318601131439209, "reduction": 95.80524344569288, "validation": {"accuracy": 11.535580524344569}, "test": {"accuracy": 12.751677852348994}}, "1.0": {"time": 0.031128883361816406, "reduction": 99.25093632958801, "validation": {"accuracy": 11.760299625468166}, "test": {"accuracy": 11.409395973154362}}}, "4": {"0.0": {"time": 0.0362849235534668, "reduction": 13.108614232209737, "validation": {"accuracy": 23.89513108614232}, "test": {"accuracy": 24.161073825503358}}, "0.1": {"time": 0.03699779510498047, "reduction": 15.056179775280897, "validation": {"accuracy": 23.520599250936332}, "test": {"accuracy": 24.832214765100673}}, "0.2": {"time": 0.037004947662353516, "reduction": 16.85393258426966, "validation": {"accuracy": 23.520599250936332}, "test": {"accuracy": 24.832214765100673}}, "0.3": {"time": 0.036312103271484375, "reduction": 21.573033707865164, "validation": {"accuracy": 18.95131086142322}, "test": {"accuracy": 22.14765100671141}}, "0.4": {"time": 0.03551197052001953, "reduction": 28.988764044943814, "validation": {"accuracy": 15.880149812734082}, "test": {"accuracy": 16.10738255033557}}, "0.5": {"time": 0.03427910804748535, "reduction": 42.921348314606746, "validation": {"accuracy": 15.505617977528091}, "test": {"accuracy": 16.10738255033557}}, "0.6": {"time": 0.03065013885498047, "reduction": 57.37827715355805, "validation": {"accuracy": 10.786516853932584}, "test": {"accuracy": 12.751677852348994}}, "0.7": {"time": 0.02947402000427246, "reduction": 72.65917602996255, "validation": {"accuracy": 12.209737827715356}, "test": {"accuracy": 12.751677852348994}}, "0.8": {"time": 0.0361788272857666, "reduction": 85.46816479400749, "validation": {"accuracy": 12.209737827715356}, "test": {"accuracy": 11.409395973154362}}, "0.9": {"time": 0.027942895889282227, "reduction": 94.9812734082397, "validation": {"accuracy": 12.284644194756554}, "test": {"accuracy": 11.409395973154362}}, "1.0": {"time": 0.028406143188476562, "reduction": 99.25093632958801, "validation": {"accuracy": 3.445692883895131}, "test": {"accuracy": 2.013422818791946}}}, "5": {"0.0": {"time": 0.03361916542053223, "reduction": 14.67065868263473, "validation": {"accuracy": 23.353293413173652}, "test": {"accuracy": 25.0}}, "0.1": {"time": 0.033650875091552734, "reduction": 16.31736526946108, "validation": {"accuracy": 23.353293413173652}, "test": {"accuracy": 25.0}}, "0.2": {"time": 0.03358006477355957, "reduction": 18.33832335329342, "validation": {"accuracy": 23.57784431137725}, "test": {"accuracy": 26.351351351351347}}, "0.3": {"time": 0.032772064208984375, "reduction": 21.931137724550897, "validation": {"accuracy": 24.251497005988025}, "test": {"accuracy": 25.675675675675674}}, "0.4": {"time": 0.03280496597290039, "reduction": 28.967065868263475, "validation": {"accuracy": 24.176646706586826}, "test": {"accuracy": 26.351351351351347}}, "0.5": {"time": 0.032279014587402344, "reduction": 39.44610778443114, "validation": {"accuracy": 18.33832335329341}, "test": {"accuracy": 20.27027027027027}}, "0.6": {"time": 0.031035900115966797, "reduction": 56.212574850299404, "validation": {"accuracy": 17.964071856287426}, "test": {"accuracy": 19.594594594594593}}, "0.7": {"time": 0.029281139373779297, "reduction": 72.52994011976048, "validation": {"accuracy": 9.281437125748502}, "test": {"accuracy": 14.18918918918919}}, "0.8": {"time": 0.028563976287841797, "reduction": 86.07784431137725, "validation": {"accuracy": 4.491017964071856}, "test": {"accuracy": 6.756756756756757}}, "0.9": {"time": 0.028326034545898438, "reduction": 95.58383233532935, "validation": {"accuracy": 2.095808383233533}, "test": {"accuracy": 4.72972972972973}}, "1.0": {"time": 0.028496265411376953, "reduction": 99.25149700598801, "validation": {"accuracy": 0.8982035928143712}, "test": {"accuracy": 2.7027027027027026}}}, "6": {"0.0": {"time": 0.03412890434265137, "reduction": 13.173652694610782, "validation": {"accuracy": 12.125748502994012}, "test": {"accuracy": 12.837837837837837}}, "0.1": {"time": 0.033566951751708984, "reduction": 14.595808383233532, "validation": {"accuracy": 12.125748502994012}, "test": {"accuracy": 13.513513513513514}}, "0.2": {"time": 0.03273892402648926, "reduction": 16.691616766467064, "validation": {"accuracy": 12.125748502994012}, "test": {"accuracy": 13.513513513513514}}, "0.3": {"time": 0.0329890251159668, "reduction": 20.808383233532936, "validation": {"accuracy": 12.125748502994012}, "test": {"accuracy": 13.513513513513514}}, "0.4": {"time": 0.03217291831970215, "reduction": 28.36826347305389, "validation": {"accuracy": 11.077844311377245}, "test": {"accuracy": 12.837837837837837}}, "0.5": {"time": 0.0305178165435791, "reduction": 40.793413173652695, "validation": {"accuracy": 11.302395209580839}, "test": {"accuracy": 12.837837837837837}}, "0.6": {"time": 0.029605865478515625, "reduction": 55.76347305389222, "validation": {"accuracy": 14.520958083832337}, "test": {"accuracy": 11.486486486486488}}, "0.7": {"time": 0.030076265335083008, "reduction": 71.3323353293413, "validation": {"accuracy": 13.323353293413174}, "test": {"accuracy": 10.135135135135135}}, "0.8": {"time": 0.028760910034179688, "reduction": 84.95508982035929, "validation": {"accuracy": 13.023952095808383}, "test": {"accuracy": 10.81081081081081}}, "0.9": {"time": 0.028649091720581055, "reduction": 95.50898203592814, "validation": {"accuracy": 11.22754491017964}, "test": {"accuracy": 9.45945945945946}}, "1.0": {"time": 0.030437946319580078, "reduction": 99.25149700598801, "validation": {"accuracy": 1.87125748502994}, "test": {"accuracy": 2.027027027027027}}}, "7": {"0.0": {"time": 0.0344390869140625, "reduction": 13.997005988023947, "validation": {"accuracy": 22.604790419161677}, "test": {"accuracy": 25.675675675675674}}, "0.1": {"time": 0.03366208076477051, "reduction": 16.09281437125748, "validation": {"accuracy": 22.604790419161677}, "test": {"accuracy": 25.675675675675674}}, "0.2": {"time": 0.03383922576904297, "reduction": 18.33832335329342, "validation": {"accuracy": 22.679640718562872}, "test": {"accuracy": 25.675675675675674}}, "0.3": {"time": 0.03347492218017578, "reduction": 23.35329341317365, "validation": {"accuracy": 22.604790419161677}, "test": {"accuracy": 27.027027027027028}}, "0.4": {"time": 0.03161501884460449, "reduction": 32.41017964071856, "validation": {"accuracy": 20.209580838323355}, "test": {"accuracy": 24.324324324324326}}, "0.5": {"time": 0.031130075454711914, "reduction": 43.93712574850299, "validation": {"accuracy": 11.60179640718563},