{"3": {"0.0": {"time": 0.0022389888763427734, "reduction": 30.645161290322577, "validation": {"accuracy": 53.87096774193548}, "test": {"accuracy": 54.285714285714285}}, "0.1": {"time": 0.0022208690643310547, "reduction": 35.16129032258064, "validation": {"accuracy": 53.87096774193548}, "test": {"accuracy": 54.285714285714285}}, "0.2": {"time": 0.0022096633911132812, "reduction": 41.29032258064517, "validation": {"accuracy": 53.2258064516129}, "test": {"accuracy": 54.285714285714285}}, "0.3": {"time": 0.0020961761474609375, "reduction": 50.0, "validation": {"accuracy": 53.2258064516129}, "test": {"accuracy": 54.285714285714285}}, "0.4": {"time": 0.0022149085998535156, "reduction": 59.67741935483871, "validation": {"accuracy": 48.70967741935484}, "test": {"accuracy": 54.285714285714285}}, "0.5": {"time": 0.002156972885131836, "reduction": 71.29032258064515, "validation": {"accuracy": 48.70967741935484}, "test": {"accuracy": 54.285714285714285}}, "0.6": {"time": 0.0022542476654052734, "reduction": 78.06451612903226, "validation": {"accuracy": 48.70967741935484}, "test": {"accuracy": 54.285714285714285}}, "0.7": {"time": 0.0020749568939208984, "reduction": 85.80645161290322, "validation": {"accuracy": 48.70967741935484}, "test": {"accuracy": 51.42857142857142}}, "0.8": {"time": 0.0019350051879882812, "reduction": 93.87096774193549, "validation": {"accuracy": 58.06451612903226}, "test": {"accuracy": 57.14285714285714}}, "0.9": {"time": 0.0018792152404785156, "reduction": 96.7741935483871, "validation": {"accuracy": 58.06451612903226}, "test": {"accuracy": 57.14285714285714}}, "1.0": {"time": 0.0019168853759765625, "reduction": 99.35483870967742, "validation": {"accuracy": 58.06451612903226}, "test": {"accuracy": 57.14285714285714}}}, "4": {"0.0": {"time": 0.002338886260986328, "reduction": 29.354838709677423, "validation": {"accuracy": 44.193548387096776}, "test": {"accuracy": 48.57142857142857}}, "0.1": {"time": 0.0021822452545166016, "reduction": 33.87096774193549, "validation": {"accuracy": 44.193548387096776}, "test": {"accuracy": 48.57142857142857}}, "0.2": {"time": 0.002244710922241211, "reduction": 40.96774193548387, "validation": {"accuracy": 44.193548387096776}, "test": {"accuracy": 48.57142857142857}}, "0.3": {"time": 0.00213623046875, "reduction": 51.61290322580645, "validation": {"accuracy": 44.193548387096776}, "test": {"accuracy": 45.714285714285715}}, "0.4": {"time": 0.0021932125091552734, "reduction": 60.0, "validation": {"accuracy": 44.193548387096776}, "test": {"accuracy": 42.857142857142854}}, "0.5": {"time": 0.004334211349487305, "reduction": 68.70967741935483, "validation": {"accuracy": 44.193548387096776}, "test": {"accuracy": 42.857142857142854}}, "0.6": {"time": 0.0020279884338378906, "reduction": 78.06451612903226, "validation": {"accuracy": 43.87096774193549}, "test": {"accuracy": 42.857142857142854}}, "0.7": {"time": 0.0019540786743164062, "reduction": 86.45161290322581, "validation": {"accuracy": 43.87096774193549}, "test": {"accuracy": 48.57142857142857}}, "0.8": {"time": 0.0019261837005615234, "reduction": 92.90322580645162, "validation": {"accuracy": 57.096774193548384}, "test": {"accuracy": 51.42857142857142}}, "0.9": {"time": 0.0019261837005615234, "reduction": 97.74193548387096, "validation": {"accuracy": 57.096774193548384}, "test": {"accuracy": 57.14285714285714}}, "1.0": {"time": 0.0019741058349609375, "reduction": 99.35483870967742, "validation": {"accuracy": 58.06451612903226}, "test": {"accuracy": 57.14285714285714}}}, "5": {"0.0": {"time": 0.002233743667602539, "reduction": 27.09677419354839, "validation": {"accuracy": 57.096774193548384}, "test": {"accuracy": 57.14285714285714}}, "0.1": {"time": 0.0022869110107421875, "reduction": 29.354838709677423, "validation": {"accuracy": 57.096774193548384}, "test": {"accuracy": 57.14285714285714}}, "0.2": {"time": 0.002295255661010742, "reduction": 33.225806451612904, "validation": {"accuracy": 57.096774193548384}, "test": {"accuracy": 57.14285714285714}}, "0.3": {"time": 0.0021190643310546875, "reduction": 40.645161290322584, "validation": {"accuracy": 57.096774193548384}, "test": {"accuracy": 57.14285714285714}}, "0.4": {"time": 0.002094745635986328, "reduction": 50.96774193548388, "validation": {"accuracy": 57.096774193548384}, "test": {"accuracy": 57.14285714285714}}, "0.5": {"time": 0.0020139217376708984, "reduction": 63.54838709677419, "validation": {"accuracy": 57.096774193548384}, "test": {"accuracy": 57.14285714285714}}, "0.6": {"time": 0.0019729137420654297, "reduction": 74.51612903225806, "validation": {"accuracy": 56.451612903225815}, "test": {"accuracy": 54.285714285714285}}, "0.7": {"time": 0.0019631385803222656, "reduction": 84.83870967741936, "validation": {"accuracy": 57.41935483870968}, "test": {"accuracy": 54.285714285714285}}, "0.8": {"time": 0.0019199848175048828, "reduction": 91.93548387096774, "validation": {"accuracy": 59.354838709677416}, "test": {"accuracy": 54.285714285714285}}, "0.9": {"time": 0.0019190311431884766, "reduction": 95.16129032258065, "validation": {"accuracy": 59.354838709677416}, "test": {"accuracy": 54.285714285714285}}, "1.0": {"time": 0.0019142627716064453, "reduction": 99.35483870967742, "validation": {"accuracy": 58.06451612903226}, "test": {"accuracy": 57.14285714285714}}}, "6": {"0.0": {"time": 0.002240896224975586, "reduction": 25.080385852090036, "validation": {"accuracy": 57.556270096463024}, "test": {"accuracy": 58.82352941176471}}, "0.1": {"time": 0.002232789993286133, "reduction": 27.0096463022508, "validation": {"accuracy": 57.556270096463024}, "test": {"accuracy": 58.82352941176471}}, "0.2": {"time": 0.0021958351135253906, "reduction": 33.440514469453376, "validation": {"accuracy": 57.556270096463024}, "test": {"accuracy": 58.82352941176471}}, "0.3": {"time": 0.002128124237060547, "reduction": 43.72990353697749, "validation": {"accuracy": 57.556270096463024}, "test": {"accuracy": 58.82352941176471}}, "0.4": {"time": 0.0021097660064697266, "reduction": 52.41157556270096, "validation": {"accuracy": 57.556270096463024}, "test": {"accuracy": 58.82352941176471}}, "0.5": {"time": 0.0020689964294433594, "reduction": 66.2379421221865, "validation": {"accuracy": 57.87781350482315}, "test": {"accuracy": 55.88235294117647}}, "0.6": {"time": 0.002165079116821289, "reduction": 77.491961414791, "validation": {"accuracy": 56.27009646302251}, "test": {"accuracy": 44.11764705882353}}, "0.7": {"time": 0.002020120620727539, "reduction": 85.85209003215434, "validation": {"accuracy": 55.62700964630225}, "test": {"accuracy": 44.11764705882353}}, "0.8": {"time": 0.0020341873168945312, "reduction": 94.85530546623794, "validation": {"accuracy": 57.234726688102896}, "test": {"accuracy": 52.94117647058824}}, "0.9": {"time": 0.0019259452819824219, "reduction": 97.7491961414791, "validation": {"accuracy": 57.234726688102896}, "test": {"accuracy": 52.94117647058824}}, "1.0": {"time": 0.0019278526306152344, "reduction": 99.35691318327974, "validation": {"accuracy": 57.87781350482315}, "test": {"accuracy": 58.82352941176471}}}, "7": {"0.0": {"time": 0.002354145050048828, "reduction": 27.974276527331188, "validation": {"accuracy": 57.556270096463024}, "test": {"accuracy": 55.88235294117647}}, "0.1": {"time": 0.0022478103637695312, "reduction": 28.938906752411576, "validation": {"accuracy": 57.556270096463024}, "test": {"accuracy": 55.88235294117647}}, "0.2": {"time": 0.002171754837036133, "reduction": 33.762057877813504, "validation": {"accuracy": 57.556270096463024}, "test": {"accuracy": 55.88235294117647}}, "0.3": {"time": 0.0021681785583496094, "reduction": 41.479099678456585, "validation": {"accuracy": 57.556270096463024}, "test": {"accuracy": 55.88235294117647}}, "0.4": {"time": 0.002089977264404297, "reduction": 52.41157556270096, "validation": {"accuracy": 56.27009646302251}, "test": {"accuracy": 58.82352941176471}}, "0.5": {"time": 0.0020618438720703125, "reduction": 63.66559485530547, "validation": {"accuracy": 56.27009646302251},