{"3": {"0.0": {"time": 0.0065479278564453125, "reduction": 10.759493670886078, "validation": {"accuracy": 63.60759493670886}, "test": {"accuracy": 65.71428571428571}}, "0.1": {"time": 0.0062808990478515625, "reduction": 18.354430379746834, "validation": {"accuracy": 63.60759493670886}, "test": {"accuracy": 65.71428571428571}}, "0.2": {"time": 0.005027055740356445, "reduction": 21.20253164556962, "validation": {"accuracy": 63.60759493670886}, "test": {"accuracy": 65.71428571428571}}, "0.3": {"time": 0.004431247711181641, "reduction": 32.91139240506329, "validation": {"accuracy": 63.92405063291139}, "test": {"accuracy": 65.71428571428571}}, "0.4": {"time": 0.004407167434692383, "reduction": 45.56962025316456, "validation": {"accuracy": 57.27848101265823}, "test": {"accuracy": 42.857142857142854}}, "0.5": {"time": 0.005580902099609375, "reduction": 50.63291139240506, "validation": {"accuracy": 36.075949367088604}, "test": {"accuracy": 34.285714285714285}}, "0.6": {"time": 0.0040547847747802734, "reduction": 59.810126582278485, "validation": {"accuracy": 36.075949367088604}, "test": {"accuracy": 34.285714285714285}}, "0.7": {"time": 0.00554966926574707, "reduction": 68.67088607594937, "validation": {"accuracy": 36.708860759493675}, "test": {"accuracy": 34.285714285714285}}, "0.8": {"time": 0.00498199462890625, "reduction": 74.0506329113924, "validation": {"accuracy": 36.075949367088604}, "test": {"accuracy": 34.285714285714285}}, "0.9": {"time": 0.004358053207397461, "reduction": 76.58227848101265, "validation": {"accuracy": 36.075949367088604}, "test": {"accuracy": 34.285714285714285}}, "1.0": {"time": 0.0042498111724853516, "reduction": 76.58227848101265, "validation": {"accuracy": 36.075949367088604}, "test": {"accuracy": 34.285714285714285}}}, "4": {"0.0": {"time": 0.0065228939056396484, "reduction": 17.08860759493671, "validation": {"accuracy": 64.87341772151899}, "test": {"accuracy": 65.71428571428571}}, "0.1": {"time": 0.005911111831665039, "reduction": 25.632911392405067, "validation": {"accuracy": 64.87341772151899}, "test": {"accuracy": 65.71428571428571}}, "0.2": {"time": 0.005530118942260742, "reduction": 30.063291139240512, "validation": {"accuracy": 64.87341772151899}, "test": {"accuracy": 65.71428571428571}}, "0.3": {"time": 0.004862070083618164, "reduction": 36.07594936708861, "validation": {"accuracy": 65.50632911392405}, "test": {"accuracy": 65.71428571428571}}, "0.4": {"time": 0.004602193832397461, "reduction": 41.77215189873418, "validation": {"accuracy": 61.39240506329114}, "test": {"accuracy": 57.14285714285714}}, "0.5": {"time": 0.004959821701049805, "reduction": 45.88607594936709, "validation": {"accuracy": 36.075949367088604}, "test": {"accuracy": 54.285714285714285}}, "0.6": {"time": 0.005948781967163086, "reduction": 51.26582278481013, "validation": {"accuracy": 36.708860759493675}, "test": {"accuracy": 34.285714285714285}}, "0.7": {"time": 0.0056951045989990234, "reduction": 61.392405063291136, "validation": {"accuracy": 36.708860759493675}, "test": {"accuracy": 34.285714285714285}}, "0.8": {"time": 0.004149675369262695, "reduction": 68.35443037974683, "validation": {"accuracy": 36.075949367088604}, "test": {"accuracy": 34.285714285714285}}, "0.9": {"time": 0.004324913024902344, "reduction": 74.36708860759494, "validation": {"accuracy": 36.075949367088604}, "test": {"accuracy": 34.285714285714285}}, "1.0": {"time": 0.004683017730712891, "reduction": 76.26582278481013, "validation": {"accuracy": 36.075949367088604}, "test": {"accuracy": 34.285714285714285}}}, "5": {"0.0": {"time": 0.006206989288330078, "reduction": 18.0379746835443, "validation": {"accuracy": 64.24050632911393}, "test": {"accuracy": 68.57142857142857}}, "0.1": {"time": 0.005052328109741211, "reduction": 27.21518987341772, "validation": {"accuracy": 64.24050632911393}, "test": {"accuracy": 65.71428571428571}}, "0.2": {"time": 0.005638837814331055, "reduction": 30.379746835443033, "validation": {"accuracy": 64.55696202531645}, "test": {"accuracy": 62.857142857142854}}, "0.3": {"time": 0.004456758499145508, "reduction": 37.0253164556962, "validation": {"accuracy": 61.07594936708861}, "test": {"accuracy": 51.42857142857142}}, "0.4": {"time": 0.004931926727294922, "reduction": 44.93670886075949, "validation": {"accuracy": 60.44303797468354}, "test": {"accuracy": 51.42857142857142}}, "0.5": {"time": 0.007462978363037109, "reduction": 50.63291139240506, "validation": {"accuracy": 37.0253164556962}, "test": {"accuracy": 34.285714285714285}}, "0.6": {"time": 0.004239082336425781, "reduction": 56.32911392405063, "validation": {"accuracy": 37.0253164556962}, "test": {"accuracy": 34.285714285714285}}, "0.7": {"time": 0.005743980407714844, "reduction": 66.13924050632912, "validation": {"accuracy": 36.075949367088604}, "test": {"accuracy": 34.285714285714285}}, "0.8": {"time": 0.005421161651611328, "reduction": 70.56962025316456, "validation": {"accuracy": 36.075949367088604}, "test": {"accuracy": 34.285714285714285}}, "0.9": {"time": 0.004267215728759766, "reduction": 73.73417721518987, "validation": {"accuracy": 36.075949367088604}, "test": {"accuracy": 34.285714285714285}}, "1.0": {"time": 0.00391387939453125, "reduction": 75.63291139240506, "validation": {"accuracy": 36.075949367088604}, "test": {"accuracy": 34.285714285714285}}}, "6": {"0.0": {"time": 0.006636857986450195, "reduction": 11.075949367088612, "validation": {"accuracy": 64.87341772151899}, "test": {"accuracy": 62.857142857142854}}, "0.1": {"time": 0.0068511962890625, "reduction": 18.354430379746834, "validation": {"accuracy": 64.55696202531645}, "test": {"accuracy": 62.857142857142854}}, "0.2": {"time": 0.006894111633300781, "reduction": 18.670886075949365, "validation": {"accuracy": 64.55696202531645}, "test": {"accuracy": 62.857142857142854}}, "0.3": {"time": 0.0061681270599365234, "reduction": 23.734177215189877, "validation": {"accuracy": 64.55696202531645}, "test": {"accuracy": 62.857142857142854}}, "0.4": {"time": 0.004392862319946289, "reduction": 39.55696202531646, "validation": {"accuracy": 46.20253164556962}, "test": {"accuracy": 62.857142857142854}}, "0.5": {"time": 0.005753040313720703, "reduction": 44.620253164556964, "validation": {"accuracy": 35.75949367088608}, "test": {"accuracy": 37.142857142857146}}, "0.6": {"time": 0.004585981369018555, "reduction": 54.11392405063291, "validation": {"accuracy": 35.75949367088608}, "test": {"accuracy": 37.142857142857146}}, "0.7": {"time": 0.0042612552642822266, "reduction": 61.0759493670886, "validation": {"accuracy": 35.75949367088608}, "test": {"accuracy": 37.142857142857146}}, "0.8": {"time": 0.004092693328857422, "reduction": 67.40506329113924, "validation": {"accuracy": 35.75949367088608}, "test": {"accuracy": 37.142857142857146}}, "0.9": {"time": 0.004144906997680664, "reduction": 72.78481012658227, "validation": {"accuracy": 35.75949367088608}, "test": {"accuracy": 37.142857142857146}}, "1.0": {"time": 0.007205009460449219, "reduction": 74.0506329113924, "validation": {"accuracy": 35.75949367088608}, "test": {"accuracy": 37.142857142857146}}}, "7": {"0.0": {"time": 0.004522085189819336, "reduction": 18.354430379746834, "validation": {"accuracy": 65.50632911392405}, "test": {"accuracy": 65.71428571428571}}, "0.1": {"time": 0.004709959030151367, "reduction": 25.632911392405067, "validation": {"accuracy": 65.50632911392405}, "test": {"accuracy": 65.71428571428571}}, "0.2": {"time": 0.00569605827331543, "reduction": 27.531645569620256, "validation": {"accuracy": 65.82278481012658}, "test": {"accuracy": 65.71428571428571}}, "0.3": {"time": 0.004458904266357422, "reduction": 33.54430379746836, "validation": {"accuracy": 66.13924050632912}, "test": {"accuracy": 65.71428571428571}}, "0.4": {"time": 0.004196882247924805, "reduction": 40.50632911392405, "validation": {"accuracy": 66.45569620253164}, "test": {"accuracy": 65.71428571428571}}, "0.5": {"time": 0.005841970443725586, "reduction": 51.58227848101266, "validation": {"accuracy": 36.392405063291136},