{"3": {"0.0": {"time": 0.12393498420715332, "reduction": 7.8884078884078885, "validation": {"accuracy": 16.402116402116402}, "test": {"accuracy": 16.017316017316016}}, "0.1": {"time": 0.12914299964904785, "reduction": 9.571909571909575, "validation": {"accuracy": 16.402116402116402}, "test": {"accuracy": 16.017316017316016}}, "0.2": {"time": 0.1210780143737793, "reduction": 12.987012987012992, "validation": {"accuracy": 16.4983164983165}, "test": {"accuracy": 16.017316017316016}}, "0.3": {"time": 0.12467288970947266, "reduction": 20.153920153920158, "validation": {"accuracy": 16.402116402116402}, "test": {"accuracy": 16.017316017316016}}, "0.4": {"time": 0.12452888488769531, "reduction": 30.206830206830205, "validation": {"accuracy": 16.786916786916787}, "test": {"accuracy": 15.151515151515152}}, "0.5": {"time": 0.11683082580566406, "reduction": 45.887445887445885, "validation": {"accuracy": 16.883116883116884}, "test": {"accuracy": 16.017316017316016}}, "0.6": {"time": 0.10761189460754395, "reduction": 63.588263588263594, "validation": {"accuracy": 18.085618085618087}, "test": {"accuracy": 18.614718614718615}}, "0.7": {"time": 0.1100301742553711, "reduction": 79.4131794131794, "validation": {"accuracy": 18.422318422318423}, "test": {"accuracy": 17.316017316017316}}, "0.8": {"time": 0.11219382286071777, "reduction": 90.95719095719096, "validation": {"accuracy": 17.027417027417027}, "test": {"accuracy": 15.584415584415584}}, "0.9": {"time": 0.11487197875976562, "reduction": 98.31649831649831, "validation": {"accuracy": 15.151515151515152}, "test": {"accuracy": 12.554112554112553}}, "1.0": {"time": 0.10533618927001953, "reduction": 99.66329966329967, "validation": {"accuracy": 14.862914862914863}, "test": {"accuracy": 13.852813852813853}}}, "4": {"0.0": {"time": 0.12431216239929199, "reduction": 9.187109187109188, "validation": {"accuracy": 16.546416546416545}, "test": {"accuracy": 14.71861471861472}}, "0.1": {"time": 0.13639497756958008, "reduction": 10.870610870610875, "validation": {"accuracy": 16.546416546416545}, "test": {"accuracy": 14.71861471861472}}, "0.2": {"time": 0.11709904670715332, "reduction": 15.151515151515149, "validation": {"accuracy": 16.546416546416545}, "test": {"accuracy": 13.852813852813853}}, "0.3": {"time": 0.11675906181335449, "reduction": 22.991822991822996, "validation": {"accuracy": 16.594516594516595}, "test": {"accuracy": 13.852813852813853}}, "0.4": {"time": 0.12043094635009766, "reduction": 32.61183261183261, "validation": {"accuracy": 16.786916786916787}, "test": {"accuracy": 13.852813852813853}}, "0.5": {"time": 0.11254572868347168, "reduction": 47.42664742664743, "validation": {"accuracy": 17.123617123617123}, "test": {"accuracy": 13.852813852813853}}, "0.6": {"time": 0.11755681037902832, "reduction": 64.02116402116403, "validation": {"accuracy": 16.113516113516113}, "test": {"accuracy": 12.987012987012985}}, "0.7": {"time": 0.1123049259185791, "reduction": 78.40307840307841, "validation": {"accuracy": 16.835016835016837}, "test": {"accuracy": 14.71861471861472}}, "0.8": {"time": 0.11601591110229492, "reduction": 90.09139009139008, "validation": {"accuracy": 16.64261664261664}, "test": {"accuracy": 16.883116883116884}}, "0.9": {"time": 0.10893678665161133, "reduction": 97.54689754689755, "validation": {"accuracy": 16.69071669071669}, "test": {"accuracy": 17.316017316017316}}, "1.0": {"time": 0.10791921615600586, "reduction": 99.66329966329967, "validation": {"accuracy": 14.285714285714285}, "test": {"accuracy": 17.316017316017316}}}, "5": {"0.0": {"time": 0.12020611763000488, "reduction": 8.080808080808078, "validation": {"accuracy": 14.381914381914381}, "test": {"accuracy": 11.688311688311687}}, "0.1": {"time": 0.12777400016784668, "reduction": 10.149110149110152, "validation": {"accuracy": 14.47811447811448}, "test": {"accuracy": 12.554112554112553}}, "0.2": {"time": 0.12256407737731934, "reduction": 14.862914862914867, "validation": {"accuracy": 14.622414622414622}, "test": {"accuracy": 12.121212121212121}}, "0.3": {"time": 0.11673808097839355, "reduction": 22.510822510822514, "validation": {"accuracy": 14.622414622414622}, "test": {"accuracy": 12.121212121212121}}, "0.4": {"time": 0.11444306373596191, "reduction": 33.477633477633475, "validation": {"accuracy": 14.67051467051467}, "test": {"accuracy": 12.987012987012985}}, "0.5": {"time": 0.12683510780334473, "reduction": 46.753246753246756, "validation": {"accuracy": 14.862914862914863}, "test": {"accuracy": 17.316017316017316}}, "0.6": {"time": 0.1136319637298584, "reduction": 63.49206349206349, "validation": {"accuracy": 16.113516113516113}, "test": {"accuracy": 16.450216450216452}}, "0.7": {"time": 0.11211299896240234, "reduction": 78.73977873977874, "validation": {"accuracy": 15.343915343915343}, "test": {"accuracy": 17.316017316017316}}, "0.8": {"time": 0.10336494445800781, "reduction": 90.33189033189034, "validation": {"accuracy": 15.824915824915825}, "test": {"accuracy": 20.77922077922078}}, "0.9": {"time": 0.1012110710144043, "reduction": 96.72919672919673, "validation": {"accuracy": 14.43001443001443}, "test": {"accuracy": 19.913419913419915}}, "1.0": {"time": 0.10267996788024902, "reduction": 99.66329966329967, "validation": {"accuracy": 14.14141414141414}, "test": {"accuracy": 14.285714285714285}}}, "6": {"0.0": {"time": 0.11735725402832031, "reduction": 8.465608465608465, "validation": {"accuracy": 15.44011544011544}, "test": {"accuracy": 14.285714285714285}}, "0.1": {"time": 0.13817977905273438, "reduction": 10.485810485810488, "validation": {"accuracy": 15.44011544011544}, "test": {"accuracy": 14.285714285714285}}, "0.2": {"time": 0.13663625717163086, "reduction": 15.151515151515149, "validation": {"accuracy": 15.343915343915343}, "test": {"accuracy": 14.285714285714285}}, "0.3": {"time": 0.12116718292236328, "reduction": 23.32852332852333, "validation": {"accuracy": 15.343915343915343}, "test": {"accuracy": 14.285714285714285}}, "0.4": {"time": 0.12054204940795898, "reduction": 35.690235690235696, "validation": {"accuracy": 15.295815295815295}, "test": {"accuracy": 15.584415584415584}}, "0.5": {"time": 0.11607599258422852, "reduction": 51.94805194805194, "validation": {"accuracy": 15.68061568061568}, "test": {"accuracy": 14.285714285714285}}, "0.6": {"time": 0.11314201354980469, "reduction": 67.86916786916787, "validation": {"accuracy": 15.824915824915825}, "test": {"accuracy": 11.688311688311687}}, "0.7": {"time": 0.12892794609069824, "reduction": 82.82828282828282, "validation": {"accuracy": 15.921115921115922}, "test": {"accuracy": 11.688311688311687}}, "0.8": {"time": 0.11707592010498047, "reduction": 93.12169312169311, "validation": {"accuracy": 17.075517075517073}, "test": {"accuracy": 12.987012987012985}}, "0.9": {"time": 0.1134042739868164, "reduction": 98.02789802789803, "validation": {"accuracy": 14.14141414141414}, "test": {"accuracy": 13.41991341991342}}, "1.0": {"time": 0.11062192916870117, "reduction": 99.66329966329967, "validation": {"accuracy": 14.862914862914863}, "test": {"accuracy": 13.41991341991342}}}, "7": {"0.0": {"time": 0.1287822723388672, "reduction": 7.599807599807596, "validation": {"accuracy": 16.065416065416066}, "test": {"accuracy": 16.017316017316016}}, "0.1": {"time": 0.12784719467163086, "reduction": 9.23520923520924, "validation": {"accuracy": 16.065416065416066}, "test": {"accuracy": 16.017316017316016}}, "0.2": {"time": 0.1305527687072754, "reduction": 13.227513227513231, "validation": {"accuracy": 16.065416065416066}, "test": {"accuracy": 16.017316017316016}}, "0.3": {"time": 0.12344908714294434, "reduction": 20.153920153920158, "validation": {"accuracy": 15.68061568061568}, "test": {"accuracy": 16.017316017316016}}, "0.4": {"time": 0.13532114028930664, "reduction": 29.629629629629626, "validation": {"accuracy": 15.921115921115922}, "test": {"accuracy": 16.017316017316016}}, "0.5": {"time": 0.13603711128234863, "reduction": 45.40644540644541, "validation": {"accuracy": 15.96921596921597},