{"3": {"0.0": {"time": 0.017152070999145508, "reduction": 0.0, "validation": {"accuracy": 8.866442199775532}, "test": {"accuracy": 14.14141414141414}}, "0.1": {"time": 0.015622138977050781, "reduction": 42.98540965207632, "validation": {"accuracy": 8.754208754208754}, "test": {"accuracy": 13.131313131313133}}, "0.2": {"time": 0.01664423942565918, "reduction": 43.32210998877666, "validation": {"accuracy": 8.754208754208754}, "test": {"accuracy": 13.131313131313133}}, "0.3": {"time": 0.01438593864440918, "reduction": 43.99551066217733, "validation": {"accuracy": 8.529741863075197}, "test": {"accuracy": 13.131313131313133}}, "0.4": {"time": 0.014369964599609375, "reduction": 44.21997755331088, "validation": {"accuracy": 8.529741863075197}, "test": {"accuracy": 14.14141414141414}}, "0.5": {"time": 0.014383077621459961, "reduction": 44.21997755331088, "validation": {"accuracy": 8.529741863075197}, "test": {"accuracy": 14.14141414141414}}, "0.6": {"time": 0.014715909957885742, "reduction": 48.597081930415264, "validation": {"accuracy": 8.529741863075197}, "test": {"accuracy": 14.14141414141414}}, "0.7": {"time": 0.014644861221313477, "reduction": 48.709315375982044, "validation": {"accuracy": 8.529741863075197}, "test": {"accuracy": 14.14141414141414}}, "0.8": {"time": 0.015635967254638672, "reduction": 52.974186307519645, "validation": {"accuracy": 8.529741863075197}, "test": {"accuracy": 14.14141414141414}}, "0.9": {"time": 0.015455007553100586, "reduction": 57.35129068462401, "validation": {"accuracy": 8.866442199775532}, "test": {"accuracy": 12.121212121212121}}, "1.0": {"time": 0.015407800674438477, "reduction": 61.728395061728406, "validation": {"accuracy": 8.866442199775532}, "test": {"accuracy": 11.11111111111111}}}, "4": {"0.0": {"time": 0.01749587059020996, "reduction": 0.0, "validation": {"accuracy": 9.20314253647587}, "test": {"accuracy": 7.07070707070707}}, "0.1": {"time": 0.015750885009765625, "reduction": 43.54657687991021, "validation": {"accuracy": 9.20314253647587}, "test": {"accuracy": 7.07070707070707}}, "0.2": {"time": 0.015798091888427734, "reduction": 44.107744107744104, "validation": {"accuracy": 9.20314253647587}, "test": {"accuracy": 7.07070707070707}}, "0.3": {"time": 0.01586294174194336, "reduction": 44.21997755331088, "validation": {"accuracy": 9.31537598204265}, "test": {"accuracy": 8.080808080808081}}, "0.4": {"time": 0.01558828353881836, "reduction": 48.597081930415264, "validation": {"accuracy": 9.31537598204265}, "test": {"accuracy": 8.080808080808081}}, "0.5": {"time": 0.01549077033996582, "reduction": 53.42312008978676, "validation": {"accuracy": 9.20314253647587}, "test": {"accuracy": 9.090909090909092}}, "0.6": {"time": 0.015558004379272461, "reduction": 53.535353535353536, "validation": {"accuracy": 9.20314253647587}, "test": {"accuracy": 9.090909090909092}}, "0.7": {"time": 0.015459299087524414, "reduction": 58.81032547699214, "validation": {"accuracy": 9.31537598204265}, "test": {"accuracy": 10.1010101010101}}, "0.8": {"time": 0.015424013137817383, "reduction": 59.0347923681257, "validation": {"accuracy": 9.20314253647587}, "test": {"accuracy": 9.090909090909092}}, "0.9": {"time": 0.022645950317382812, "reduction": 59.14702581369249, "validation": {"accuracy": 9.20314253647587}, "test": {"accuracy": 8.080808080808081}}, "1.0": {"time": 0.015467166900634766, "reduction": 59.25925925925925, "validation": {"accuracy": 8.978675645342312}, "test": {"accuracy": 10.1010101010101}}}, "5": {"0.0": {"time": 0.017880916595458984, "reduction": 0.0, "validation": {"accuracy": 8.866442199775532}, "test": {"accuracy": 11.11111111111111}}, "0.1": {"time": 0.015774011611938477, "reduction": 46.240179573512904, "validation": {"accuracy": 8.866442199775532}, "test": {"accuracy": 11.11111111111111}}, "0.2": {"time": 0.015747785568237305, "reduction": 46.801346801346796, "validation": {"accuracy": 9.090909090909092}, "test": {"accuracy": 9.090909090909092}}, "0.3": {"time": 0.015746116638183594, "reduction": 47.47474747474747, "validation": {"accuracy": 8.641975308641975}, "test": {"accuracy": 13.131313131313133}}, "0.4": {"time": 0.015734195709228516, "reduction": 47.69921436588104, "validation": {"accuracy": 8.641975308641975}, "test": {"accuracy": 14.14141414141414}}, "0.5": {"time": 0.01576399803161621, "reduction": 47.81144781144781, "validation": {"accuracy": 8.978675645342312}, "test": {"accuracy": 11.11111111111111}}, "0.6": {"time": 0.01562809944152832, "reduction": 47.92368125701459, "validation": {"accuracy": 8.978675645342312}, "test": {"accuracy": 10.1010101010101}}, "0.7": {"time": 0.015633821487426758, "reduction": 48.14814814814815, "validation": {"accuracy": 9.090909090909092}, "test": {"accuracy": 11.11111111111111}}, "0.8": {"time": 0.015006065368652344, "reduction": 48.26038159371493, "validation": {"accuracy": 9.090909090909092}, "test": {"accuracy": 11.11111111111111}}, "0.9": {"time": 0.013766050338745117, "reduction": 52.6374859708193, "validation": {"accuracy": 9.090909090909092}, "test": {"accuracy": 11.11111111111111}}, "1.0": {"time": 0.01548004150390625, "reduction": 57.463524130190805, "validation": {"accuracy": 9.090909090909092}, "test": {"accuracy": 9.090909090909092}}}, "6": {"0.0": {"time": 0.017015695571899414, "reduction": 0.0, "validation": {"accuracy": 9.31537598204265}, "test": {"accuracy": 7.07070707070707}}, "0.1": {"time": 0.014577865600585938, "reduction": 42.76094276094277, "validation": {"accuracy": 9.20314253647587}, "test": {"accuracy": 7.07070707070707}}, "0.2": {"time": 0.01487112045288086, "reduction": 43.65881032547699, "validation": {"accuracy": 9.20314253647587}, "test": {"accuracy": 7.07070707070707}}, "0.3": {"time": 0.014499902725219727, "reduction": 44.33221099887766, "validation": {"accuracy": 9.090909090909092}, "test": {"accuracy": 10.1010101010101}}, "0.4": {"time": 0.014482736587524414, "reduction": 48.597081930415264, "validation": {"accuracy": 9.090909090909092}, "test": {"accuracy": 10.1010101010101}}, "0.5": {"time": 0.015486955642700195, "reduction": 48.709315375982044, "validation": {"accuracy": 9.090909090909092}, "test": {"accuracy": 10.1010101010101}}, "0.6": {"time": 0.014922857284545898, "reduction": 48.821548821548824, "validation": {"accuracy": 9.090909090909092}, "test": {"accuracy": 9.090909090909092}}, "0.7": {"time": 0.014435052871704102, "reduction": 48.9337822671156, "validation": {"accuracy": 9.090909090909092}, "test": {"accuracy": 9.090909090909092}}, "0.8": {"time": 0.015074014663696289, "reduction": 49.046015712682376, "validation": {"accuracy": 9.090909090909092}, "test": {"accuracy": 9.090909090909092}}, "0.9": {"time": 0.014513254165649414, "reduction": 53.759820426487096, "validation": {"accuracy": 9.090909090909092}, "test": {"accuracy": 9.090909090909092}}, "1.0": {"time": 0.013855934143066406, "reduction": 58.36139169472503, "validation": {"accuracy": 8.641975308641975}, "test": {"accuracy": 15.151515151515152}}}, "7": {"0.0": {"time": 0.01673102378845215, "reduction": 0.0, "validation": {"accuracy": 9.090909090909092}, "test": {"accuracy": 8.080808080808081}}, "0.1": {"time": 0.014616966247558594, "reduction": 38.27160493827161, "validation": {"accuracy": 8.641975308641975}, "test": {"accuracy": 11.11111111111111}}, "0.2": {"time": 0.014460086822509766, "reduction": 38.60830527497194, "validation": {"accuracy": 9.20314253647587}, "test": {"accuracy": 6.0606060606060606}}, "0.3": {"time": 0.015720844268798828, "reduction": 38.94500561167228, "validation": {"accuracy": 9.31537598204265}, "test": {"accuracy": 6.0606060606060606}}, "0.4": {"time": 0.015049934387207031, "reduction": 39.16947250280584, "validation": {"accuracy": 9.31537598204265}, "test": {"accuracy": 6.0606060606060606}}, "0.5": {"time": 0.014777898788452148, "reduction": 44.107744107744104, "validation": {"accuracy": 9.20314253647587}, "test": {"accuracy": 7.07070707070707}}, "0.6": {"time": 0.015040159225463867, "reduction": 44.33221099887766,