{"3": {"0.0": {"time": 0.006006956100463867, "reduction": 1.6014234875444844, "validation": {"accuracy": 9.608540925266903}, "test": {"accuracy": 25.396825396825395}}, "0.1": {"time": 0.00501704216003418, "reduction": 11.032028469750887, "validation": {"accuracy": 11.387900355871885}, "test": {"accuracy": 25.396825396825395}}, "0.2": {"time": 0.0053408145904541016, "reduction": 16.903914590747327, "validation": {"accuracy": 11.743772241992882}, "test": {"accuracy": 26.984126984126984}}, "0.3": {"time": 0.005262136459350586, "reduction": 24.199288256227756, "validation": {"accuracy": 11.743772241992882}, "test": {"accuracy": 26.984126984126984}}, "0.4": {"time": 0.0051882266998291016, "reduction": 32.562277580071175, "validation": {"accuracy": 19.9288256227758}, "test": {"accuracy": 36.507936507936506}}, "0.5": {"time": 0.006905078887939453, "reduction": 32.740213523131665, "validation": {"accuracy": 19.9288256227758}, "test": {"accuracy": 36.507936507936506}}, "0.6": {"time": 0.005266904830932617, "reduction": 34.519572953736656, "validation": {"accuracy": 19.9288256227758}, "test": {"accuracy": 36.507936507936506}}, "0.7": {"time": 0.005936145782470703, "reduction": 57.65124555160141, "validation": {"accuracy": 46.97508896797153}, "test": {"accuracy": 49.2063492063492}}, "0.8": {"time": 0.00791621208190918, "reduction": 58.185053380782925, "validation": {"accuracy": 24.555160142348754}, "test": {"accuracy": 26.984126984126984}}, "0.9": {"time": 0.005659818649291992, "reduction": 70.8185053380783, "validation": {"accuracy": 9.252669039145907}, "test": {"accuracy": 15.873015873015872}}, "1.0": {"time": 0.004746913909912109, "reduction": 70.99644128113879, "validation": {"accuracy": 9.252669039145907}, "test": {"accuracy": 15.873015873015872}}}, "4": {"0.0": {"time": 0.005198240280151367, "reduction": 1.7793594306049876, "validation": {"accuracy": 10.676156583629894}, "test": {"accuracy": 19.047619047619047}}, "0.1": {"time": 0.0061380863189697266, "reduction": 11.743772241992879, "validation": {"accuracy": 20.99644128113879}, "test": {"accuracy": 30.158730158730158}}, "0.2": {"time": 0.005092144012451172, "reduction": 17.437722419928825, "validation": {"accuracy": 21.17437722419929}, "test": {"accuracy": 31.746031746031743}}, "0.3": {"time": 0.005502939224243164, "reduction": 24.911032028469748, "validation": {"accuracy": 21.17437722419929}, "test": {"accuracy": 31.746031746031743}}, "0.4": {"time": 0.005135774612426758, "reduction": 26.51245551601423, "validation": {"accuracy": 29.00355871886121}, "test": {"accuracy": 39.682539682539684}}, "0.5": {"time": 0.005090236663818359, "reduction": 34.87544483985765, "validation": {"accuracy": 29.181494661921707}, "test": {"accuracy": 44.44444444444444}}, "0.6": {"time": 0.004961967468261719, "reduction": 44.128113879003564, "validation": {"accuracy": 29.181494661921707}, "test": {"accuracy": 44.44444444444444}}, "0.7": {"time": 0.005095958709716797, "reduction": 44.83985765124555, "validation": {"accuracy": 29.181494661921707}, "test": {"accuracy": 44.44444444444444}}, "0.8": {"time": 0.006018877029418945, "reduction": 55.871886120996436, "validation": {"accuracy": 28.11387900355872}, "test": {"accuracy": 47.61904761904761}}, "0.9": {"time": 0.005598306655883789, "reduction": 69.9288256227758, "validation": {"accuracy": 50.0}, "test": {"accuracy": 49.2063492063492}}, "1.0": {"time": 0.0048482418060302734, "reduction": 71.70818505338079, "validation": {"accuracy": 62.989323843416365}, "test": {"accuracy": 61.904761904761905}}}, "5": {"0.0": {"time": 0.005572080612182617, "reduction": 1.4234875444839812, "validation": {"accuracy": 20.284697508896798}, "test": {"accuracy": 30.158730158730158}}, "0.1": {"time": 0.005304098129272461, "reduction": 9.964412811387902, "validation": {"accuracy": 29.181494661921707}, "test": {"accuracy": 33.33333333333333}}, "0.2": {"time": 0.0052869319915771484, "reduction": 16.014234875444842, "validation": {"accuracy": 29.537366548042705}, "test": {"accuracy": 38.095238095238095}}, "0.3": {"time": 0.005203962326049805, "reduction": 17.437722419928825, "validation": {"accuracy": 29.537366548042705}, "test": {"accuracy": 38.095238095238095}}, "0.4": {"time": 0.005393028259277344, "reduction": 24.911032028469748, "validation": {"accuracy": 29.537366548042705}, "test": {"accuracy": 38.095238095238095}}, "0.5": {"time": 0.0054168701171875, "reduction": 34.87544483985765, "validation": {"accuracy": 29.537366548042705}, "test": {"accuracy": 41.269841269841265}}, "0.6": {"time": 0.004707813262939453, "reduction": 45.37366548042705, "validation": {"accuracy": 29.537366548042705}, "test": {"accuracy": 41.269841269841265}}, "0.7": {"time": 0.005067110061645508, "reduction": 55.51601423487544, "validation": {"accuracy": 28.825622775800714}, "test": {"accuracy": 39.682539682539684}}, "0.8": {"time": 0.004768848419189453, "reduction": 57.29537366548043, "validation": {"accuracy": 32.91814946619217}, "test": {"accuracy": 26.984126984126984}}, "0.9": {"time": 0.004416942596435547, "reduction": 69.21708185053382, "validation": {"accuracy": 9.252669039145907}, "test": {"accuracy": 17.46031746031746}}, "1.0": {"time": 0.0047152042388916016, "reduction": 71.35231316725978, "validation": {"accuracy": 9.252669039145907}, "test": {"accuracy": 17.46031746031746}}}, "6": {"0.0": {"time": 0.00776219367980957, "reduction": 1.7761989342806372, "validation": {"accuracy": 14.92007104795737}, "test": {"accuracy": 27.419354838709676}}, "0.1": {"time": 0.005188941955566406, "reduction": 11.012433392539966, "validation": {"accuracy": 26.465364120781526}, "test": {"accuracy": 29.03225806451613}}, "0.2": {"time": 0.004906892776489258, "reduction": 17.2291296625222, "validation": {"accuracy": 26.820603907637658}, "test": {"accuracy": 30.64516129032258}}, "0.3": {"time": 0.0048389434814453125, "reduction": 23.97868561278863, "validation": {"accuracy": 26.820603907637658}, "test": {"accuracy": 30.64516129032258}}, "0.4": {"time": 0.005424976348876953, "reduction": 25.93250444049734, "validation": {"accuracy": 35.52397868561279}, "test": {"accuracy": 32.25806451612903}}, "0.5": {"time": 0.006016969680786133, "reduction": 34.4582593250444, "validation": {"accuracy": 35.34635879218472}, "test": {"accuracy": 33.87096774193548}}, "0.6": {"time": 0.005235195159912109, "reduction": 44.93783303730018, "validation": {"accuracy": 35.34635879218472}, "test": {"accuracy": 33.87096774193548}}, "0.7": {"time": 0.0059092044830322266, "reduction": 45.47069271758437, "validation": {"accuracy": 35.34635879218472}, "test": {"accuracy": 33.87096774193548}}, "0.8": {"time": 0.005750179290771484, "reduction": 56.48312611012434, "validation": {"accuracy": 34.280639431616336}, "test": {"accuracy": 35.483870967741936}}, "0.9": {"time": 0.004164218902587891, "reduction": 69.80461811722914, "validation": {"accuracy": 42.62877442273535}, "test": {"accuracy": 38.70967741935484}}, "1.0": {"time": 0.0046901702880859375, "reduction": 73.17939609236235, "validation": {"accuracy": 63.94316163410302}, "test": {"accuracy": 61.29032258064516}}}, "7": {"0.0": {"time": 0.007524013519287109, "reduction": 2.3090586145648295, "validation": {"accuracy": 31.616341030195382}, "test": {"accuracy": 29.03225806451613}}, "0.1": {"time": 0.004970073699951172, "reduction": 9.946714031971581, "validation": {"accuracy": 31.616341030195382}, "test": {"accuracy": 30.64516129032258}}, "0.2": {"time": 0.004939079284667969, "reduction": 16.34103019538188, "validation": {"accuracy": 31.97158081705151}, "test": {"accuracy": 33.87096774193548}}, "0.3": {"time": 0.004990100860595703, "reduction": 23.80106571936057, "validation": {"accuracy": 31.97158081705151}, "test": {"accuracy": 33.87096774193548}}, "0.4": {"time": 0.0048749446868896484, "reduction": 24.333925399644762, "validation": {"accuracy": 31.97158081705151}, "test": {"accuracy": 33.87096774193548}}, "0.5": {"time": 0.006958723068237305, "reduction": 33.74777975133215, "validation": {"accuracy": 42.09591474245116},