{"3": {"0.0": {"time": 41.72867298126221, "reduction": 47.35380835380836, "validation": {"accuracy": 75.08599508599508}, "test": {"accuracy": 75.23219814241486}}, "0.1": {"time": 42.44436192512512, "reduction": 47.73218673218673, "validation": {"accuracy": 75.08353808353809}, "test": {"accuracy": 75.23219814241486}}, "0.2": {"time": 43.01997184753418, "reduction": 50.0958230958231, "validation": {"accuracy": 75.08353808353809}, "test": {"accuracy": 75.23219814241486}}, "0.3": {"time": 42.20040798187256, "reduction": 55.530712530712535, "validation": {"accuracy": 75.12039312039313}, "test": {"accuracy": 75.25431225121628}}, "0.4": {"time": 40.84404182434082, "reduction": 63.09582309582309, "validation": {"accuracy": 75.10810810810811}, "test": {"accuracy": 75.23219814241486}}, "0.5": {"time": 40.70437002182007, "reduction": 72.02457002457002, "validation": {"accuracy": 75.15479115479116}, "test": {"accuracy": 75.21008403361344}}, "0.6": {"time": 40.00500822067261, "reduction": 80.41277641277641, "validation": {"accuracy": 75.15724815724816}, "test": {"accuracy": 75.21008403361344}}, "0.7": {"time": 37.62272500991821, "reduction": 87.52088452088452, "validation": {"accuracy": 75.16461916461917}, "test": {"accuracy": 75.21008403361344}}, "0.8": {"time": 38.44970083236694, "reduction": 92.3980343980344, "validation": {"accuracy": 74.97297297297297}, "test": {"accuracy": 75.05528527200353}}, "0.9": {"time": 38.97616410255432, "reduction": 97.45700245700246, "validation": {"accuracy": 75.03931203931204}, "test": {"accuracy": 75.12162759840778}}, "1.0": {"time": 37.31599497795105, "reduction": 99.995085995086, "validation": {"accuracy": 68.77395577395578}, "test": {"accuracy": 69.04024767801857}}}, "4": {"0.0": {"time": 45.077587842941284, "reduction": 47.11793611793612, "validation": {"accuracy": 74.82309582309583}, "test": {"accuracy": 74.67934542237947}}, "0.1": {"time": 44.58552813529968, "reduction": 47.47174447174447, "validation": {"accuracy": 74.81818181818181}, "test": {"accuracy": 74.65723131357807}}, "0.2": {"time": 44.25660705566406, "reduction": 49.72481572481573, "validation": {"accuracy": 74.81326781326781}, "test": {"accuracy": 74.65723131357807}}, "0.3": {"time": 42.50428605079651, "reduction": 55.28746928746928, "validation": {"accuracy": 74.8108108108108}, "test": {"accuracy": 74.70145953118089}}, "0.4": {"time": 40.718421936035156, "reduction": 63.21130221130221, "validation": {"accuracy": 74.47665847665847}, "test": {"accuracy": 74.19283502874833}}, "0.5": {"time": 39.711912870407104, "reduction": 72.25552825552826, "validation": {"accuracy": 74.48402948402948}, "test": {"accuracy": 74.23706324635117}}, "0.6": {"time": 38.01877403259277, "reduction": 80.80098280098281, "validation": {"accuracy": 74.48894348894349}, "test": {"accuracy": 74.281291463954}}, "0.7": {"time": 37.42421293258667, "reduction": 87.7960687960688, "validation": {"accuracy": 74.41769041769042}, "test": {"accuracy": 74.23706324635117}}, "0.8": {"time": 36.91696286201477, "reduction": 92.67813267813267, "validation": {"accuracy": 72.76904176904176}, "test": {"accuracy": 72.51216275984078}}, "0.9": {"time": 37.697875022888184, "reduction": 97.50859950859952, "validation": {"accuracy": 75.04176904176904}, "test": {"accuracy": 75.01105705440071}}, "1.0": {"time": 36.71838116645813, "reduction": 99.995085995086, "validation": {"accuracy": 71.73464373464373}, "test": {"accuracy": 71.20743034055728}}}, "5": {"0.0": {"time": 42.88228988647461, "reduction": 47.221130221130224, "validation": {"accuracy": 74.9041769041769}, "test": {"accuracy": 75.03317116320213}}, "0.1": {"time": 43.52536392211914, "reduction": 47.41277641277642, "validation": {"accuracy": 74.8968058968059}, "test": {"accuracy": 75.03317116320213}}, "0.2": {"time": 43.44567513465881, "reduction": 49.23095823095823, "validation": {"accuracy": 74.8894348894349}, "test": {"accuracy": 75.05528527200353}}, "0.3": {"time": 42.02979302406311, "reduction": 54.37837837837838, "validation": {"accuracy": 74.92628992628993}, "test": {"accuracy": 75.1437417072092}}, "0.4": {"time": 41.121131896972656, "reduction": 62.23095823095824, "validation": {"accuracy": 75.17936117936118}, "test": {"accuracy": 75.21008403361344}}, "0.5": {"time": 38.700515031814575, "reduction": 71.54054054054055, "validation": {"accuracy": 75.16707616707616}, "test": {"accuracy": 75.18796992481202}}, "0.6": {"time": 38.5047128200531, "reduction": 80.29238329238329, "validation": {"accuracy": 75.14987714987716}, "test": {"accuracy": 75.12162759840778}}, "0.7": {"time": 36.92594313621521, "reduction": 87.71498771498771, "validation": {"accuracy": 75.17444717444718}, "test": {"accuracy": 75.1437417072092}}, "0.8": {"time": 37.82025909423828, "reduction": 92.66584766584766, "validation": {"accuracy": 75.07862407862407}, "test": {"accuracy": 74.90048651039362}}, "0.9": {"time": 37.54054236412048, "reduction": 97.5945945945946, "validation": {"accuracy": 75.10810810810811}, "test": {"accuracy": 74.98894294559929}}, "1.0": {"time": 36.58202385902405, "reduction": 99.995085995086, "validation": {"accuracy": 74.55773955773955}, "test": {"accuracy": 74.5687748783724}}}, "6": {"0.0": {"time": 43.46186399459839, "reduction": 47.65356265356265, "validation": {"accuracy": 75.14987714987716}, "test": {"accuracy": 75.09951348960638}}, "0.1": {"time": 44.100594997406006, "reduction": 47.91646191646192, "validation": {"accuracy": 75.13759213759214}, "test": {"accuracy": 75.09951348960638}}, "0.2": {"time": 42.78130888938904, "reduction": 50.06388206388206, "validation": {"accuracy": 75.13513513513513}, "test": {"accuracy": 75.09951348960638}}, "0.3": {"time": 41.30798387527466, "reduction": 55.18427518427518, "validation": {"accuracy": 75.15479115479116}, "test": {"accuracy": 75.09951348960638}}, "0.4": {"time": 40.096996784210205, "reduction": 63.058968058968055, "validation": {"accuracy": 75.15233415233415}, "test": {"accuracy": 75.07739938080495}}, "0.5": {"time": 38.681058168411255, "reduction": 72.1990171990172, "validation": {"accuracy": 75.17199017199017}, "test": {"accuracy": 75.12162759840778}}, "0.6": {"time": 37.7683310508728, "reduction": 80.78869778869779, "validation": {"accuracy": 74.96560196560196}, "test": {"accuracy": 74.94471472799647}}, "0.7": {"time": 37.332252979278564, "reduction": 87.76658476658477, "validation": {"accuracy": 74.8968058968059}, "test": {"accuracy": 74.87837240159222}}, "0.8": {"time": 37.311556816101074, "reduction": 92.48894348894349, "validation": {"accuracy": 74.82555282555282}, "test": {"accuracy": 74.54666076957098}}, "0.9": {"time": 37.529906272888184, "reduction": 97.44717444717445, "validation": {"accuracy": 75.21375921375922}, "test": {"accuracy": 75.18796992481202}}, "1.0": {"time": 36.24043130874634, "reduction": 99.995085995086, "validation": {"accuracy": 26.616707616707618}, "test": {"accuracy": 26.66961521450685}}}, "7": {"0.0": {"time": 43.23947811126709, "reduction": 47.4987714987715, "validation": {"accuracy": 74.42260442260442}, "test": {"accuracy": 74.7235736399823}}, "0.1": {"time": 43.189146995544434, "reduction": 47.77395577395578, "validation": {"accuracy": 74.37592137592137}, "test": {"accuracy": 74.67934542237947}}, "0.2": {"time": 42.77400207519531, "reduction": 49.80589680589681, "validation": {"accuracy": 74.34643734643734}, "test": {"accuracy": 74.67934542237947}}, "0.3": {"time": 40.86894202232361, "reduction": 55.27764127764128, "validation": {"accuracy": 74.33415233415234}, "test": {"accuracy": 74.65723131357807}}, "0.4": {"time": 39.85113477706909, "reduction": 63.2997542997543, "validation": {"accuracy": 74.2014742014742}, "test": {"accuracy": 74.65723131357807}}, "0.5": {"time": 38.51645112037659, "reduction": 72.46928746928747, "validation": {"accuracy": 74.64127764127764}, "test": {"accuracy": 74.83414418398938}}, "0.6": {"time": 36.68433904647827, "reduction": 81.06879606879606, "validation": {"accuracy": 74.77149877149877}, "test": {"accuracy": 74.87837240159222}},