{"3": {"0.0": {"time": 0.0012521743774414062, "reduction": 57.49999999999999, "validation": {"accuracy": 65.625}, "test": {"accuracy": 55.55555555555556}}, "0.1": {"time": 0.0011849403381347656, "reduction": 60.0, "validation": {"accuracy": 65.625}, "test": {"accuracy": 55.55555555555556}}, "0.2": {"time": 0.0013320446014404297, "reduction": 62.5, "validation": {"accuracy": 61.875}, "test": {"accuracy": 55.55555555555556}}, "0.3": {"time": 0.001096963882446289, "reduction": 65.625, "validation": {"accuracy": 58.75}, "test": {"accuracy": 50.0}}, "0.4": {"time": 0.0010938644409179688, "reduction": 69.375, "validation": {"accuracy": 55.625}, "test": {"accuracy": 50.0}}, "0.5": {"time": 0.0011510848999023438, "reduction": 71.25, "validation": {"accuracy": 56.25}, "test": {"accuracy": 50.0}}, "0.6": {"time": 0.0010569095611572266, "reduction": 72.5, "validation": {"accuracy": 51.87500000000001}, "test": {"accuracy": 50.0}}, "0.7": {"time": 0.001088857650756836, "reduction": 80.625, "validation": {"accuracy": 57.49999999999999}, "test": {"accuracy": 50.0}}, "0.8": {"time": 0.0011577606201171875, "reduction": 83.125, "validation": {"accuracy": 57.49999999999999}, "test": {"accuracy": 50.0}}, "0.9": {"time": 0.0009930133819580078, "reduction": 87.5, "validation": {"accuracy": 67.5}, "test": {"accuracy": 66.66666666666666}}, "1.0": {"time": 0.0011279582977294922, "reduction": 98.125, "validation": {"accuracy": 67.5}, "test": {"accuracy": 50.0}}}, "4": {"0.0": {"time": 0.0010340213775634766, "reduction": 56.25, "validation": {"accuracy": 67.5}, "test": {"accuracy": 44.44444444444444}}, "0.1": {"time": 0.0010492801666259766, "reduction": 59.375, "validation": {"accuracy": 68.75}, "test": {"accuracy": 44.44444444444444}}, "0.2": {"time": 0.0014820098876953125, "reduction": 61.875, "validation": {"accuracy": 68.125}, "test": {"accuracy": 44.44444444444444}}, "0.3": {"time": 0.0012021064758300781, "reduction": 61.875, "validation": {"accuracy": 68.125}, "test": {"accuracy": 44.44444444444444}}, "0.4": {"time": 0.0011348724365234375, "reduction": 65.625, "validation": {"accuracy": 67.5}, "test": {"accuracy": 38.88888888888889}}, "0.5": {"time": 0.0012249946594238281, "reduction": 67.5, "validation": {"accuracy": 66.875}, "test": {"accuracy": 38.88888888888889}}, "0.6": {"time": 0.0010361671447753906, "reduction": 70.625, "validation": {"accuracy": 63.74999999999999}, "test": {"accuracy": 33.33333333333333}}, "0.7": {"time": 0.0010180473327636719, "reduction": 74.375, "validation": {"accuracy": 63.125}, "test": {"accuracy": 33.33333333333333}}, "0.8": {"time": 0.0010790824890136719, "reduction": 77.5, "validation": {"accuracy": 58.12500000000001}, "test": {"accuracy": 50.0}}, "0.9": {"time": 0.0011470317840576172, "reduction": 81.25, "validation": {"accuracy": 59.375}, "test": {"accuracy": 44.44444444444444}}, "1.0": {"time": 0.001008749008178711, "reduction": 98.125, "validation": {"accuracy": 58.12500000000001}, "test": {"accuracy": 50.0}}}, "5": {"0.0": {"time": 0.0012819766998291016, "reduction": 64.375, "validation": {"accuracy": 57.49999999999999}, "test": {"accuracy": 50.0}}, "0.1": {"time": 0.0010178089141845703, "reduction": 66.875, "validation": {"accuracy": 57.49999999999999}, "test": {"accuracy": 50.0}}, "0.2": {"time": 0.0010149478912353516, "reduction": 70.0, "validation": {"accuracy": 57.49999999999999}, "test": {"accuracy": 50.0}}, "0.3": {"time": 0.0011017322540283203, "reduction": 71.875, "validation": {"accuracy": 57.49999999999999}, "test": {"accuracy": 50.0}}, "0.4": {"time": 0.0010221004486083984, "reduction": 73.75, "validation": {"accuracy": 57.49999999999999}, "test": {"accuracy": 50.0}}, "0.5": {"time": 0.0011479854583740234, "reduction": 76.875, "validation": {"accuracy": 53.75}, "test": {"accuracy": 50.0}}, "0.6": {"time": 0.0010113716125488281, "reduction": 77.5, "validation": {"accuracy": 53.75}, "test": {"accuracy": 50.0}}, "0.7": {"time": 0.0010099411010742188, "reduction": 80.625, "validation": {"accuracy": 50.625}, "test": {"accuracy": 50.0}}, "0.8": {"time": 0.001010894775390625, "reduction": 82.5, "validation": {"accuracy": 50.0}, "test": {"accuracy": 50.0}}, "0.9": {"time": 0.001157999038696289, "reduction": 88.75, "validation": {"accuracy": 46.25}, "test": {"accuracy": 44.44444444444444}}, "1.0": {"time": 0.0012199878692626953, "reduction": 98.125, "validation": {"accuracy": 35.625}, "test": {"accuracy": 33.33333333333333}}}, "6": {"0.0": {"time": 0.0010380744934082031, "reduction": 61.875, "validation": {"accuracy": 61.875}, "test": {"accuracy": 55.55555555555556}}, "0.1": {"time": 0.0010170936584472656, "reduction": 64.375, "validation": {"accuracy": 61.875}, "test": {"accuracy": 55.55555555555556}}, "0.2": {"time": 0.0010421276092529297, "reduction": 65.625, "validation": {"accuracy": 61.875}, "test": {"accuracy": 55.55555555555556}}, "0.3": {"time": 0.0015311241149902344, "reduction": 66.875, "validation": {"accuracy": 61.25000000000001}, "test": {"accuracy": 55.55555555555556}}, "0.4": {"time": 0.0011811256408691406, "reduction": 67.5, "validation": {"accuracy": 61.25000000000001}, "test": {"accuracy": 55.55555555555556}}, "0.5": {"time": 0.0011782646179199219, "reduction": 69.375, "validation": {"accuracy": 61.25000000000001}, "test": {"accuracy": 55.55555555555556}}, "0.6": {"time": 0.0013952255249023438, "reduction": 72.5, "validation": {"accuracy": 48.125}, "test": {"accuracy": 50.0}}, "0.7": {"time": 0.001194000244140625, "reduction": 73.75, "validation": {"accuracy": 43.75}, "test": {"accuracy": 44.44444444444444}}, "0.8": {"time": 0.0012900829315185547, "reduction": 76.25, "validation": {"accuracy": 43.75}, "test": {"accuracy": 44.44444444444444}}, "0.9": {"time": 0.0010001659393310547, "reduction": 81.875, "validation": {"accuracy": 59.375}, "test": {"accuracy": 55.55555555555556}}, "1.0": {"time": 0.0010170936584472656, "reduction": 98.125, "validation": {"accuracy": 66.875}, "test": {"accuracy": 50.0}}}, "7": {"0.0": {"time": 0.0011889934539794922, "reduction": 57.49999999999999, "validation": {"accuracy": 56.25}, "test": {"accuracy": 72.22222222222221}}, "0.1": {"time": 0.0013561248779296875, "reduction": 58.75, "validation": {"accuracy": 56.25}, "test": {"accuracy": 72.22222222222221}}, "0.2": {"time": 0.0010750293731689453, "reduction": 61.875, "validation": {"accuracy": 48.125}, "test": {"accuracy": 77.77777777777779}}, "0.3": {"time": 0.0010211467742919922, "reduction": 65.0, "validation": {"accuracy": 47.5}, "test": {"accuracy": 77.77777777777779}}, "0.4": {"time": 0.0010237693786621094, "reduction": 69.375, "validation": {"accuracy": 47.5}, "test": {"accuracy": 66.66666666666666}}, "0.5": {"time": 0.001007080078125, "reduction": 74.375, "validation": {"accuracy": 46.25}, "test": {"accuracy": 66.66666666666666}}, "0.6": {"time": 0.0011739730834960938, "reduction": 76.875, "validation": {"accuracy": 40.0}, "test": {"accuracy": 66.66666666666666}}, "0.7": {"time": 0.0011818408966064453, "reduction": 78.75, "validation": {"accuracy": 40.0}, "test": {"accuracy": 66.66666666666666}}, "0.8": {"time": 0.0010020732879638672, "reduction": 80.0, "validation": {"accuracy": 41.25}, "test": {"accuracy": 66.66666666666666}}, "0.9": {"time": 0.0010421276092529297, "reduction": 81.875, "validation": {"accuracy": 41.25}, "test": {"accuracy": 66.66666666666666}}, "1.0": {"time": 0.0010499954223632812, "reduction": 98.125, "validation": {"accuracy": 48.75}, "test": {"accuracy": 38.88888888888889}}}, "8": {"0.0": {"time": 0.0011630058288574219, "reduction": 65.0, "validation": {"accuracy": 64.375}, "test": {"accuracy": 72.22222222222221}}, "0.1": {"time": 0.0012369155883789062, "reduction": 68.125, "validation": {"accuracy": 64.375}, "test": {"accuracy": 72.22222222222221}}, "0.2": {"time": 0.0010211467742919922, "reduction": 70.0, "validation": {"accuracy": 64.375}, "test": {"accuracy": 66.66666666666666}}, "0.3": {"time": 0.0010139942169189453, "reduction": 73.125, "validation": {"accuracy": 63.125},