{"3": {"0.0": {"time": 0.0006110668182373047, "reduction": 83.15789473684211, "validation": {"accuracy": 85.26315789473684}, "test": {"accuracy": 81.81818181818183}}, "0.1": {"time": 0.0006661415100097656, "reduction": 85.26315789473684, "validation": {"accuracy": 85.26315789473684}, "test": {"accuracy": 81.81818181818183}}, "0.2": {"time": 0.0006117820739746094, "reduction": 87.36842105263159, "validation": {"accuracy": 85.26315789473684}, "test": {"accuracy": 81.81818181818183}}, "0.3": {"time": 0.0005869865417480469, "reduction": 90.52631578947368, "validation": {"accuracy": 93.6842105263158}, "test": {"accuracy": 81.81818181818183}}, "0.4": {"time": 0.0005860328674316406, "reduction": 93.6842105263158, "validation": {"accuracy": 89.47368421052632}, "test": {"accuracy": 81.81818181818183}}, "0.5": {"time": 0.0005469322204589844, "reduction": 95.78947368421052, "validation": {"accuracy": 85.26315789473684}, "test": {"accuracy": 81.81818181818183}}, "0.6": {"time": 0.0005440711975097656, "reduction": 97.89473684210527, "validation": {"accuracy": 76.84210526315789}, "test": {"accuracy": 81.81818181818183}}, "0.7": {"time": 0.0005431175231933594, "reduction": 97.89473684210527, "validation": {"accuracy": 76.84210526315789}, "test": {"accuracy": 81.81818181818183}}, "0.8": {"time": 0.0005428791046142578, "reduction": 97.89473684210527, "validation": {"accuracy": 76.84210526315789}, "test": {"accuracy": 81.81818181818183}}, "0.9": {"time": 0.0005447864532470703, "reduction": 97.89473684210527, "validation": {"accuracy": 76.84210526315789}, "test": {"accuracy": 81.81818181818183}}, "1.0": {"time": 0.0005428791046142578, "reduction": 97.89473684210527, "validation": {"accuracy": 76.84210526315789}, "test": {"accuracy": 81.81818181818183}}}, "4": {"0.0": {"time": 0.0005478858947753906, "reduction": 89.47368421052632, "validation": {"accuracy": 92.63157894736842}, "test": {"accuracy": 54.54545454545454}}, "0.1": {"time": 0.0005550384521484375, "reduction": 92.63157894736842, "validation": {"accuracy": 92.63157894736842}, "test": {"accuracy": 54.54545454545454}}, "0.2": {"time": 0.0006079673767089844, "reduction": 92.63157894736842, "validation": {"accuracy": 92.63157894736842}, "test": {"accuracy": 54.54545454545454}}, "0.3": {"time": 0.0005319118499755859, "reduction": 92.63157894736842, "validation": {"accuracy": 92.63157894736842}, "test": {"accuracy": 54.54545454545454}}, "0.4": {"time": 0.0005269050598144531, "reduction": 93.6842105263158, "validation": {"accuracy": 92.63157894736842}, "test": {"accuracy": 54.54545454545454}}, "0.5": {"time": 0.0005350112915039062, "reduction": 94.73684210526316, "validation": {"accuracy": 92.63157894736842}, "test": {"accuracy": 54.54545454545454}}, "0.6": {"time": 0.0005362033843994141, "reduction": 95.78947368421052, "validation": {"accuracy": 92.63157894736842}, "test": {"accuracy": 54.54545454545454}}, "0.7": {"time": 0.0005340576171875, "reduction": 96.84210526315789, "validation": {"accuracy": 92.63157894736842}, "test": {"accuracy": 54.54545454545454}}, "0.8": {"time": 0.0005300045013427734, "reduction": 96.84210526315789, "validation": {"accuracy": 92.63157894736842}, "test": {"accuracy": 54.54545454545454}}, "0.9": {"time": 0.0005838871002197266, "reduction": 96.84210526315789, "validation": {"accuracy": 92.63157894736842}, "test": {"accuracy": 54.54545454545454}}, "1.0": {"time": 0.0005500316619873047, "reduction": 97.89473684210527, "validation": {"accuracy": 69.47368421052632}, "test": {"accuracy": 36.36363636363637}}}, "5": {"0.0": {"time": 0.00055694580078125, "reduction": 78.94736842105263, "validation": {"accuracy": 78.94736842105263}, "test": {"accuracy": 81.81818181818183}}, "0.1": {"time": 0.0005669593811035156, "reduction": 82.10526315789474, "validation": {"accuracy": 78.94736842105263}, "test": {"accuracy": 81.81818181818183}}, "0.2": {"time": 0.0005650520324707031, "reduction": 83.15789473684211, "validation": {"accuracy": 78.94736842105263}, "test": {"accuracy": 81.81818181818183}}, "0.3": {"time": 0.0005450248718261719, "reduction": 86.31578947368422, "validation": {"accuracy": 78.94736842105263}, "test": {"accuracy": 81.81818181818183}}, "0.4": {"time": 0.0005419254302978516, "reduction": 89.47368421052632, "validation": {"accuracy": 78.94736842105263}, "test": {"accuracy": 81.81818181818183}}, "0.5": {"time": 0.0005397796630859375, "reduction": 93.6842105263158, "validation": {"accuracy": 90.52631578947368}, "test": {"accuracy": 81.81818181818183}}, "0.6": {"time": 0.0005621910095214844, "reduction": 94.73684210526316, "validation": {"accuracy": 90.52631578947368}, "test": {"accuracy": 81.81818181818183}}, "0.7": {"time": 0.0005471706390380859, "reduction": 94.73684210526316, "validation": {"accuracy": 90.52631578947368}, "test": {"accuracy": 81.81818181818183}}, "0.8": {"time": 0.0005440711975097656, "reduction": 95.78947368421052, "validation": {"accuracy": 90.52631578947368}, "test": {"accuracy": 81.81818181818183}}, "0.9": {"time": 0.0005550384521484375, "reduction": 95.78947368421052, "validation": {"accuracy": 90.52631578947368}, "test": {"accuracy": 81.81818181818183}}, "1.0": {"time": 0.0005507469177246094, "reduction": 97.89473684210527, "validation": {"accuracy": 71.57894736842105}, "test": {"accuracy": 81.81818181818183}}}, "6": {"0.0": {"time": 0.0005977153778076172, "reduction": 80.0, "validation": {"accuracy": 24.210526315789473}, "test": {"accuracy": 27.27272727272727}}, "0.1": {"time": 0.000576019287109375, "reduction": 83.15789473684211, "validation": {"accuracy": 24.210526315789473}, "test": {"accuracy": 27.27272727272727}}, "0.2": {"time": 0.0005891323089599609, "reduction": 85.26315789473684, "validation": {"accuracy": 24.210526315789473}, "test": {"accuracy": 27.27272727272727}}, "0.3": {"time": 0.0005440711975097656, "reduction": 87.36842105263159, "validation": {"accuracy": 24.210526315789473}, "test": {"accuracy": 27.27272727272727}}, "0.4": {"time": 0.0005390644073486328, "reduction": 91.57894736842105, "validation": {"accuracy": 77.89473684210526}, "test": {"accuracy": 54.54545454545454}}, "0.5": {"time": 0.0005369186401367188, "reduction": 93.6842105263158, "validation": {"accuracy": 87.36842105263159}, "test": {"accuracy": 81.81818181818183}}, "0.6": {"time": 0.0005409717559814453, "reduction": 95.78947368421052, "validation": {"accuracy": 87.36842105263159}, "test": {"accuracy": 81.81818181818183}}, "0.7": {"time": 0.0005350112915039062, "reduction": 96.84210526315789, "validation": {"accuracy": 87.36842105263159}, "test": {"accuracy": 81.81818181818183}}, "0.8": {"time": 0.0005431175231933594, "reduction": 96.84210526315789, "validation": {"accuracy": 87.36842105263159}, "test": {"accuracy": 81.81818181818183}}, "0.9": {"time": 0.0005347728729248047, "reduction": 96.84210526315789, "validation": {"accuracy": 87.36842105263159}, "test": {"accuracy": 81.81818181818183}}, "1.0": {"time": 0.0005540847778320312, "reduction": 97.89473684210527, "validation": {"accuracy": 87.36842105263159}, "test": {"accuracy": 81.81818181818183}}}, "7": {"0.0": {"time": 0.0005548000335693359, "reduction": 78.125, "validation": {"accuracy": 42.70833333333333}, "test": {"accuracy": 70.0}}, "0.1": {"time": 0.0006139278411865234, "reduction": 79.16666666666666, "validation": {"accuracy": 42.70833333333333}, "test": {"accuracy": 70.0}}, "0.2": {"time": 0.0005581378936767578, "reduction": 80.20833333333334, "validation": {"accuracy": 42.70833333333333}, "test": {"accuracy": 70.0}}, "0.3": {"time": 0.0005509853363037109, "reduction": 82.29166666666666, "validation": {"accuracy": 42.70833333333333}, "test": {"accuracy": 70.0}}, "0.4": {"time": 0.0005638599395751953, "reduction": 84.375, "validation": {"accuracy": 42.70833333333333}, "test": {"accuracy": 60.0}}, "0.5": {"time": 0.0005471706390380859, "reduction": 89.58333333333334, "validation": {"accuracy": 92.70833333333334}, "test": {"accuracy": 80.0}}, "0.6": {"time": 0.0005450248718261719, "reduction": 94.79166666666666,