{"3": {"0.0": {"time": 0.0027360916137695312, "reduction": 3.084832904884316, "validation": {"accuracy": 50.38560411311054}, "test": {"accuracy": 60.46511627906976}}, "0.1": {"time": 0.002446889877319336, "reduction": 16.45244215938303, "validation": {"accuracy": 50.38560411311054}, "test": {"accuracy": 60.46511627906976}}, "0.2": {"time": 0.0030062198638916016, "reduction": 16.709511568123393, "validation": {"accuracy": 50.38560411311054}, "test": {"accuracy": 60.46511627906976}}, "0.3": {"time": 0.0024487972259521484, "reduction": 50.89974293059125, "validation": {"accuracy": 46.27249357326478}, "test": {"accuracy": 39.53488372093023}}, "0.4": {"time": 0.0022449493408203125, "reduction": 50.89974293059125, "validation": {"accuracy": 46.27249357326478}, "test": {"accuracy": 39.53488372093023}}, "0.5": {"time": 0.0021669864654541016, "reduction": 50.89974293059125, "validation": {"accuracy": 46.27249357326478}, "test": {"accuracy": 39.53488372093023}}, "0.6": {"time": 0.0023920536041259766, "reduction": 51.41388174807198, "validation": {"accuracy": 46.27249357326478}, "test": {"accuracy": 39.53488372093023}}, "0.7": {"time": 0.002118825912475586, "reduction": 81.23393316195373, "validation": {"accuracy": 46.27249357326478}, "test": {"accuracy": 39.53488372093023}}, "0.8": {"time": 0.002348184585571289, "reduction": 81.23393316195373, "validation": {"accuracy": 46.27249357326478}, "test": {"accuracy": 39.53488372093023}}, "0.9": {"time": 0.003155231475830078, "reduction": 81.74807197943444, "validation": {"accuracy": 46.27249357326478}, "test": {"accuracy": 39.53488372093023}}, "1.0": {"time": 0.002101898193359375, "reduction": 81.74807197943444, "validation": {"accuracy": 46.27249357326478}, "test": {"accuracy": 39.53488372093023}}}, "4": {"0.0": {"time": 0.002775907516479492, "reduction": 2.570694087403602, "validation": {"accuracy": 53.470437017994854}, "test": {"accuracy": 46.51162790697674}}, "0.1": {"time": 0.0026230812072753906, "reduction": 31.619537275064268, "validation": {"accuracy": 53.470437017994854}, "test": {"accuracy": 46.51162790697674}}, "0.2": {"time": 0.002371072769165039, "reduction": 47.814910025706936, "validation": {"accuracy": 53.98457583547558}, "test": {"accuracy": 41.86046511627907}}, "0.3": {"time": 0.0023729801177978516, "reduction": 48.0719794344473, "validation": {"accuracy": 53.98457583547558}, "test": {"accuracy": 41.86046511627907}}, "0.4": {"time": 0.0023779869079589844, "reduction": 48.0719794344473, "validation": {"accuracy": 53.98457583547558}, "test": {"accuracy": 41.86046511627907}}, "0.5": {"time": 0.002373933792114258, "reduction": 48.58611825192802, "validation": {"accuracy": 53.98457583547558}, "test": {"accuracy": 41.86046511627907}}, "0.6": {"time": 0.002347230911254883, "reduction": 48.58611825192802, "validation": {"accuracy": 53.98457583547558}, "test": {"accuracy": 41.86046511627907}}, "0.7": {"time": 0.002360820770263672, "reduction": 63.75321336760926, "validation": {"accuracy": 53.98457583547558}, "test": {"accuracy": 41.86046511627907}}, "0.8": {"time": 0.0024449825286865234, "reduction": 63.75321336760926, "validation": {"accuracy": 53.98457583547558}, "test": {"accuracy": 41.86046511627907}}, "0.9": {"time": 0.0021131038665771484, "reduction": 64.01028277634961, "validation": {"accuracy": 53.98457583547558}, "test": {"accuracy": 41.86046511627907}}, "1.0": {"time": 0.0023860931396484375, "reduction": 64.01028277634961, "validation": {"accuracy": 53.98457583547558}, "test": {"accuracy": 41.86046511627907}}}, "5": {"0.0": {"time": 0.0025320053100585938, "reduction": 3.084832904884316, "validation": {"accuracy": 53.72750642673522}, "test": {"accuracy": 46.51162790697674}}, "0.1": {"time": 0.0028066635131835938, "reduction": 31.87660668380463, "validation": {"accuracy": 53.72750642673522}, "test": {"accuracy": 46.51162790697674}}, "0.2": {"time": 0.0023040771484375, "reduction": 31.87660668380463, "validation": {"accuracy": 53.72750642673522}, "test": {"accuracy": 46.51162790697674}}, "0.3": {"time": 0.0026917457580566406, "reduction": 48.329048843187664, "validation": {"accuracy": 54.24164524421594}, "test": {"accuracy": 44.18604651162791}}, "0.4": {"time": 0.002179861068725586, "reduction": 48.329048843187664, "validation": {"accuracy": 54.24164524421594}, "test": {"accuracy": 44.18604651162791}}, "0.5": {"time": 0.0028362274169921875, "reduction": 48.329048843187664, "validation": {"accuracy": 54.24164524421594}, "test": {"accuracy": 44.18604651162791}}, "0.6": {"time": 0.0025238990783691406, "reduction": 63.239074550128535, "validation": {"accuracy": 54.24164524421594}, "test": {"accuracy": 44.18604651162791}}, "0.7": {"time": 0.002640962600708008, "reduction": 63.49614395886889, "validation": {"accuracy": 54.24164524421594}, "test": {"accuracy": 44.18604651162791}}, "0.8": {"time": 0.0021240711212158203, "reduction": 64.01028277634961, "validation": {"accuracy": 54.24164524421594}, "test": {"accuracy": 44.18604651162791}}, "0.9": {"time": 0.002949953079223633, "reduction": 64.01028277634961, "validation": {"accuracy": 54.24164524421594}, "test": {"accuracy": 44.18604651162791}}, "1.0": {"time": 0.0021419525146484375, "reduction": 64.01028277634961, "validation": {"accuracy": 54.24164524421594}, "test": {"accuracy": 44.18604651162791}}}, "6": {"0.0": {"time": 0.004155874252319336, "reduction": 3.598971722365041, "validation": {"accuracy": 51.156812339331616}, "test": {"accuracy": 62.7906976744186}}, "0.1": {"time": 0.003077983856201172, "reduction": 17.223650385604117, "validation": {"accuracy": 51.156812339331616}, "test": {"accuracy": 62.7906976744186}}, "0.2": {"time": 0.0023970603942871094, "reduction": 17.223650385604117, "validation": {"accuracy": 51.156812339331616}, "test": {"accuracy": 62.7906976744186}}, "0.3": {"time": 0.0030798912048339844, "reduction": 17.223650385604117, "validation": {"accuracy": 51.156812339331616}, "test": {"accuracy": 62.7906976744186}}, "0.4": {"time": 0.0035691261291503906, "reduction": 17.73778920308483, "validation": {"accuracy": 51.156812339331616}, "test": {"accuracy": 62.7906976744186}}, "0.5": {"time": 0.0023407936096191406, "reduction": 82.0051413881748, "validation": {"accuracy": 46.27249357326478}, "test": {"accuracy": 41.86046511627907}}, "0.6": {"time": 0.002259969711303711, "reduction": 82.0051413881748, "validation": {"accuracy": 46.27249357326478}, "test": {"accuracy": 41.86046511627907}}, "0.7": {"time": 0.00203704833984375, "reduction": 82.0051413881748, "validation": {"accuracy": 46.27249357326478}, "test": {"accuracy": 41.86046511627907}}, "0.8": {"time": 0.0020210742950439453, "reduction": 82.0051413881748, "validation": {"accuracy": 46.27249357326478}, "test": {"accuracy": 41.86046511627907}}, "0.9": {"time": 0.0034058094024658203, "reduction": 82.26221079691517, "validation": {"accuracy": 46.27249357326478}, "test": {"accuracy": 41.86046511627907}}, "1.0": {"time": 0.002299070358276367, "reduction": 82.26221079691517, "validation": {"accuracy": 46.27249357326478}, "test": {"accuracy": 41.86046511627907}}}, "7": {"0.0": {"time": 0.00325775146484375, "reduction": 2.0565552699228773, "validation": {"accuracy": 52.69922879177378}, "test": {"accuracy": 48.837209302325576}}, "0.1": {"time": 0.0027480125427246094, "reduction": 31.619537275064268, "validation": {"accuracy": 52.69922879177378}, "test": {"accuracy": 48.837209302325576}}, "0.2": {"time": 0.0024759769439697266, "reduction": 31.619537275064268, "validation": {"accuracy": 52.69922879177378}, "test": {"accuracy": 48.837209302325576}}, "0.3": {"time": 0.0039479732513427734, "reduction": 46.529562982005146, "validation": {"accuracy": 52.69922879177378}, "test": {"accuracy": 48.837209302325576}}, "0.4": {"time": 0.003401041030883789, "reduction": 47.30077120822622, "validation": {"accuracy": 52.69922879177378}, "test": {"accuracy": 48.837209302325576}}, "0.5": {"time": 0.0026311874389648438, "reduction": 47.55784061696659, "validation": {"accuracy": 52.69922879177378},