{"3": {"0.0": {"time": 0.011609077453613281, "reduction": 64.19753086419753, "validation": {"accuracy": 10.185185185185185}, "test": {"accuracy": 8.333333333333332}}, "0.1": {"time": 0.010529041290283203, "reduction": 66.0493827160494, "validation": {"accuracy": 10.185185185185185}, "test": {"accuracy": 8.333333333333332}}, "0.2": {"time": 0.010350942611694336, "reduction": 67.90123456790124, "validation": {"accuracy": 10.185185185185185}, "test": {"accuracy": 8.333333333333332}}, "0.3": {"time": 0.01034402847290039, "reduction": 70.67901234567901, "validation": {"accuracy": 10.185185185185185}, "test": {"accuracy": 8.333333333333332}}, "0.4": {"time": 0.01023101806640625, "reduction": 72.8395061728395, "validation": {"accuracy": 10.185185185185185}, "test": {"accuracy": 8.333333333333332}}, "0.5": {"time": 0.010236978530883789, "reduction": 75.92592592592592, "validation": {"accuracy": 10.185185185185185}, "test": {"accuracy": 8.333333333333332}}, "0.6": {"time": 0.010219097137451172, "reduction": 78.7037037037037, "validation": {"accuracy": 5.246913580246913}, "test": {"accuracy": 8.333333333333332}}, "0.7": {"time": 0.010268211364746094, "reduction": 81.79012345679013, "validation": {"accuracy": 5.246913580246913}, "test": {"accuracy": 8.333333333333332}}, "0.8": {"time": 0.010793924331665039, "reduction": 88.27160493827161, "validation": {"accuracy": 6.481481481481481}, "test": {"accuracy": 8.333333333333332}}, "0.9": {"time": 0.011757135391235352, "reduction": 91.66666666666666, "validation": {"accuracy": 7.716049382716049}, "test": {"accuracy": 8.333333333333332}}, "1.0": {"time": 0.011050939559936523, "reduction": 95.37037037037037, "validation": {"accuracy": 11.728395061728394}, "test": {"accuracy": 5.555555555555555}}}, "4": {"0.0": {"time": 0.011465072631835938, "reduction": 64.50617283950618, "validation": {"accuracy": 6.172839506172839}, "test": {"accuracy": 8.333333333333332}}, "0.1": {"time": 0.010555267333984375, "reduction": 68.20987654320987, "validation": {"accuracy": 6.172839506172839}, "test": {"accuracy": 8.333333333333332}}, "0.2": {"time": 0.010545969009399414, "reduction": 70.06172839506173, "validation": {"accuracy": 6.172839506172839}, "test": {"accuracy": 8.333333333333332}}, "0.3": {"time": 0.010610103607177734, "reduction": 71.91358024691358, "validation": {"accuracy": 6.172839506172839}, "test": {"accuracy": 8.333333333333332}}, "0.4": {"time": 0.010532855987548828, "reduction": 74.07407407407408, "validation": {"accuracy": 6.172839506172839}, "test": {"accuracy": 8.333333333333332}}, "0.5": {"time": 0.010165929794311523, "reduction": 76.23456790123457, "validation": {"accuracy": 6.172839506172839}, "test": {"accuracy": 8.333333333333332}}, "0.6": {"time": 0.01007699966430664, "reduction": 80.55555555555556, "validation": {"accuracy": 6.172839506172839}, "test": {"accuracy": 0.0}}, "0.7": {"time": 0.011533975601196289, "reduction": 82.71604938271605, "validation": {"accuracy": 10.802469135802468}, "test": {"accuracy": 0.0}}, "0.8": {"time": 0.011330842971801758, "reduction": 87.03703703703704, "validation": {"accuracy": 12.962962962962962}, "test": {"accuracy": 5.555555555555555}}, "0.9": {"time": 0.010462045669555664, "reduction": 91.66666666666666, "validation": {"accuracy": 13.271604938271606}, "test": {"accuracy": 5.555555555555555}}, "1.0": {"time": 0.010518789291381836, "reduction": 95.37037037037037, "validation": {"accuracy": 12.037037037037036}, "test": {"accuracy": 0.0}}}, "5": {"0.0": {"time": 0.0108489990234375, "reduction": 66.0493827160494, "validation": {"accuracy": 7.716049382716049}, "test": {"accuracy": 5.555555555555555}}, "0.1": {"time": 0.010850906372070312, "reduction": 68.5185185185185, "validation": {"accuracy": 7.716049382716049}, "test": {"accuracy": 5.555555555555555}}, "0.2": {"time": 0.010845184326171875, "reduction": 69.1358024691358, "validation": {"accuracy": 7.716049382716049}, "test": {"accuracy": 5.555555555555555}}, "0.3": {"time": 0.010441064834594727, "reduction": 72.22222222222221, "validation": {"accuracy": 8.333333333333332}, "test": {"accuracy": 5.555555555555555}}, "0.4": {"time": 0.010137081146240234, "reduction": 74.07407407407408, "validation": {"accuracy": 8.333333333333332}, "test": {"accuracy": 5.555555555555555}}, "0.5": {"time": 0.013840198516845703, "reduction": 76.23456790123457, "validation": {"accuracy": 8.333333333333332}, "test": {"accuracy": 5.555555555555555}}, "0.6": {"time": 0.01039886474609375, "reduction": 79.93827160493827, "validation": {"accuracy": 8.333333333333332}, "test": {"accuracy": 5.555555555555555}}, "0.7": {"time": 0.010219097137451172, "reduction": 84.25925925925925, "validation": {"accuracy": 8.333333333333332}, "test": {"accuracy": 5.555555555555555}}, "0.8": {"time": 0.010282039642333984, "reduction": 87.96296296296296, "validation": {"accuracy": 8.333333333333332}, "test": {"accuracy": 5.555555555555555}}, "0.9": {"time": 0.010186910629272461, "reduction": 91.66666666666666, "validation": {"accuracy": 7.098765432098765}, "test": {"accuracy": 5.555555555555555}}, "1.0": {"time": 0.01020193099975586, "reduction": 95.37037037037037, "validation": {"accuracy": 7.098765432098765}, "test": {"accuracy": 5.555555555555555}}}, "6": {"0.0": {"time": 0.010557174682617188, "reduction": 65.12345679012346, "validation": {"accuracy": 4.320987654320987}, "test": {"accuracy": 5.555555555555555}}, "0.1": {"time": 0.01063084602355957, "reduction": 68.82716049382715, "validation": {"accuracy": 4.320987654320987}, "test": {"accuracy": 5.555555555555555}}, "0.2": {"time": 0.010500907897949219, "reduction": 70.37037037037037, "validation": {"accuracy": 4.320987654320987}, "test": {"accuracy": 5.555555555555555}}, "0.3": {"time": 0.01098775863647461, "reduction": 71.2962962962963, "validation": {"accuracy": 4.320987654320987}, "test": {"accuracy": 5.555555555555555}}, "0.4": {"time": 0.010508060455322266, "reduction": 74.38271604938271, "validation": {"accuracy": 4.320987654320987}, "test": {"accuracy": 5.555555555555555}}, "0.5": {"time": 0.010246992111206055, "reduction": 77.1604938271605, "validation": {"accuracy": 4.320987654320987}, "test": {"accuracy": 5.555555555555555}}, "0.6": {"time": 0.012745857238769531, "reduction": 80.8641975308642, "validation": {"accuracy": 4.938271604938271}, "test": {"accuracy": 5.555555555555555}}, "0.7": {"time": 0.014838933944702148, "reduction": 83.9506172839506, "validation": {"accuracy": 4.320987654320987}, "test": {"accuracy": 5.555555555555555}}, "0.8": {"time": 0.0103912353515625, "reduction": 87.34567901234568, "validation": {"accuracy": 4.320987654320987}, "test": {"accuracy": 5.555555555555555}}, "0.9": {"time": 0.011055231094360352, "reduction": 91.9753086419753, "validation": {"accuracy": 8.024691358024691}, "test": {"accuracy": 8.333333333333332}}, "1.0": {"time": 0.010423898696899414, "reduction": 95.37037037037037, "validation": {"accuracy": 12.345679012345679}, "test": {"accuracy": 8.333333333333332}}}, "7": {"0.0": {"time": 0.010960817337036133, "reduction": 63.888888888888886, "validation": {"accuracy": 8.641975308641975}, "test": {"accuracy": 11.11111111111111}}, "0.1": {"time": 0.011229991912841797, "reduction": 67.28395061728395, "validation": {"accuracy": 8.641975308641975}, "test": {"accuracy": 11.11111111111111}}, "0.2": {"time": 0.010501861572265625, "reduction": 68.82716049382715, "validation": {"accuracy": 8.641975308641975}, "test": {"accuracy": 11.11111111111111}}, "0.3": {"time": 0.013570070266723633, "reduction": 71.2962962962963, "validation": {"accuracy": 8.641975308641975}, "test": {"accuracy": 11.11111111111111}}, "0.4": {"time": 0.010381937026977539, "reduction": 73.14814814814814, "validation": {"accuracy": 8.641975308641975}, "test": {"accuracy": 11.11111111111111}}, "0.5": {"time": 0.010755777359008789, "reduction": 75.92592592592592, "validation": {"accuracy": 6.481481481481481}, "test": {"accuracy": 11.11111111111111}}, "0.6": {"time": 0.010698080062866211,