{"3": {"0.0": {"time": 0.005419015884399414, "reduction": 8.227848101265822, "validation": {"accuracy": 65.50632911392405}, "test": {"accuracy": 68.57142857142857}}, "0.1": {"time": 0.005042076110839844, "reduction": 16.455696202531644, "validation": {"accuracy": 65.82278481012658}, "test": {"accuracy": 68.57142857142857}}, "0.2": {"time": 0.004841327667236328, "reduction": 20.253164556962023, "validation": {"accuracy": 67.40506329113924}, "test": {"accuracy": 71.42857142857143}}, "0.3": {"time": 0.0045239925384521484, "reduction": 28.481012658227844, "validation": {"accuracy": 62.65822784810127}, "test": {"accuracy": 71.42857142857143}}, "0.4": {"time": 0.004480123519897461, "reduction": 40.82278481012658, "validation": {"accuracy": 57.91139240506329}, "test": {"accuracy": 34.285714285714285}}, "0.5": {"time": 0.004563093185424805, "reduction": 50.0, "validation": {"accuracy": 37.34177215189873}, "test": {"accuracy": 34.285714285714285}}, "0.6": {"time": 0.004469156265258789, "reduction": 54.43037974683544, "validation": {"accuracy": 36.075949367088604}, "test": {"accuracy": 34.285714285714285}}, "0.7": {"time": 0.0044138431549072266, "reduction": 62.9746835443038, "validation": {"accuracy": 36.075949367088604}, "test": {"accuracy": 34.285714285714285}}, "0.8": {"time": 0.004332065582275391, "reduction": 68.67088607594937, "validation": {"accuracy": 36.075949367088604}, "test": {"accuracy": 34.285714285714285}}, "0.9": {"time": 0.004015207290649414, "reduction": 72.46835443037975, "validation": {"accuracy": 36.075949367088604}, "test": {"accuracy": 34.285714285714285}}, "1.0": {"time": 0.004616260528564453, "reduction": 73.41772151898735, "validation": {"accuracy": 36.075949367088604}, "test": {"accuracy": 34.285714285714285}}}, "4": {"0.0": {"time": 0.005257129669189453, "reduction": 15.189873417721522, "validation": {"accuracy": 63.92405063291139}, "test": {"accuracy": 65.71428571428571}}, "0.1": {"time": 0.005033969879150391, "reduction": 23.417721518987346, "validation": {"accuracy": 63.92405063291139}, "test": {"accuracy": 65.71428571428571}}, "0.2": {"time": 0.004899024963378906, "reduction": 24.68354430379747, "validation": {"accuracy": 63.92405063291139}, "test": {"accuracy": 65.71428571428571}}, "0.3": {"time": 0.0049381256103515625, "reduction": 31.645569620253166, "validation": {"accuracy": 63.60759493670886}, "test": {"accuracy": 65.71428571428571}}, "0.4": {"time": 0.00450897216796875, "reduction": 41.45569620253164, "validation": {"accuracy": 63.29113924050633}, "test": {"accuracy": 65.71428571428571}}, "0.5": {"time": 0.004592180252075195, "reduction": 49.0506329113924, "validation": {"accuracy": 56.9620253164557}, "test": {"accuracy": 48.57142857142857}}, "0.6": {"time": 0.004788875579833984, "reduction": 58.22784810126582, "validation": {"accuracy": 36.392405063291136}, "test": {"accuracy": 34.285714285714285}}, "0.7": {"time": 0.004260063171386719, "reduction": 66.13924050632912, "validation": {"accuracy": 54.74683544303798}, "test": {"accuracy": 31.428571428571427}}, "0.8": {"time": 0.0040590763092041016, "reduction": 72.15189873417722, "validation": {"accuracy": 36.075949367088604}, "test": {"accuracy": 34.285714285714285}}, "0.9": {"time": 0.004739046096801758, "reduction": 74.68354430379746, "validation": {"accuracy": 36.075949367088604}, "test": {"accuracy": 34.285714285714285}}, "1.0": {"time": 0.004644870758056641, "reduction": 75.63291139240506, "validation": {"accuracy": 36.075949367088604}, "test": {"accuracy": 34.285714285714285}}}, "5": {"0.0": {"time": 0.005048990249633789, "reduction": 11.708860759493668, "validation": {"accuracy": 64.87341772151899}, "test": {"accuracy": 71.42857142857143}}, "0.1": {"time": 0.005404949188232422, "reduction": 20.88607594936709, "validation": {"accuracy": 64.87341772151899}, "test": {"accuracy": 71.42857142857143}}, "0.2": {"time": 0.005674839019775391, "reduction": 25.9493670886076, "validation": {"accuracy": 66.45569620253164}, "test": {"accuracy": 71.42857142857143}}, "0.3": {"time": 0.005610942840576172, "reduction": 32.59493670886076, "validation": {"accuracy": 68.35443037974683}, "test": {"accuracy": 68.57142857142857}}, "0.4": {"time": 0.006154060363769531, "reduction": 43.0379746835443, "validation": {"accuracy": 69.30379746835443}, "test": {"accuracy": 71.42857142857143}}, "0.5": {"time": 0.004590749740600586, "reduction": 48.41772151898734, "validation": {"accuracy": 66.45569620253164}, "test": {"accuracy": 62.857142857142854}}, "0.6": {"time": 0.0045130252838134766, "reduction": 54.43037974683544, "validation": {"accuracy": 36.075949367088604}, "test": {"accuracy": 34.285714285714285}}, "0.7": {"time": 0.004754066467285156, "reduction": 64.87341772151899, "validation": {"accuracy": 36.075949367088604}, "test": {"accuracy": 34.285714285714285}}, "0.8": {"time": 0.0046138763427734375, "reduction": 71.51898734177216, "validation": {"accuracy": 36.075949367088604}, "test": {"accuracy": 34.285714285714285}}, "0.9": {"time": 0.004307985305786133, "reduction": 75.31645569620254, "validation": {"accuracy": 36.075949367088604}, "test": {"accuracy": 34.285714285714285}}, "1.0": {"time": 0.0048940181732177734, "reduction": 76.58227848101265, "validation": {"accuracy": 36.075949367088604}, "test": {"accuracy": 34.285714285714285}}}, "6": {"0.0": {"time": 0.004808902740478516, "reduction": 11.075949367088612, "validation": {"accuracy": 64.55696202531645}, "test": {"accuracy": 62.857142857142854}}, "0.1": {"time": 0.005997180938720703, "reduction": 20.253164556962023, "validation": {"accuracy": 64.55696202531645}, "test": {"accuracy": 62.857142857142854}}, "0.2": {"time": 0.005271196365356445, "reduction": 24.0506329113924, "validation": {"accuracy": 66.45569620253164}, "test": {"accuracy": 65.71428571428571}}, "0.3": {"time": 0.004636287689208984, "reduction": 31.329113924050635, "validation": {"accuracy": 66.13924050632912}, "test": {"accuracy": 65.71428571428571}}, "0.4": {"time": 0.0053980350494384766, "reduction": 40.82278481012658, "validation": {"accuracy": 60.75949367088608}, "test": {"accuracy": 51.42857142857142}}, "0.5": {"time": 0.005311250686645508, "reduction": 44.93670886075949, "validation": {"accuracy": 36.708860759493675}, "test": {"accuracy": 37.142857142857146}}, "0.6": {"time": 0.004507780075073242, "reduction": 52.84810126582278, "validation": {"accuracy": 36.708860759493675}, "test": {"accuracy": 37.142857142857146}}, "0.7": {"time": 0.0051059722900390625, "reduction": 63.607594936708864, "validation": {"accuracy": 35.75949367088608}, "test": {"accuracy": 37.142857142857146}}, "0.8": {"time": 0.003982067108154297, "reduction": 67.40506329113924, "validation": {"accuracy": 35.75949367088608}, "test": {"accuracy": 37.142857142857146}}, "0.9": {"time": 0.004352092742919922, "reduction": 72.46835443037975, "validation": {"accuracy": 35.75949367088608}, "test": {"accuracy": 37.142857142857146}}, "1.0": {"time": 0.004394054412841797, "reduction": 74.68354430379746, "validation": {"accuracy": 35.75949367088608}, "test": {"accuracy": 37.142857142857146}}}, "7": {"0.0": {"time": 0.00646519660949707, "reduction": 12.9746835443038, "validation": {"accuracy": 64.87341772151899}, "test": {"accuracy": 68.57142857142857}}, "0.1": {"time": 0.005493640899658203, "reduction": 19.303797468354432, "validation": {"accuracy": 64.87341772151899}, "test": {"accuracy": 68.57142857142857}}, "0.2": {"time": 0.005406856536865234, "reduction": 21.518987341772156, "validation": {"accuracy": 65.50632911392405}, "test": {"accuracy": 65.71428571428571}}, "0.3": {"time": 0.0054168701171875, "reduction": 28.79746835443038, "validation": {"accuracy": 65.18987341772153}, "test": {"accuracy": 42.857142857142854}}, "0.4": {"time": 0.004801034927368164, "reduction": 39.87341772151899, "validation": {"accuracy": 67.08860759493672}, "test": {"accuracy": 37.142857142857146}}, "0.5": {"time": 0.005232095718383789, "reduction": 49.0506329113924, "validation": {"accuracy": 67.08860759493672},