{"3": {"0.0": {"time": 0.46033787727355957, "reduction": 17.899274047186932, "validation": {"accuracy": 38.883847549909255}, "test": {"accuracy": 39.59183673469388}}, "0.1": {"time": 0.40297985076904297, "reduction": 19.169691470054453, "validation": {"accuracy": 38.9065335753176}, "test": {"accuracy": 39.38775510204081}}, "0.2": {"time": 0.39916110038757324, "reduction": 22.7087114337568, "validation": {"accuracy": 38.883847549909255}, "test": {"accuracy": 38.57142857142858}}, "0.3": {"time": 0.4310340881347656, "reduction": 30.762250453720508, "validation": {"accuracy": 34.75499092558984}, "test": {"accuracy": 37.95918367346939}}, "0.4": {"time": 0.4046778678894043, "reduction": 41.94646098003629, "validation": {"accuracy": 34.16515426497278}, "test": {"accuracy": 37.95918367346939}}, "0.5": {"time": 0.34630894660949707, "reduction": 55.12704174228675, "validation": {"accuracy": 28.470961887477316}, "test": {"accuracy": 34.48979591836735}}, "0.6": {"time": 0.33873987197875977, "reduction": 69.05626134301271, "validation": {"accuracy": 28.765880217785845}, "test": {"accuracy": 33.46938775510204}}, "0.7": {"time": 0.37113380432128906, "reduction": 82.30490018148821, "validation": {"accuracy": 23.684210526315788}, "test": {"accuracy": 33.265306122448976}}, "0.8": {"time": 0.3616600036621094, "reduction": 92.51361161524501, "validation": {"accuracy": 25.204174228675136}, "test": {"accuracy": 34.89795918367347}}, "0.9": {"time": 0.3728511333465576, "reduction": 98.34392014519057, "validation": {"accuracy": 16.447368421052634}, "test": {"accuracy": 29.183673469387756}}, "1.0": {"time": 0.3783261775970459, "reduction": 99.84119782214155, "validation": {"accuracy": 4.3557168784029034}, "test": {"accuracy": 15.714285714285714}}}, "4": {"0.0": {"time": 0.4240539073944092, "reduction": 19.07894736842105, "validation": {"accuracy": 41.26588021778584}, "test": {"accuracy": 35.51020408163265}}, "0.1": {"time": 0.38770508766174316, "reduction": 20.41742286751361, "validation": {"accuracy": 41.26588021778584}, "test": {"accuracy": 35.51020408163265}}, "0.2": {"time": 0.3800959587097168, "reduction": 24.432849364791288, "validation": {"accuracy": 40.85753176043557}, "test": {"accuracy": 35.51020408163265}}, "0.3": {"time": 0.4099578857421875, "reduction": 31.692377495462797, "validation": {"accuracy": 30.263157894736842}, "test": {"accuracy": 29.795918367346943}}, "0.4": {"time": 0.404346227645874, "reduction": 43.216878402903816, "validation": {"accuracy": 29.900181488203266}, "test": {"accuracy": 29.795918367346943}}, "0.5": {"time": 0.35898375511169434, "reduction": 55.69419237749547, "validation": {"accuracy": 29.71869328493648}, "test": {"accuracy": 29.795918367346943}}, "0.6": {"time": 0.33951306343078613, "reduction": 69.39655172413794, "validation": {"accuracy": 29.627949183303087}, "test": {"accuracy": 29.795918367346943}}, "0.7": {"time": 0.32818031311035156, "reduction": 82.69056261343013, "validation": {"accuracy": 29.922867513611617}, "test": {"accuracy": 29.795918367346943}}, "0.8": {"time": 0.33715033531188965, "reduction": 93.05807622504537, "validation": {"accuracy": 29.673321234119783}, "test": {"accuracy": 29.795918367346943}}, "0.9": {"time": 0.3255622386932373, "reduction": 98.43466424682396, "validation": {"accuracy": 29.786751361161524}, "test": {"accuracy": 29.591836734693878}}, "1.0": {"time": 0.32564401626586914, "reduction": 99.84119782214155, "validation": {"accuracy": 13.157894736842104}, "test": {"accuracy": 3.877551020408163}}}, "5": {"0.0": {"time": 0.4014468193054199, "reduction": 18.171506352087118, "validation": {"accuracy": 37.817604355716874}, "test": {"accuracy": 37.3469387755102}}, "0.1": {"time": 0.44742393493652344, "reduction": 20.167876588021784, "validation": {"accuracy": 37.817604355716874}, "test": {"accuracy": 37.3469387755102}}, "0.2": {"time": 0.37978196144104004, "reduction": 24.092558983666056, "validation": {"accuracy": 37.43194192377495}, "test": {"accuracy": 36.93877551020408}}, "0.3": {"time": 0.37840795516967773, "reduction": 32.00998185117967, "validation": {"accuracy": 30.376588021778584}, "test": {"accuracy": 31.63265306122449}}, "0.4": {"time": 0.36234188079833984, "reduction": 42.46823956442831, "validation": {"accuracy": 30.30852994555354}, "test": {"accuracy": 31.63265306122449}}, "0.5": {"time": 0.34936094284057617, "reduction": 56.057168784029045, "validation": {"accuracy": 29.71869328493648}, "test": {"accuracy": 29.795918367346943}}, "0.6": {"time": 0.3460109233856201, "reduction": 70.21324863883848, "validation": {"accuracy": 29.74137931034483}, "test": {"accuracy": 29.795918367346943}}, "0.7": {"time": 0.3794839382171631, "reduction": 82.69056261343013, "validation": {"accuracy": 29.74137931034483}, "test": {"accuracy": 29.795918367346943}}, "0.8": {"time": 0.3594329357147217, "reduction": 92.83121597096189, "validation": {"accuracy": 29.74137931034483}, "test": {"accuracy": 29.795918367346943}}, "0.9": {"time": 0.34505701065063477, "reduction": 98.29854809437386, "validation": {"accuracy": 30.852994555353902}, "test": {"accuracy": 29.183673469387756}}, "1.0": {"time": 0.32980990409851074, "reduction": 99.84119782214155, "validation": {"accuracy": 2.268602540834846}, "test": {"accuracy": 3.2653061224489797}}}, "6": {"0.0": {"time": 0.3965461254119873, "reduction": 18.942831215970955, "validation": {"accuracy": 35.50362976406534}, "test": {"accuracy": 38.36734693877551}}, "0.1": {"time": 0.4083430767059326, "reduction": 20.712341197822138, "validation": {"accuracy": 28.765880217785845}, "test": {"accuracy": 37.142857142857146}}, "0.2": {"time": 0.392056941986084, "reduction": 25.975499092558984, "validation": {"accuracy": 29.832123411978223}, "test": {"accuracy": 30.0}}, "0.3": {"time": 0.41928815841674805, "reduction": 33.8475499092559, "validation": {"accuracy": 29.832123411978223}, "test": {"accuracy": 30.0}}, "0.4": {"time": 0.3542041778564453, "reduction": 44.37386569872959, "validation": {"accuracy": 29.650635208711435}, "test": {"accuracy": 29.591836734693878}}, "0.5": {"time": 0.33829307556152344, "reduction": 56.783121597096184, "validation": {"accuracy": 29.673321234119783}, "test": {"accuracy": 29.591836734693878}}, "0.6": {"time": 0.3520359992980957, "reduction": 70.07713248638838, "validation": {"accuracy": 29.673321234119783}, "test": {"accuracy": 29.591836734693878}}, "0.7": {"time": 0.34092187881469727, "reduction": 82.66787658802178, "validation": {"accuracy": 29.673321234119783}, "test": {"accuracy": 29.591836734693878}}, "0.8": {"time": 0.3294510841369629, "reduction": 92.33212341197822, "validation": {"accuracy": 29.80943738656987}, "test": {"accuracy": 28.775510204081634}}, "0.9": {"time": 0.34395313262939453, "reduction": 98.00362976406534, "validation": {"accuracy": 29.650635208711435}, "test": {"accuracy": 26.93877551020408}}, "1.0": {"time": 0.36621594429016113, "reduction": 99.84119782214155, "validation": {"accuracy": 9.369328493647913}, "test": {"accuracy": 3.061224489795918}}}, "7": {"0.0": {"time": 0.44869399070739746, "reduction": 18.466424682395644, "validation": {"accuracy": 42.55898366606171}, "test": {"accuracy": 43.46938775510204}}, "0.1": {"time": 0.3879659175872803, "reduction": 20.00907441016334, "validation": {"accuracy": 40.04083484573503}, "test": {"accuracy": 43.06122448979592}}, "0.2": {"time": 0.37811994552612305, "reduction": 24.90925589836661, "validation": {"accuracy": 37.34119782214156}, "test": {"accuracy": 35.30612244897959}}, "0.3": {"time": 0.36634182929992676, "reduction": 33.507259528130675, "validation": {"accuracy": 31.397459165154263}, "test": {"accuracy": 30.0}}, "0.4": {"time": 0.40038013458251953, "reduction": 44.75952813067151, "validation": {"accuracy": 30.195099818511796}, "test": {"accuracy": 29.795918367346943}}, "0.5": {"time": 0.3406379222869873, "reduction": 57.395644283121605, "validation": {"accuracy": 29.80943738656987}, "test": {"accuracy": 29.795918367346943}}, "0.6": {"time": 0.33104896545410156,