{"3": {"0.0": {"time": 0.0014858245849609375, "reduction": 46.18181818181818, "validation": {"accuracy": 71.63636363636363}, "test": {"accuracy": 70.96774193548387}}, "0.1": {"time": 0.0013282299041748047, "reduction": 48.36363636363637, "validation": {"accuracy": 71.27272727272728}, "test": {"accuracy": 70.96774193548387}}, "0.2": {"time": 0.0013070106506347656, "reduction": 50.90909090909091, "validation": {"accuracy": 71.27272727272728}, "test": {"accuracy": 70.96774193548387}}, "0.3": {"time": 0.0013737678527832031, "reduction": 58.54545454545455, "validation": {"accuracy": 68.36363636363636}, "test": {"accuracy": 58.06451612903226}}, "0.4": {"time": 0.0012447834014892578, "reduction": 68.36363636363636, "validation": {"accuracy": 66.54545454545455}, "test": {"accuracy": 58.06451612903226}}, "0.5": {"time": 0.0012276172637939453, "reduction": 77.45454545454545, "validation": {"accuracy": 62.909090909090914}, "test": {"accuracy": 58.06451612903226}}, "0.6": {"time": 0.0012149810791015625, "reduction": 84.0, "validation": {"accuracy": 60.36363636363637}, "test": {"accuracy": 58.06451612903226}}, "0.7": {"time": 0.0012180805206298828, "reduction": 89.0909090909091, "validation": {"accuracy": 61.09090909090909}, "test": {"accuracy": 61.29032258064516}}, "0.8": {"time": 0.0012018680572509766, "reduction": 93.81818181818183, "validation": {"accuracy": 61.81818181818181}, "test": {"accuracy": 58.06451612903226}}, "0.9": {"time": 0.00119781494140625, "reduction": 97.81818181818181, "validation": {"accuracy": 68.72727272727272}, "test": {"accuracy": 74.19354838709677}}, "1.0": {"time": 0.0012028217315673828, "reduction": 99.27272727272727, "validation": {"accuracy": 62.909090909090914}, "test": {"accuracy": 70.96774193548387}}}, "4": {"0.0": {"time": 0.0013918876647949219, "reduction": 48.0, "validation": {"accuracy": 67.63636363636364}, "test": {"accuracy": 77.41935483870968}}, "0.1": {"time": 0.001313924789428711, "reduction": 53.81818181818182, "validation": {"accuracy": 67.27272727272727}, "test": {"accuracy": 77.41935483870968}}, "0.2": {"time": 0.0012881755828857422, "reduction": 60.0, "validation": {"accuracy": 66.54545454545455}, "test": {"accuracy": 74.19354838709677}}, "0.3": {"time": 0.0012722015380859375, "reduction": 64.72727272727272, "validation": {"accuracy": 66.54545454545455}, "test": {"accuracy": 74.19354838709677}}, "0.4": {"time": 0.0016410350799560547, "reduction": 70.54545454545455, "validation": {"accuracy": 58.909090909090914}, "test": {"accuracy": 74.19354838709677}}, "0.5": {"time": 0.0014410018920898438, "reduction": 74.18181818181819, "validation": {"accuracy": 41.45454545454545}, "test": {"accuracy": 38.70967741935484}}, "0.6": {"time": 0.0015883445739746094, "reduction": 78.9090909090909, "validation": {"accuracy": 42.90909090909091}, "test": {"accuracy": 38.70967741935484}}, "0.7": {"time": 0.0013110637664794922, "reduction": 84.36363636363636, "validation": {"accuracy": 35.63636363636364}, "test": {"accuracy": 38.70967741935484}}, "0.8": {"time": 0.0012662410736083984, "reduction": 87.63636363636364, "validation": {"accuracy": 37.81818181818182}, "test": {"accuracy": 38.70967741935484}}, "0.9": {"time": 0.0012021064758300781, "reduction": 92.36363636363636, "validation": {"accuracy": 50.90909090909091}, "test": {"accuracy": 41.935483870967744}}, "1.0": {"time": 0.0012021064758300781, "reduction": 99.27272727272727, "validation": {"accuracy": 47.27272727272727}, "test": {"accuracy": 25.806451612903224}}}, "5": {"0.0": {"time": 0.0013451576232910156, "reduction": 43.27272727272727, "validation": {"accuracy": 71.63636363636363}, "test": {"accuracy": 74.19354838709677}}, "0.1": {"time": 0.0013246536254882812, "reduction": 47.63636363636363, "validation": {"accuracy": 70.54545454545455}, "test": {"accuracy": 74.19354838709677}}, "0.2": {"time": 0.0020530223846435547, "reduction": 53.090909090909086, "validation": {"accuracy": 69.81818181818183}, "test": {"accuracy": 74.19354838709677}}, "0.3": {"time": 0.0017609596252441406, "reduction": 61.81818181818181, "validation": {"accuracy": 69.81818181818183}, "test": {"accuracy": 77.41935483870968}}, "0.4": {"time": 0.0017390251159667969, "reduction": 67.27272727272727, "validation": {"accuracy": 69.0909090909091}, "test": {"accuracy": 77.41935483870968}}, "0.5": {"time": 0.0018157958984375, "reduction": 73.45454545454547, "validation": {"accuracy": 70.9090909090909}, "test": {"accuracy": 74.19354838709677}}, "0.6": {"time": 0.0020868778228759766, "reduction": 78.9090909090909, "validation": {"accuracy": 71.27272727272728}, "test": {"accuracy": 74.19354838709677}}, "0.7": {"time": 0.0017440319061279297, "reduction": 86.18181818181819, "validation": {"accuracy": 70.54545454545455}, "test": {"accuracy": 67.74193548387096}}, "0.8": {"time": 0.0019838809967041016, "reduction": 93.0909090909091, "validation": {"accuracy": 71.63636363636363}, "test": {"accuracy": 67.74193548387096}}, "0.9": {"time": 0.0016331672668457031, "reduction": 97.81818181818181, "validation": {"accuracy": 73.0909090909091}, "test": {"accuracy": 61.29032258064516}}, "1.0": {"time": 0.0017032623291015625, "reduction": 99.27272727272727, "validation": {"accuracy": 72.72727272727273}, "test": {"accuracy": 64.51612903225806}}}, "6": {"0.0": {"time": 0.001672983169555664, "reduction": 46.54545454545455, "validation": {"accuracy": 65.0909090909091}, "test": {"accuracy": 74.19354838709677}}, "0.1": {"time": 0.0016362667083740234, "reduction": 49.81818181818182, "validation": {"accuracy": 65.45454545454545}, "test": {"accuracy": 74.19354838709677}}, "0.2": {"time": 0.00179290771484375, "reduction": 53.45454545454545, "validation": {"accuracy": 65.81818181818181}, "test": {"accuracy": 74.19354838709677}}, "0.3": {"time": 0.002111196517944336, "reduction": 59.27272727272728, "validation": {"accuracy": 65.81818181818181}, "test": {"accuracy": 70.96774193548387}}, "0.4": {"time": 0.0018150806427001953, "reduction": 66.54545454545455, "validation": {"accuracy": 65.81818181818181}, "test": {"accuracy": 70.96774193548387}}, "0.5": {"time": 0.0014488697052001953, "reduction": 78.54545454545455, "validation": {"accuracy": 65.45454545454545}, "test": {"accuracy": 67.74193548387096}}, "0.6": {"time": 0.001338958740234375, "reduction": 83.63636363636364, "validation": {"accuracy": 67.27272727272727}, "test": {"accuracy": 74.19354838709677}}, "0.7": {"time": 0.002212047576904297, "reduction": 90.18181818181819, "validation": {"accuracy": 62.54545454545455}, "test": {"accuracy": 70.96774193548387}}, "0.8": {"time": 0.0013418197631835938, "reduction": 94.9090909090909, "validation": {"accuracy": 67.27272727272727}, "test": {"accuracy": 64.51612903225806}}, "0.9": {"time": 0.0015289783477783203, "reduction": 98.18181818181819, "validation": {"accuracy": 69.45454545454545}, "test": {"accuracy": 64.51612903225806}}, "1.0": {"time": 0.0017726421356201172, "reduction": 99.27272727272727, "validation": {"accuracy": 74.18181818181819}, "test": {"accuracy": 67.74193548387096}}}, "7": {"0.0": {"time": 0.0016810894012451172, "reduction": 43.11594202898551, "validation": {"accuracy": 63.76811594202898}, "test": {"accuracy": 76.66666666666667}}, "0.1": {"time": 0.0014913082122802734, "reduction": 46.014492753623195, "validation": {"accuracy": 63.76811594202898}, "test": {"accuracy": 76.66666666666667}}, "0.2": {"time": 0.0015571117401123047, "reduction": 51.08695652173913, "validation": {"accuracy": 55.434782608695656}, "test": {"accuracy": 73.33333333333333}}, "0.3": {"time": 0.0016448497772216797, "reduction": 59.42028985507246, "validation": {"accuracy": 55.072463768115945}, "test": {"accuracy": 66.66666666666666}}, "0.4": {"time": 0.0015840530395507812, "reduction": 65.94202898550725, "validation": {"accuracy": 56.52173913043478}, "test": {"accuracy": 70.0}}, "0.5": {"time": 0.0026450157165527344, "reduction": 73.91304347826086, "validation": {"accuracy": 56.15942028985508}, "test": {"accuracy": 60.0}}, "0.6": {"time": 0.0018508434295654297,