{"3": {"0.0": {"time": 0.1170649528503418, "reduction": 8.8023088023088, "validation": {"accuracy": 14.71861471861472}, "test": {"accuracy": 14.285714285714285}}, "0.1": {"time": 0.12001395225524902, "reduction": 10.293410293410298, "validation": {"accuracy": 14.71861471861472}, "test": {"accuracy": 14.285714285714285}}, "0.2": {"time": 0.11587929725646973, "reduction": 15.488215488215484, "validation": {"accuracy": 14.766714766714767}, "test": {"accuracy": 15.151515151515152}}, "0.3": {"time": 0.11380505561828613, "reduction": 23.665223665223667, "validation": {"accuracy": 14.766714766714767}, "test": {"accuracy": 15.151515151515152}}, "0.4": {"time": 0.10898280143737793, "reduction": 34.00673400673401, "validation": {"accuracy": 15.103415103415102}, "test": {"accuracy": 15.584415584415584}}, "0.5": {"time": 0.10731911659240723, "reduction": 49.25444925444925, "validation": {"accuracy": 15.392015392015393}, "test": {"accuracy": 16.017316017316016}}, "0.6": {"time": 0.10462594032287598, "reduction": 66.32996632996633, "validation": {"accuracy": 15.776815776815777}, "test": {"accuracy": 15.584415584415584}}, "0.7": {"time": 0.10378289222717285, "reduction": 80.61568061568062, "validation": {"accuracy": 16.113516113516113}, "test": {"accuracy": 15.584415584415584}}, "0.8": {"time": 0.10412192344665527, "reduction": 92.40019240019241, "validation": {"accuracy": 16.450216450216452}, "test": {"accuracy": 14.71861471861472}}, "0.9": {"time": 0.10515618324279785, "reduction": 97.73929773929774, "validation": {"accuracy": 13.949013949013949}, "test": {"accuracy": 17.316017316017316}}, "1.0": {"time": 0.10296177864074707, "reduction": 99.66329966329967, "validation": {"accuracy": 13.660413660413662}, "test": {"accuracy": 16.450216450216452}}}, "4": {"0.0": {"time": 0.11877799034118652, "reduction": 9.571909571909575, "validation": {"accuracy": 15.199615199615199}, "test": {"accuracy": 13.41991341991342}}, "0.1": {"time": 0.12071704864501953, "reduction": 11.688311688311693, "validation": {"accuracy": 15.055315055315056}, "test": {"accuracy": 13.852813852813853}}, "0.2": {"time": 0.12344694137573242, "reduction": 15.873015873015872, "validation": {"accuracy": 15.151515151515152}, "test": {"accuracy": 13.852813852813853}}, "0.3": {"time": 0.1138761043548584, "reduction": 23.28042328042328, "validation": {"accuracy": 15.247715247715249}, "test": {"accuracy": 13.852813852813853}}, "0.4": {"time": 0.1425340175628662, "reduction": 32.94853294853295, "validation": {"accuracy": 15.151515151515152}, "test": {"accuracy": 13.852813852813853}}, "0.5": {"time": 0.1377878189086914, "reduction": 49.63924963924964, "validation": {"accuracy": 15.488215488215488}, "test": {"accuracy": 18.181818181818183}}, "0.6": {"time": 0.12797093391418457, "reduction": 65.51226551226551, "validation": {"accuracy": 15.247715247715249}, "test": {"accuracy": 16.883116883116884}}, "0.7": {"time": 0.14241290092468262, "reduction": 80.13468013468014, "validation": {"accuracy": 15.584415584415584}, "test": {"accuracy": 14.285714285714285}}, "0.8": {"time": 0.11816191673278809, "reduction": 91.29389129389129, "validation": {"accuracy": 15.584415584415584}, "test": {"accuracy": 16.017316017316016}}, "0.9": {"time": 0.12323713302612305, "reduction": 97.3063973063973, "validation": {"accuracy": 14.959114959114958}, "test": {"accuracy": 13.41991341991342}}, "1.0": {"time": 0.15343618392944336, "reduction": 99.66329966329967, "validation": {"accuracy": 17.17171717171717}, "test": {"accuracy": 14.71861471861472}}}, "5": {"0.0": {"time": 0.23150181770324707, "reduction": 9.090909090909093, "validation": {"accuracy": 16.20971620971621}, "test": {"accuracy": 16.017316017316016}}, "0.1": {"time": 0.13203215599060059, "reduction": 11.111111111111116, "validation": {"accuracy": 16.20971620971621}, "test": {"accuracy": 16.017316017316016}}, "0.2": {"time": 0.13019323348999023, "reduction": 15.680615680615684, "validation": {"accuracy": 16.4983164983165}, "test": {"accuracy": 16.017316017316016}}, "0.3": {"time": 0.1258220672607422, "reduction": 25.685425685425688, "validation": {"accuracy": 16.354016354016355}, "test": {"accuracy": 16.450216450216452}}, "0.4": {"time": 0.12277603149414062, "reduction": 37.085137085137085, "validation": {"accuracy": 16.786916786916787}, "test": {"accuracy": 17.316017316017316}}, "0.5": {"time": 0.12028789520263672, "reduction": 52.33285233285233, "validation": {"accuracy": 16.786916786916787}, "test": {"accuracy": 18.181818181818183}}, "0.6": {"time": 0.1120140552520752, "reduction": 68.15776815776815, "validation": {"accuracy": 16.257816257816256}, "test": {"accuracy": 14.71861471861472}}, "0.7": {"time": 0.10717201232910156, "reduction": 81.4814814814815, "validation": {"accuracy": 17.26791726791727}, "test": {"accuracy": 14.285714285714285}}, "0.8": {"time": 0.1032257080078125, "reduction": 92.15969215969217, "validation": {"accuracy": 16.93121693121693}, "test": {"accuracy": 13.41991341991342}}, "0.9": {"time": 0.10277819633483887, "reduction": 97.73929773929774, "validation": {"accuracy": 15.151515151515152}, "test": {"accuracy": 15.584415584415584}}, "1.0": {"time": 0.10380697250366211, "reduction": 99.66329966329967, "validation": {"accuracy": 14.333814333814335}, "test": {"accuracy": 14.71861471861472}}}, "6": {"0.0": {"time": 0.11966085433959961, "reduction": 9.042809042809042, "validation": {"accuracy": 15.055315055315056}, "test": {"accuracy": 17.316017316017316}}, "0.1": {"time": 0.12274575233459473, "reduction": 10.582010582010582, "validation": {"accuracy": 15.055315055315056}, "test": {"accuracy": 17.316017316017316}}, "0.2": {"time": 0.1191868782043457, "reduction": 14.47811447811448, "validation": {"accuracy": 15.103415103415102}, "test": {"accuracy": 17.74891774891775}}, "0.3": {"time": 0.11450791358947754, "reduction": 20.779220779220775, "validation": {"accuracy": 15.343915343915343}, "test": {"accuracy": 17.74891774891775}}, "0.4": {"time": 0.11559796333312988, "reduction": 31.072631072631076, "validation": {"accuracy": 15.776815776815777}, "test": {"accuracy": 17.74891774891775}}, "0.5": {"time": 0.11176204681396484, "reduction": 44.973544973544975, "validation": {"accuracy": 16.354016354016355}, "test": {"accuracy": 17.316017316017316}}, "0.6": {"time": 0.10869407653808594, "reduction": 62.914862914862915, "validation": {"accuracy": 16.450216450216452}, "test": {"accuracy": 17.74891774891775}}, "0.7": {"time": 0.11704516410827637, "reduction": 79.8941798941799, "validation": {"accuracy": 16.017316017316016}, "test": {"accuracy": 17.316017316017316}}, "0.8": {"time": 0.11291384696960449, "reduction": 91.72679172679172, "validation": {"accuracy": 16.113516113516113}, "test": {"accuracy": 19.047619047619047}}, "0.9": {"time": 0.1065371036529541, "reduction": 97.54689754689755, "validation": {"accuracy": 15.63251563251563}, "test": {"accuracy": 16.883116883116884}}, "1.0": {"time": 0.11765789985656738, "reduction": 99.66329966329967, "validation": {"accuracy": 14.43001443001443}, "test": {"accuracy": 12.987012987012985}}}, "7": {"0.0": {"time": 0.13005304336547852, "reduction": 9.764309764309765, "validation": {"accuracy": 15.584415584415584}, "test": {"accuracy": 12.554112554112553}}, "0.1": {"time": 0.12016892433166504, "reduction": 11.399711399711398, "validation": {"accuracy": 15.584415584415584}, "test": {"accuracy": 12.554112554112553}}, "0.2": {"time": 0.12093305587768555, "reduction": 16.113516113516113, "validation": {"accuracy": 15.536315536315538}, "test": {"accuracy": 13.41991341991342}}, "0.3": {"time": 0.12360501289367676, "reduction": 25.44492544492545, "validation": {"accuracy": 15.68061568061568}, "test": {"accuracy": 12.987012987012985}}, "0.4": {"time": 0.11423492431640625, "reduction": 36.844636844636845, "validation": {"accuracy": 15.776815776815777}, "test": {"accuracy": 12.987012987012985}}, "0.5": {"time": 0.1121978759765625, "reduction": 50.6974506974507, "validation": {"accuracy": 15.873015873015872},